date,time_of_purchase,customer_name,phone_number,age,order_type,item_bought,is_combo,quantity,item_price_total,coupon_code,coupon_used,discount_amount,final_amount,payment_method,rating,review
2026-02-01,19:52,Kavya Raj,+91 7799371240,,Walk-in,Chicken Leg (2 pc),No,1,130,karur_kalam,No,0,130,GPay,5,
2026-02-01,20:31,Nithya Babu,+91 9120826773,33,Phone Call,Chicken Wings (5 pc),No,1,130,karur_kalam,No,0,130,GPay,,"Wings semma crispy ah irundhuchu, thanks anna"
2026-02-01,18:49,Kumar S,+91 8467854458,46,Walk-in,Chicken Wings (5 pc),No,1,130,karur_kalam,No,0,130,Card,3,
2026-02-01,21:26,Ravi K,+91 7054932966,47,Phone Call,Chicken Wings (5 pc),No,2,260,karur_kalam,No,0,260,PhonePe,5,"Chicken leg romba soft ah vekachu irundhuchu, super"
2026-02-01,20:37,Meena Prasad,+91 6902294131,50,Walk-in,Chicken Leg (2 pc),No,1,130,karur_kalam,No,0,130,GPay,5,Very tasty and quick service too
2026-02-01,20:36,Kavya K,+91 6135290965,42,Walk-in,Chicken Leg (2 pc),No,1,130,karur_kalam,Yes,13,117,GPay,3,"Average, expected more spice"
2026-02-01,19:58,,+91 8843443757,37,Phone Call,Chicken Lollipop (4 pc),No,1,130,karur_kalam,No,0,130,GPay,4,"Great value for money, fresh and hot"
2026-02-01,20:43,Anitha Raj,+91 8738757177,35,Walk-in,Chicken Wings (5 pc),No,1,130,karur_kalam,Yes,13,117,PhonePe,2,
2026-02-01,18:42,Muthu Babu,+91 6455623869,58,Phone Call,Chicken Wings (5 pc),No,1,130,karur_kalam,No,0,130,PhonePe,,"Best chicken lollipop I've had, will come again"
2026-02-01,21:51,Suresh K,+91 6531003309,24,Phone Call,Chicken Leg (2 pc),No,1,130,karur_kalam,No,0,130,GPay,4,
2026-02-01,22:20,,+91 8965137098,35,Phone Call,Chicken Wings (5 pc),No,1,130,karur_kalam,No,0,130,GPay,,"Vera level taste, oru sight ah irundhuchu"
2026-02-01,19:39,Rajesh Kumar,+91 8339421047,17,Phone Call,Chicken Leg (2 pc),No,1,130,karur_kalam,No,0,130,PhonePe,4,
2026-02-01,20:36,Dinesh K,+91 9498941343,38,Walk-in,Chicken Wings (5 pc),No,1,130,karur_kalam,No,0,130,Cash,3,"It was fine, nothing special"
2026-02-01,18:20,Nithya Babu,+91 9120826773,33,Phone Call,Chicken Leg (2 pc),No,1,130,karur_kalam,No,0,130,GPay,5,"Nalla crispy ah irundhuchu, quantity um super"
2026-02-01,20:10,Aishwarya,+91 7688767677,25,Walk-in,Chicken Lollipop (4 pc),No,2,260,karur_kalam,Yes,26,234,Cash,2,"Too salty, not up to the mark today"
2026-02-01,21:28,Deepa S,+91 6112805982,,Phone Call,Chicken Leg (2 pc),No,1,130,karur_kalam,No,0,130,PhonePe,,
2026-02-01,19:52,Dinesh M,+91 7614293968,36,Phone Call,Chicken Wings (5 pc),No,2,260,karur_kalam,No,0,260,GPay,4,"Chicken leg romba soft ah vekachu irundhuchu, super"
2026-02-01,20:27,Abdul Kareem S,+91 9008484086,26,Phone Call,Chicken Lollipop (4 pc),No,2,260,karur_kalam,No,0,260,PhonePe,,"Ultimate taste anna, naa daily varen"
2026-02-01,22:50,Selvam M,+91 8849825449,,Walk-in,Chicken Wings (5 pc),No,1,130,karur_kalam,No,0,130,Cash,4,"Amazing bbq stall, must try in this area"
2026-02-01,19:47,Bala K,+91 7325367294,55,Walk-in,Chicken Lollipop (4 pc),No,2,260,karur_kalam,No,0,260,PhonePe,,"Freshly grilled and juicy, highly recommend"
2026-02-01,20:44,Sivakumar,+91 7856543102,46,Walk-in,Chicken Leg (2 pc),No,1,130,karur_kalam,Yes,13,117,Card,5,"Kalakalappa irundhuchu, next time friends oda varen"
2026-02-01,20:36,Vignesh Raj,+91 6244550229,57,Phone Call,Chicken Lollipop (4 pc),No,1,130,karur_kalam,No,0,130,GPay,4,"Great value for money, fresh and hot"
2026-02-01,18:23,Muthu,+91 9012770632,56,Walk-in,Chicken Leg (2 pc),No,2,260,karur_kalam,No,0,260,GPay,5,
2026-02-01,18:04,Prakash Prasad,+91 8687833918,43,Walk-in,Chicken Wings (5 pc),No,1,130,karur_kalam,No,0,130,Cash,,"Freshly grilled and juicy, highly recommend"
2026-02-01,17:24,Ayesha Raj,+91 6265423511,39,Phone Call,Chicken Wings (5 pc),No,1,130,karur_kalam,No,0,130,Cash,,
2026-02-01,20:04,Karthik S,+91 9131712748,,Phone Call,Chicken Wings (5 pc),No,1,130,karur_kalam,Yes,13,117,PhonePe,,Very tasty and quick service too
2026-02-01,19:13,Rajesh Kumar,+91 8339421047,17,Phone Call,Chicken Wings (5 pc),No,1,130,karur_kalam,No,0,130,PhonePe,5,"Nalla crispy ah irundhuchu, quantity um super"
2026-02-01,20:15,Swathi K,+91 8191088398,24,Phone Call,Chicken Wings (5 pc),No,1,130,karur_kalam,No,0,130,GPay,5,"Great value for money, fresh and hot"
2026-02-01,17:23,Yazhini Raj,+91 7898364037,39,Walk-in,Chicken Leg (2 pc),No,1,130,karur_kalam,Yes,13,117,Paytm,4,"Ultimate taste anna, naa daily varen"
2026-02-01,19:44,,+91 7710910430,18,Walk-in,Chicken Lollipop (4 pc),No,1,130,karur_kalam,No,0,130,GPay,4,"Vera level taste, oru sight ah irundhuchu"
2026-02-01,18:20,Harish Kumar,+91 9214895134,29,Phone Call,Chicken Lollipop (4 pc),No,1,130,karur_kalam,No,0,130,Paytm,4,"Excellent flavour, family panindhalum enjoy pannanga"
2026-02-01,20:19,Gopal R,+91 7655110475,32,Phone Call,Chicken Lollipop (4 pc),No,1,130,karur_kalam,No,0,130,GPay,4,"Amazing bbq stall, must try in this area"
2026-02-01,21:36,Vignesh,+91 7758842524,22,Walk-in,Chicken Wings (5 pc),No,1,130,karur_kalam,No,0,130,Cash,2,"Not fresh today, taste changed"
2026-02-01,22:43,Dinesh S,+91 7465787133,,Walk-in,Chicken Wings (5 pc),No,1,130,karur_kalam,No,0,130,PhonePe,4,
2026-02-01,18:59,Vidya,+91 6489325288,15,Phone Call,Chicken Wings (5 pc),No,1,130,karur_kalam,No,0,130,GPay,,
2026-02-01,22:11,Naveen,+91 9841459332,45,Walk-in,Chicken Lollipop (4 pc),No,1,130,karur_kalam,No,0,130,GPay,5,
2026-02-01,18:36,Joseph Prasad,+91 6756551256,59,Phone Call,Chicken Lollipop (4 pc),No,1,130,karur_kalam,No,0,130,Cash,4,"Super spicy and juicy, best bbq in area"
2026-02-01,18:00,Iniya K,+91 9291486528,20,Phone Call,Chicken Lollipop (4 pc),No,1,130,karur_kalam,No,0,130,PhonePe,5,"Kalakalappa irundhuchu, next time friends oda varen"
2026-02-01,21:46,Rajesh M,+91 9504773586,42,Walk-in,Chicken Lollipop (4 pc),No,1,130,karur_kalam,No,0,130,GPay,2,
2026-02-01,20:27,Nithya Prasad,+91 6241038657,20,Walk-in,Chicken Lollipop (4 pc),No,1,130,karur_kalam,No,0,130,Cash,4,"Freshly grilled and juicy, highly recommend"
2026-02-01,19:04,Divya Kumar,+91 9057662702,47,Phone Call,Chicken Wings (5 pc),No,1,130,karur_kalam,No,0,130,GPay,4,"Chicken leg romba soft ah vekachu irundhuchu, super"
2026-02-01,18:19,Selvam S,+91 7172788957,54,Phone Call,Chicken Lollipop (4 pc),No,1,130,karur_kalam,No,0,130,Paytm,4,"Super spicy and juicy, best bbq in area"
2026-02-01,21:09,,+91 7875099770,15,Phone Call,Chicken Leg (2 pc),No,2,260,karur_kalam,No,0,260,GPay,5,"Kalakalappa irundhuchu, next time friends oda varen"
2026-02-01,20:35,Karthik S,+91 9131712748,60,Phone Call,Chicken Lollipop (4 pc),No,1,130,karur_kalam,No,0,130,PhonePe,5,
2026-02-01,19:40,Arun Babu,+91 8940781618,33,Walk-in,Chicken Lollipop (4 pc),No,1,130,karur_kalam,Yes,13,117,PhonePe,5,
2026-02-01,18:13,Suresh,+91 7721510702,51,Walk-in,Chicken Leg (2 pc),No,1,130,karur_kalam,No,0,130,GPay,5,
2026-02-01,21:50,Muthu M,+91 7476870146,23,Walk-in,Chicken Lollipop (4 pc),No,1,130,karur_kalam,No,0,130,GPay,5,
2026-02-01,18:20,Divya Prasad,+91 6654051531,52,Phone Call,Chicken Lollipop (4 pc),No,1,130,karur_kalam,No,0,130,GPay,4,
2026-02-01,18:15,Abdul Kareem S,+91 9008484086,26,Phone Call,Chicken Leg (2 pc),No,1,130,karur_kalam,No,0,130,GPay,4,Very tasty and quick service too
2026-02-01,21:51,Selvam Kumar,+91 9522395590,,Walk-in,Chicken Leg (2 pc),No,1,130,karur_kalam,No,0,130,Paytm,5,
2026-02-01,20:51,Dinesh S,+91 7465787133,,Phone Call,Chicken Leg (2 pc),No,1,130,karur_kalam,No,0,130,GPay,3,
2026-02-01,19:40,Priya,+91 6292185156,52,Phone Call,Chicken Lollipop (4 pc),No,1,130,karur_kalam,Yes,13,117,PhonePe,,
2026-02-01,20:58,Vignesh M,+91 8392644220,59,Phone Call,Chicken Leg (2 pc),No,1,130,karur_kalam,No,0,130,Cash,4,Very tasty and quick service too
2026-02-02,17:45,Manoj,+91 9567661825,22,Walk-in,Chicken Wings (5 pc),No,2,260,karur_kalam,Yes,26,234,Paytm,,"Great value for money, fresh and hot"
2026-02-02,19:46,Karthik M,+91 8777520471,,Walk-in,Chicken Leg (2 pc),No,1,130,karur_kalam,No,0,130,Cash,4,Very tasty and quick service too
2026-02-02,20:43,Mary Devi,+91 8053773515,,Phone Call,Chicken Lollipop (4 pc),No,2,260,karur_kalam,No,0,260,PhonePe,4,
2026-02-02,20:01,Muthu Raj,+91 6541152621,50,Walk-in,Chicken Wings (5 pc),No,1,130,karur_kalam,No,0,130,GPay,5,"Great value for money, fresh and hot"
2026-02-02,22:34,Elango Prasad,+91 6822782489,,Phone Call,Chicken Lollipop (4 pc),No,1,130,karur_kalam,Yes,13,117,GPay,,
2026-02-02,17:52,,+91 8024026811,45,Walk-in,Chicken Leg (2 pc),No,1,130,karur_kalam,No,0,130,Cash,5,
2026-02-02,19:31,Elango S,+91 9872774348,46,Phone Call,Chicken Leg (2 pc),No,1,130,karur_kalam,No,0,130,GPay,5,"Loved the combo, perfect spice level"
2026-02-02,19:14,Abdul Kareem K,+91 7734670656,25,Phone Call,Chicken Leg (2 pc),No,1,130,karur_kalam,No,0,130,GPay,4,"Nalla crispy ah irundhuchu, quantity um super"
2026-02-02,17:57,Arun,+91 8869380686,,Walk-in,Chicken Lollipop (4 pc),No,1,130,karur_kalam,No,0,130,GPay,,"Ultimate taste anna, naa daily varen"
2026-02-02,18:58,Farhan R,+91 7172233206,20,Walk-in,Chicken Wings (5 pc),No,1,130,karur_kalam,No,0,130,PhonePe,4,"Chicken leg romba soft ah vekachu irundhuchu, super"
2026-02-02,21:37,Pradeep Prasad,+91 6430305486,,Phone Call,Chicken Wings (5 pc),No,1,130,karur_kalam,No,0,130,Cash,4,"Loved the combo, perfect spice level"
2026-02-02,18:18,Pradeep Devi,+91 7757059640,19,Phone Call,Chicken Leg (2 pc),No,1,130,karur_kalam,No,0,130,GPay,,
2026-02-02,20:43,Swathi Prasad,+91 7982595269,34,Walk-in,Chicken Leg (2 pc),No,2,260,karur_kalam,No,0,260,Cash,4,"Semma taste bro, chicken romba soft ah irundhuchu"
2026-02-02,21:49,Lakshmi K,+91 7074505444,46,Walk-in,Chicken Leg (2 pc),No,1,130,karur_kalam,No,0,130,Cash,5,
2026-02-02,20:23,Swathi,+91 6812191361,51,Phone Call,Chicken Leg (2 pc),No,1,130,karur_kalam,No,0,130,GPay,3,Quantity konjam kammiya irundhuchu but taste okay
2026-02-02,18:01,Meena,+91 6233030705,60,Walk-in,Chicken Wings (5 pc),No,1,130,karur_kalam,No,0,130,GPay,4,
2026-02-02,21:05,Anitha S,+91 6477005411,54,Phone Call,Chicken Lollipop (4 pc),No,1,130,karur_kalam,No,0,130,GPay,4,"Nalla crispy ah irundhuchu, quantity um super"
2026-02-02,19:26,Yazhini R,+91 9582029702,19,Phone Call,Chicken Lollipop (4 pc),No,1,130,karur_kalam,No,0,130,PhonePe,3,"Average, expected more spice"
2026-02-02,20:52,Harish,+91 9229034944,42,Walk-in,Chicken Wings (5 pc),No,2,260,karur_kalam,No,0,260,GPay,5,"Loved the combo, perfect spice level"
2026-02-02,19:06,,+91 6974993097,25,Phone Call,Chicken Leg (2 pc),No,1,130,karur_kalam,No,0,130,PhonePe,5,
2026-02-02,18:33,Mary,+91 7431611724,16,Phone Call,Chicken Lollipop (4 pc),No,1,130,karur_kalam,No,0,130,PhonePe,,
2026-02-02,20:40,John Devi,+91 8207446660,52,Walk-in,Chicken Wings (5 pc),No,1,130,karur_kalam,No,0,130,PhonePe,4,
2026-02-02,19:37,Yazhini S,+91 7417248251,29,Walk-in,Chicken Leg (2 pc),No,1,130,karur_kalam,No,0,130,Paytm,5,"Vera level taste, oru sight ah irundhuchu"
2026-02-02,18:43,Suresh,+91 9873395004,46,Phone Call,Chicken Leg (2 pc),No,2,260,karur_kalam,No,0,260,Cash,5,"Super spicy and juicy, best bbq in area"
2026-02-02,18:49,Prakash,+91 7569725217,36,Walk-in,Chicken Leg (2 pc),No,1,130,karur_kalam,No,0,130,GPay,3,"It was fine, nothing special"
2026-02-02,20:40,Vijay,+91 9666760083,38,Walk-in,Chicken Wings (5 pc),No,1,130,karur_kalam,No,0,130,Cash,5,
2026-02-02,18:57,Naveen,+91 6689421044,44,Walk-in,Chicken Wings (5 pc),No,1,130,karur_kalam,No,0,130,GPay,4,"Great value for money, fresh and hot"
2026-02-02,17:32,Abdul Kareem S,+91 9008484086,,Phone Call,Chicken Leg (2 pc),No,1,130,karur_kalam,No,0,130,GPay,,
2026-02-02,20:40,Muthu Devi,+91 8890901001,41,Walk-in,Chicken Wings (5 pc),No,1,130,karur_kalam,No,0,130,,3,
2026-02-02,20:39,Vijay Kumar,+91 9506068536,20,Phone Call,Chicken Lollipop (4 pc),No,1,130,karur_kalam,No,0,130,Paytm,4,"Nalla crispy ah irundhuchu, quantity um super"
2026-02-02,21:18,Suresh K,+91 6531003309,24,Phone Call,Chicken Lollipop (4 pc),No,1,130,karur_kalam,No,0,130,GPay,5,"Chicken leg romba soft ah vekachu irundhuchu, super"
2026-02-02,22:18,Vignesh Prasad,+91 8300119721,47,Walk-in,Chicken Wings (5 pc),No,1,130,karur_kalam,Yes,13,117,Cash,,
2026-02-02,21:11,Muthu Raj,+91 8561100225,37,Walk-in,Chicken Leg (2 pc),No,1,130,karur_kalam,No,0,130,Cash,5,
2026-02-02,18:08,Divya K,+91 7185016315,,Phone Call,Chicken Lollipop (4 pc),No,1,130,karur_kalam,No,0,130,Paytm,,Very tasty and quick service too
2026-02-02,20:00,Arun Devi,+91 9972965902,45,Walk-in,Chicken Wings (5 pc),No,2,260,karur_kalam,No,0,260,Cash,3,
2026-02-02,18:48,Lakshmi S,+91 6637562890,,Walk-in,Chicken Wings (5 pc),No,2,260,karur_kalam,No,0,260,GPay,,Quantity konjam kammiya irundhuchu but taste okay
2026-02-02,17:25,Selvam S,+91 7866317797,20,Phone Call,Chicken Leg (2 pc),No,1,130,karur_kalam,No,0,130,PhonePe,4,"Super spicy and juicy, best bbq in area"
2026-02-02,18:42,Kumar M,+91 6916998543,57,Walk-in,Chicken Lollipop (4 pc),No,1,130,karur_kalam,No,0,130,GPay,5,"Freshly grilled and juicy, highly recommend"
2026-02-02,20:45,Dinesh Babu,+91 8549480831,30,Phone Call,Chicken Leg (2 pc),No,1,130,karur_kalam,No,0,130,GPay,4,
2026-02-02,22:25,Karthik Babu,+91 8488510272,60,Walk-in,Chicken Lollipop (4 pc),No,1,130,karur_kalam,No,0,130,Cash,4,
2026-02-02,18:57,Kalaivani R,+91 8740748217,37,Phone Call,Chicken Lollipop (4 pc),No,1,130,karur_kalam,Yes,13,117,PhonePe,4,"Amazing bbq stall, must try in this area"
2026-02-02,19:56,Bala Prasad,+91 6808697829,,Walk-in,Chicken Leg (2 pc),No,1,130,karur_kalam,No,0,130,GPay,3,"Decent taste, price sari than"
2026-02-02,20:12,Sivakumar Kumar,+91 8654722698,34,Walk-in,Chicken Leg (2 pc),No,2,260,karur_kalam,No,0,260,Paytm,4,
2026-02-02,21:51,Bala K,+91 7885158799,57,Walk-in,Chicken Lollipop (4 pc),No,1,130,karur_kalam,No,0,130,Cash,5,
2026-02-02,18:53,Prakash Devi,+91 7689702838,35,Walk-in,Chicken Wings (5 pc),No,1,130,karur_kalam,Yes,13,117,,4,
2026-02-02,18:41,,+91 7474517123,58,Phone Call,Chicken Lollipop (4 pc),No,1,130,karur_kalam,No,0,130,GPay,3,Quantity konjam kammiya irundhuchu but taste okay
2026-02-02,21:41,Vignesh Raj,+91 6666580043,54,Walk-in,Chicken Leg (2 pc),No,1,130,karur_kalam,No,0,130,Paytm,5,"Loved the combo, perfect spice level"
2026-02-02,21:09,,+91 7122816064,50,Walk-in,Chicken Lollipop (4 pc),No,1,130,karur_kalam,No,0,130,Cash,3,Quantity konjam kammiya irundhuchu but taste okay
2026-02-02,20:04,Nithya S,+91 7634351751,,Walk-in,Chicken Wings (5 pc),No,2,260,karur_kalam,No,0,260,PhonePe,4,"Freshly grilled and juicy, highly recommend"
2026-02-02,20:48,Swathi,+91 7688615335,36,Walk-in,Chicken Leg (2 pc),No,1,130,karur_kalam,No,0,130,GPay,,Quantity konjam kammiya irundhuchu but taste okay
2026-02-02,22:07,Muthu Devi,+91 6983584168,43,Phone Call,Chicken Leg (2 pc),No,1,130,karur_kalam,No,0,130,GPay,5,"Semma taste bro, chicken romba soft ah irundhuchu"
2026-02-02,19:41,Sowmya Babu,+91 6814124782,,Phone Call,Chicken Leg (2 pc),No,1,130,karur_kalam,No,0,130,GPay,4,
2026-02-02,18:16,Gowtham S,+91 6133613861,58,Walk-in,Chicken Lollipop (4 pc),No,1,130,karur_kalam,No,0,130,Cash,4,
2026-02-02,20:41,Rajesh,+91 6422842102,15,Walk-in,Chicken Leg (2 pc),No,1,130,karur_kalam,No,0,130,GPay,4,
2026-02-02,20:40,Ramesh Babu,+91 6449147660,45,Walk-in,Chicken Leg (2 pc),No,1,130,karur_kalam,No,0,130,PhonePe,3,"It was fine, nothing special"
2026-02-02,21:13,Gopal K,+91 8088210099,,Walk-in,Chicken Lollipop (4 pc),No,1,130,karur_kalam,No,0,130,PhonePe,5,"Vera level taste, oru sight ah irundhuchu"
2026-02-02,21:59,Divya K,+91 7185016315,53,Phone Call,Chicken Lollipop (4 pc),No,1,130,karur_kalam,No,0,130,PhonePe,3,"It was fine, nothing special"
2026-02-02,19:42,Prakash Devi,+91 7689702838,35,Phone Call,Chicken Leg (2 pc),No,1,130,karur_kalam,Yes,13,117,Paytm,,
2026-02-02,19:53,Priya Prasad,+91 9594929955,42,Walk-in,Chicken Leg (2 pc),No,1,130,karur_kalam,No,0,130,PhonePe,4,
2026-02-03,21:54,Vidya Raj,+91 7474517123,58,Walk-in,Chicken Lollipop (4 pc),No,2,260,karur_kalam,No,0,260,GPay,4,
2026-02-03,19:14,Ramesh K,+91 6080996930,50,Walk-in,Chicken Wings (5 pc),No,1,130,karur_kalam,No,0,130,PhonePe,,"Excellent flavour, family panindhalum enjoy pannanga"
2026-02-03,22:43,Kumar M,+91 6916998543,57,Walk-in,Chicken Leg (2 pc),No,1,130,karur_kalam,No,0,130,Card,4,
2026-02-03,17:48,Deepa M,+91 7845115447,53,Phone Call,Chicken Wings (5 pc),No,1,130,karur_kalam,No,0,130,Paytm,5,
2026-02-03,19:02,Karthik R,+91 6845146270,31,Walk-in,Chicken Lollipop (4 pc),No,1,130,karur_kalam,No,0,130,GPay,4,Very tasty and quick service too
2026-02-03,21:31,Joseph Raj,+91 8989266591,48,Walk-in,Chicken Lollipop (4 pc),No,1,130,karur_kalam,No,0,130,Cash,5,
2026-02-03,19:45,Selvam S,+91 7172788957,54,Walk-in,Chicken Lollipop (4 pc),No,1,130,karur_kalam,No,0,130,Cash,4,"Vera level taste, oru sight ah irundhuchu"
2026-02-03,19:15,Deepa S,+91 6112805982,42,Phone Call,Chicken Wings (5 pc),No,1,130,karur_kalam,No,0,130,PhonePe,4,
2026-02-03,18:25,Kumar,+91 8953278774,46,Walk-in,Chicken Wings (5 pc),No,1,130,karur_kalam,No,0,130,Cash,5,"Nalla crispy ah irundhuchu, quantity um super"
2026-02-03,20:59,Dhanush,+91 7797723692,52,Walk-in,Chicken Wings (5 pc),No,2,260,karur_kalam,No,0,260,Cash,3,"It was fine, nothing special"
2026-02-03,18:06,Murugan S,+91 7449353487,31,Phone Call,Chicken Lollipop (4 pc),No,1,130,karur_kalam,Yes,13,117,GPay,,"Amazing bbq stall, must try in this area"
2026-02-03,20:52,Sowmya Kumar,+91 8403317393,40,Phone Call,Chicken Lollipop (4 pc),No,2,260,karur_kalam,No,0,260,,5,"Super spicy and juicy, best bbq in area"
2026-02-03,19:51,Vidya,+91 6489325288,15,Phone Call,Chicken Lollipop (4 pc),No,1,130,karur_kalam,No,0,130,PhonePe,,Very tasty and quick service too
2026-02-03,18:00,Joseph R,+91 9870568566,24,Phone Call,Chicken Wings (5 pc),No,1,130,karur_kalam,No,0,130,GPay,5,"Vera level taste, oru sight ah irundhuchu"
2026-02-03,18:41,Suresh,+91 7389083863,43,Walk-in,Chicken Wings (5 pc),No,1,130,karur_kalam,No,0,130,Cash,3,Quantity konjam kammiya irundhuchu but taste okay
2026-02-03,20:35,Deepa M,+91 7845115447,53,Walk-in,Chicken Leg (2 pc),No,1,130,karur_kalam,No,0,130,Cash,4,"Freshly grilled and juicy, highly recommend"
2026-02-03,21:42,,+91 6902294131,50,Phone Call,Chicken Lollipop (4 pc),No,1,130,karur_kalam,No,0,130,PhonePe,4,
2026-02-03,18:05,Gowtham,+91 7865890260,20,Walk-in,Chicken Wings (5 pc),No,1,130,karur_kalam,No,0,130,Cash,4,"Ultimate taste anna, naa daily varen"
2026-02-03,20:23,Meena M,+91 8902770384,27,Walk-in,Chicken Wings (5 pc),No,1,130,karur_kalam,Yes,13,117,GPay,4,
2026-02-03,17:45,Vijay M,+91 6659401399,16,Phone Call,Chicken Wings (5 pc),No,2,260,karur_kalam,No,0,260,GPay,4,"Wings semma crispy ah irundhuchu, thanks anna"
2026-02-03,22:51,Fathima M,+91 8543937690,31,Walk-in,Chicken Wings (5 pc),No,1,130,karur_kalam,No,0,130,Cash,4,"Excellent flavour, family panindhalum enjoy pannanga"
2026-02-03,21:51,Farhan Raj,+91 9697357790,45,Walk-in,Chicken Leg (2 pc),No,2,260,karur_kalam,Yes,26,234,Cash,3,"It was fine, nothing special"
2026-02-03,21:04,Ayesha Raj,+91 6265423511,39,Walk-in,Chicken Leg (2 pc),No,2,260,karur_kalam,No,0,260,GPay,4,
2026-02-03,21:15,Yazhini R,+91 9582029702,19,Phone Call,Chicken Wings (5 pc),No,1,130,karur_kalam,No,0,130,Cash,5,"Freshly grilled and juicy, highly recommend"
2026-02-03,22:43,Kumar,+91 9193745299,60,Walk-in,Chicken Wings (5 pc),No,2,260,karur_kalam,No,0,260,Cash,,
2026-02-03,19:34,Abdul Kareem,+91 9595794728,32,Walk-in,Chicken Leg (2 pc),No,1,130,karur_kalam,No,0,130,PhonePe,5,"Nalla crispy ah irundhuchu, quantity um super"
2026-02-03,19:39,Manoj Prasad,+91 6875003691,35,Walk-in,Chicken Lollipop (4 pc),No,1,130,karur_kalam,No,0,130,Cash,5,
2026-02-03,20:36,John Raj,+91 8198327315,50,Phone Call,Chicken Leg (2 pc),No,1,130,karur_kalam,No,0,130,GPay,4,"Chicken leg romba soft ah vekachu irundhuchu, super"
2026-02-03,20:16,Kumar S,+91 9632270267,23,Walk-in,Chicken Wings (5 pc),No,1,130,karur_kalam,No,0,130,Cash,5,
2026-02-03,18:36,Selvam Kumar,+91 8717545588,31,Walk-in,Chicken Wings (5 pc),No,1,130,karur_kalam,No,0,130,Card,4,
2026-02-03,20:29,Mary,+91 7431611724,16,Phone Call,Chicken Wings (5 pc),No,2,260,karur_kalam,No,0,260,Cash,,"Kalakalappa irundhuchu, next time friends oda varen"
2026-02-03,21:33,Nithya R,+91 9112535544,53,Walk-in,Chicken Leg (2 pc),No,1,130,karur_kalam,No,0,130,,,"Loved the combo, perfect spice level"
2026-02-03,19:09,Bala K,+91 7413261117,50,Walk-in,Chicken Leg (2 pc),No,1,130,karur_kalam,Yes,13,117,Cash,5,
2026-02-03,20:55,,+91 6756551256,,Phone Call,Chicken Lollipop (4 pc),No,1,130,karur_kalam,No,0,130,Cash,3,"Taste romba pramadham illa, sagalama irundhuchu"
2026-02-03,17:19,Anand S,+91 9282997968,55,Walk-in,Chicken Leg (2 pc),No,1,130,karur_kalam,No,0,130,Cash,4,
2026-02-03,17:59,Joseph,+91 6433218196,17,Walk-in,Chicken Leg (2 pc),No,1,130,karur_kalam,No,0,130,GPay,5,"Nalla crispy ah irundhuchu, quantity um super"
2026-02-03,19:15,,+91 7085368663,25,Walk-in,Chicken Leg (2 pc),No,1,130,karur_kalam,No,0,130,Cash,5,"Chicken leg romba soft ah vekachu irundhuchu, super"
2026-02-03,17:06,Anand Devi,+91 7122417974,59,Walk-in,Chicken Leg (2 pc),No,1,130,karur_kalam,No,0,130,Card,3,
2026-02-03,21:31,Ayesha Raj,+91 6265423511,39,Walk-in,Chicken Leg (2 pc),No,1,130,karur_kalam,No,0,130,GPay,3,"Decent taste, price sari than"
2026-02-03,20:11,Meena,+91 7606474687,24,Walk-in,Chicken Leg (2 pc),No,1,130,karur_kalam,No,0,130,Cash,5,
2026-02-03,17:59,Saravanan K,+91 7673037183,,Walk-in,Chicken Lollipop (4 pc),No,1,130,karur_kalam,No,0,130,GPay,5,"Amazing bbq stall, must try in this area"
2026-02-03,17:50,Elango Prasad,+91 6822782489,42,Walk-in,Chicken Leg (2 pc),No,1,130,karur_kalam,No,0,130,GPay,3,"Okay okay taste, but konjam salt adhigama irundhuchu"
2026-02-03,17:10,Karthik R,+91 6845146270,31,Phone Call,Chicken Lollipop (4 pc),No,1,130,karur_kalam,No,0,130,GPay,5,"Kalakalappa irundhuchu, next time friends oda varen"
2026-02-03,18:31,Senthil S,+91 7028439599,58,Walk-in,Chicken Lollipop (4 pc),No,1,130,karur_kalam,No,0,130,GPay,2,
2026-02-03,19:29,Sivakumar Babu,+91 9306524077,50,Walk-in,Chicken Lollipop (4 pc),No,2,260,karur_kalam,No,0,260,GPay,5,
2026-02-03,19:11,Anand S,+91 7477109324,50,Walk-in,Chicken Lollipop (4 pc),No,1,130,karur_kalam,No,0,130,GPay,4,
2026-02-03,20:35,Naveen,+91 9841459332,,Walk-in,Chicken Lollipop (4 pc),No,1,130,karur_kalam,Yes,13,117,GPay,5,"Chicken leg romba soft ah vekachu irundhuchu, super"
2026-02-03,21:12,Selvam,+91 9400524278,60,Phone Call,Chicken Lollipop (4 pc),No,1,130,karur_kalam,Yes,13,117,,5,"Semma taste bro, chicken romba soft ah irundhuchu"
2026-02-03,17:14,Muthu Devi,+91 6983584168,43,Phone Call,Chicken Lollipop (4 pc),No,1,130,karur_kalam,No,0,130,GPay,5,"Excellent flavour, family panindhalum enjoy pannanga"
2026-02-03,21:34,Vijay Prasad,+91 6586509480,19,Phone Call,Chicken Leg (2 pc),No,2,260,karur_kalam,No,0,260,Cash,3,"Average, expected more spice"
2026-02-03,22:28,Farhan R,+91 7886195761,25,Walk-in,Chicken Lollipop (4 pc),No,1,130,karur_kalam,No,0,130,,4,
2026-02-04,19:35,Suresh,+91 9873395004,46,Walk-in,Chicken Leg (2 pc),No,1,130,karur_kalam,No,0,130,GPay,5,
2026-02-04,22:19,Revathi Babu,+91 6783908470,18,Phone Call,Chicken Leg (2 pc),No,1,130,karur_kalam,Yes,13,117,GPay,2,
2026-02-04,20:36,Divya Kumar,+91 9057662702,47,Phone Call,Chicken Lollipop (4 pc),No,2,260,karur_kalam,Yes,26,234,Paytm,5,
2026-02-04,19:36,Harish Kumar,+91 9214895134,29,Walk-in,Chicken Wings (5 pc),No,1,130,karur_kalam,Yes,13,117,Cash,4,
2026-02-04,21:55,Gopal Prasad,+91 7791940961,18,Walk-in,Chicken Lollipop (4 pc),No,1,130,karur_kalam,No,0,130,Cash,4,"Amazing bbq stall, must try in this area"
2026-02-04,20:09,,+91 6822782489,42,Phone Call,Chicken Wings (5 pc),No,1,130,karur_kalam,No,0,130,GPay,2,
2026-02-04,21:08,Farhan S,+91 6364622517,51,Walk-in,Chicken Lollipop (4 pc),No,2,260,karur_kalam,No,0,260,GPay,,
2026-02-04,19:27,Sivakumar,+91 7986800025,45,Phone Call,Chicken Lollipop (4 pc),No,1,130,karur_kalam,No,0,130,GPay,4,"Kalakalappa irundhuchu, next time friends oda varen"
2026-02-04,18:22,,+91 8965137098,35,Phone Call,Chicken Lollipop (4 pc),No,1,130,karur_kalam,No,0,130,PhonePe,4,
2026-02-04,18:03,Meena Prasad,+91 7341016668,45,Phone Call,Chicken Leg (2 pc),No,1,130,karur_kalam,No,0,130,PhonePe,5,"Nalla crispy ah irundhuchu, quantity um super"
2026-02-04,20:42,Karthik Babu,+91 6477053833,49,Walk-in,Chicken Wings (5 pc),No,2,260,karur_kalam,No,0,260,Card,4,
2026-02-04,17:55,Muthu Raj,+91 7043940701,39,Walk-in,Chicken Lollipop (4 pc),No,1,130,karur_kalam,No,0,130,PhonePe,5,"Amazing bbq stall, must try in this area"
2026-02-04,18:29,Ravi K,+91 7054932966,,Phone Call,Chicken Leg (2 pc),No,1,130,karur_kalam,Yes,13,117,Cash,4,"Chicken leg romba soft ah vekachu irundhuchu, super"
2026-02-04,22:35,Naveen Babu,+91 9620555438,,Walk-in,Chicken Wings (5 pc),No,1,130,karur_kalam,No,0,130,Card,5,
2026-02-04,20:43,Yazhini,+91 6689363926,34,Walk-in,Chicken Lollipop (4 pc),No,1,130,karur_kalam,No,0,130,GPay,4,"Excellent flavour, family panindhalum enjoy pannanga"
2026-02-04,19:26,Swathi,+91 9292518812,35,Walk-in,Chicken Wings (5 pc),No,1,130,karur_kalam,No,0,130,Paytm,3,"Okay okay taste, but konjam salt adhigama irundhuchu"
2026-02-04,17:49,Joseph K,+91 8231220994,53,Walk-in,Chicken Leg (2 pc),No,1,130,karur_kalam,No,0,130,,4,"Best chicken lollipop I've had, will come again"
2026-02-04,18:02,Priya,+91 9122753046,30,Phone Call,Chicken Lollipop (4 pc),No,1,130,karur_kalam,No,0,130,Cash,3,
2026-02-04,19:47,Senthil K,+91 7312797573,42,Walk-in,Chicken Lollipop (4 pc),No,2,260,karur_kalam,No,0,260,PhonePe,2,"Cold ah kudutanga, expected hot and fresh"
2026-02-04,21:35,Dinesh K,+91 9401489025,16,Phone Call,Chicken Wings (5 pc),No,1,130,karur_kalam,No,0,130,GPay,5,"Best chicken lollipop I've had, will come again"
2026-02-04,17:33,Anand Devi,+91 9737826398,23,Phone Call,Chicken Lollipop (4 pc),No,1,130,karur_kalam,No,0,130,PhonePe,4,"Nalla crispy ah irundhuchu, quantity um super"
2026-02-04,18:26,Naveen,+91 9841459332,45,Phone Call,Chicken Lollipop (4 pc),No,1,130,karur_kalam,No,0,130,PhonePe,3,
2026-02-04,22:50,Priya,+91 9122753046,30,Walk-in,Chicken Leg (2 pc),No,1,130,karur_kalam,No,0,130,GPay,,
2026-02-04,18:49,Joseph Babu,+91 6868926860,25,Walk-in,Chicken Wings (5 pc),No,1,130,karur_kalam,No,0,130,Cash,4,
2026-02-04,18:39,Joseph R,+91 9870568566,24,Walk-in,Chicken Wings (5 pc),No,1,130,karur_kalam,No,0,130,,4,
2026-02-04,21:03,Abdul Kareem,+91 9339776719,53,Walk-in,Chicken Lollipop (4 pc),No,1,130,karur_kalam,Yes,13,117,GPay,5,
2026-02-04,17:06,Yazhini Devi,+91 8648236629,51,Phone Call,Chicken Wings (5 pc),No,1,130,karur_kalam,No,0,130,GPay,,
2026-02-04,21:23,Gopal K,+91 6974993097,25,Phone Call,Chicken Lollipop (4 pc),No,1,130,karur_kalam,No,0,130,Paytm,,
2026-02-04,18:44,Iniya Babu,+91 6643171390,18,Phone Call,Chicken Wings (5 pc),No,1,130,karur_kalam,No,0,130,GPay,5,
2026-02-04,22:30,Priya Raj,+91 6193802620,40,Phone Call,Chicken Leg (2 pc),No,1,130,karur_kalam,No,0,130,PhonePe,2,"Quantity kammiya kudutanga, not worth the price"
2026-02-04,21:47,Ravi S,+91 8299787729,,Walk-in,Chicken Leg (2 pc),No,1,130,karur_kalam,No,0,130,GPay,,
2026-02-04,21:19,Murugan Prasad,+91 9527758416,20,Walk-in,Chicken Lollipop (4 pc),No,1,130,karur_kalam,No,0,130,Cash,3,
2026-02-04,18:53,Gopal,+91 7219693792,,Phone Call,Chicken Leg (2 pc),No,1,130,karur_kalam,No,0,130,PhonePe,5,
2026-02-04,19:58,Iniya,+91 9278576084,51,Walk-in,Chicken Leg (2 pc),No,2,260,karur_kalam,No,0,260,GPay,4,"Excellent flavour, family panindhalum enjoy pannanga"
2026-02-04,19:38,Ramesh Kumar,+91 8376724238,49,Phone Call,Chicken Lollipop (4 pc),No,2,260,karur_kalam,No,0,260,GPay,,"Excellent flavour, family panindhalum enjoy pannanga"
2026-02-04,19:33,Ravi K,+91 9965328710,22,Walk-in,Chicken Lollipop (4 pc),No,1,130,karur_kalam,No,0,130,PhonePe,,"Average, expected more spice"
2026-02-04,22:43,Rajesh Kumar,+91 6780782357,48,Walk-in,Chicken Lollipop (4 pc),No,1,130,karur_kalam,No,0,130,PhonePe,4,
2026-02-04,20:05,Priya,+91 9122753046,,Phone Call,Chicken Wings (5 pc),No,1,130,karur_kalam,No,0,130,PhonePe,3,"Not bad, but waiting time konjam adhigama irundhuchu"
2026-02-04,18:12,Joseph R,+91 9870568566,24,Phone Call,Chicken Leg (2 pc),No,2,260,karur_kalam,No,0,260,PhonePe,4,"Ultimate taste anna, naa daily varen"
2026-02-04,20:32,Revathi R,+91 9797643815,42,Walk-in,Chicken Lollipop (4 pc),No,1,130,karur_kalam,No,0,130,Cash,,
2026-02-04,19:57,Gopal Raj,+91 8717464887,43,Phone Call,Chicken Wings (5 pc),No,1,130,karur_kalam,Yes,13,117,Cash,5,"Vera level taste, oru sight ah irundhuchu"
2026-02-04,20:37,Yazhini Prasad,+91 9527858549,,Phone Call,Chicken Leg (2 pc),No,1,130,karur_kalam,Yes,13,117,Cash,4,"Super spicy and juicy, best bbq in area"
2026-02-04,21:29,,+91 7341016668,45,Phone Call,Chicken Leg (2 pc),No,1,130,karur_kalam,No,0,130,Paytm,5,Very tasty and quick service too
2026-02-04,19:31,Vignesh Prasad,+91 6747733294,,Walk-in,Chicken Wings (5 pc),No,1,130,karur_kalam,No,0,130,PhonePe,5,"Freshly grilled and juicy, highly recommend"
2026-02-04,18:52,Rajesh,+91 6818835523,21,Phone Call,Chicken Wings (5 pc),No,1,130,karur_kalam,No,0,130,Cash,4,"Great value for money, fresh and hot"
2026-02-04,20:30,,+91 9535560932,16,Phone Call,Chicken Wings (5 pc),No,1,130,karur_kalam,No,0,130,PhonePe,4,
2026-02-04,22:04,Ayesha Devi,+91 9958321971,52,Walk-in,Chicken Lollipop (4 pc),No,1,130,karur_kalam,No,0,130,Cash,4,"Super spicy and juicy, best bbq in area"
2026-02-04,18:37,Meena Prasad,+91 7341016668,45,Walk-in,Chicken Wings (5 pc),No,1,130,karur_kalam,No,0,130,Cash,4,
2026-02-04,22:37,Revathi S,+91 8699733549,,Walk-in,Chicken Wings (5 pc),No,1,130,karur_kalam,No,0,130,Paytm,,"Wings semma crispy ah irundhuchu, thanks anna"
2026-02-04,20:30,Selvam Babu,+91 6085140369,40,Walk-in,Chicken Lollipop (4 pc),No,1,130,karur_kalam,No,0,130,GPay,5,
2026-02-04,20:59,Kavya Devi,+91 7422010276,23,Walk-in,Chicken Wings (5 pc),No,1,130,karur_kalam,Yes,13,117,Paytm,5,"Wings semma crispy ah irundhuchu, thanks anna"
2026-02-05,20:46,Meena Prasad,+91 7341016668,45,Phone Call,Chicken Wings (5 pc),No,1,130,karur_kalam,No,0,130,Cash,4,
2026-02-05,20:44,Harish K,+91 8965137098,35,Phone Call,Chicken Lollipop (4 pc),No,1,130,karur_kalam,Yes,13,117,Cash,,"Not fresh today, taste changed"
2026-02-05,20:15,Kumar M,+91 7622444721,25,Phone Call,Chicken Wings (5 pc),No,1,130,karur_kalam,No,0,130,GPay,5,
2026-02-05,19:57,Sivakumar,+91 7856543102,46,Phone Call,Chicken Lollipop (4 pc),No,1,130,karur_kalam,No,0,130,Cash,,
2026-02-05,20:08,Dhanush Raj,+91 7094940792,51,Walk-in,Chicken Leg (2 pc),No,1,130,karur_kalam,Yes,13,117,Cash,5,Very tasty and quick service too
2026-02-05,18:37,Suresh R,+91 7654145868,36,Walk-in,Chicken Wings (5 pc),No,2,260,karur_kalam,No,0,260,Cash,4,
2026-02-05,17:05,Joseph Kumar,+91 8714345581,23,Walk-in,Chicken Wings (5 pc),No,1,130,karur_kalam,No,0,130,GPay,5,"Loved the combo, perfect spice level"
2026-02-05,20:24,Nithya Devi,+91 7723950410,25,Walk-in,Chicken Wings (5 pc),No,1,130,karur_kalam,No,0,130,PhonePe,4,
2026-02-05,20:02,Naveen K,+91 8991022901,32,Walk-in,Chicken Leg (2 pc),No,1,130,karur_kalam,Yes,13,117,Cash,5,"Loved the combo, perfect spice level"
2026-02-05,20:29,Sivakumar,+91 7986800025,45,Phone Call,Chicken Lollipop (4 pc),No,2,260,karur_kalam,No,0,260,GPay,4,
2026-02-05,17:04,Ravi Devi,+91 8375564641,,Walk-in,Chicken Wings (5 pc),No,1,130,karur_kalam,No,0,130,Cash,,
2026-02-05,17:38,Dinesh,+91 8451076226,49,Walk-in,Chicken Lollipop (4 pc),No,1,130,karur_kalam,No,0,130,Cash,5,"Vera level taste, oru sight ah irundhuchu"
2026-02-05,22:36,Ravi K,+91 7054932966,47,Walk-in,Chicken Wings (5 pc),No,2,260,karur_kalam,No,0,260,GPay,,"Taste romba pramadham illa, sagalama irundhuchu"
2026-02-05,19:57,Prakash Raj,+91 7292127799,43,Phone Call,Chicken Wings (5 pc),No,1,130,karur_kalam,No,0,130,GPay,3,
2026-02-05,19:39,Anand,+91 9650442717,27,Walk-in,Chicken Leg (2 pc),No,1,130,karur_kalam,No,0,130,GPay,,"Decent taste, price sari than"
2026-02-05,20:49,Arun,+91 6194707200,57,Walk-in,Chicken Wings (5 pc),No,2,260,karur_kalam,No,0,260,GPay,3,
2026-02-05,22:05,Rajesh,+91 7067198554,40,Walk-in,Chicken Leg (2 pc),No,1,130,karur_kalam,Yes,13,117,GPay,5,
2026-02-05,20:22,Karthik R,+91 6845146270,31,Phone Call,Chicken Leg (2 pc),No,1,130,karur_kalam,No,0,130,Paytm,5,"Vera level taste, oru sight ah irundhuchu"
2026-02-05,19:50,Kalaivani,+91 6699016272,18,Phone Call,Chicken Lollipop (4 pc),No,2,260,karur_kalam,Yes,26,234,GPay,3,
2026-02-05,17:09,Revathi,+91 6505061387,58,Walk-in,Chicken Leg (2 pc),No,1,130,karur_kalam,No,0,130,Paytm,,"Kalakalappa irundhuchu, next time friends oda varen"
2026-02-05,17:12,Muthu Kumar,+91 7020417929,,Walk-in,Chicken Lollipop (4 pc),No,1,130,karur_kalam,No,0,130,GPay,3,"Decent taste, price sari than"
2026-02-05,20:28,Harish Devi,+91 8198253092,36,Walk-in,Chicken Leg (2 pc),No,1,130,karur_kalam,Yes,13,117,,4,Very tasty and quick service too
2026-02-05,18:17,Joseph M,+91 9207100219,,Walk-in,Chicken Wings (5 pc),No,1,130,karur_kalam,No,0,130,Cash,5,Very tasty and quick service too
2026-02-05,21:34,,+91 6927914560,50,Phone Call,Chicken Leg (2 pc),No,1,130,karur_kalam,No,0,130,PhonePe,3,
2026-02-05,22:31,Vignesh R,+91 7149190586,57,Walk-in,Chicken Wings (5 pc),No,1,130,karur_kalam,No,0,130,PhonePe,3,
2026-02-05,21:02,Sivakumar S,+91 8991216558,38,Walk-in,Chicken Wings (5 pc),No,1,130,karur_kalam,No,0,130,PhonePe,,
2026-02-05,20:20,Kumar S,+91 8467854458,46,Phone Call,Chicken Wings (5 pc),No,2,260,karur_kalam,Yes,26,234,PhonePe,4,
2026-02-05,18:23,Senthil,+91 8313636317,52,Walk-in,Chicken Lollipop (4 pc),No,1,130,karur_kalam,No,0,130,GPay,,"Nalla crispy ah irundhuchu, quantity um super"
2026-02-05,18:29,Gopal Raj,+91 8717464887,43,Phone Call,Chicken Lollipop (4 pc),No,1,130,karur_kalam,No,0,130,GPay,,"It was fine, nothing special"
2026-02-05,20:35,Anand S,+91 7477109324,50,Phone Call,Chicken Leg (2 pc),No,1,130,karur_kalam,No,0,130,Paytm,5,"Freshly grilled and juicy, highly recommend"
2026-02-05,21:15,,+91 8987769453,20,Walk-in,Chicken Wings (5 pc),No,1,130,karur_kalam,No,0,130,GPay,5,"Vera level taste, oru sight ah irundhuchu"
2026-02-05,20:00,Ayesha,+91 6600780686,45,Walk-in,Chicken Leg (2 pc),No,1,130,karur_kalam,No,0,130,Cash,5,
2026-02-05,21:54,Anand S,+91 7477109324,50,Phone Call,Chicken Leg (2 pc),No,2,260,karur_kalam,No,0,260,GPay,5,"Semma taste bro, chicken romba soft ah irundhuchu"
2026-02-05,21:00,John S,+91 6693406088,58,Phone Call,Chicken Wings (5 pc),No,2,260,karur_kalam,No,0,260,PhonePe,4,Very tasty and quick service too
2026-02-05,21:05,Anand S,+91 7477109324,50,Phone Call,Chicken Leg (2 pc),No,1,130,karur_kalam,No,0,130,,4,"Ultimate taste anna, naa daily varen"
2026-02-05,19:11,Yazhini Prasad,+91 9527858549,45,Walk-in,Chicken Leg (2 pc),No,1,130,karur_kalam,No,0,130,GPay,2,
2026-02-05,21:44,Gopal,+91 7219693792,29,Phone Call,Chicken Leg (2 pc),No,1,130,karur_kalam,No,0,130,PhonePe,3,"Decent taste, price sari than"
2026-02-05,21:30,Kavya,+91 8936899809,57,Phone Call,Chicken Lollipop (4 pc),No,2,260,karur_kalam,No,0,260,GPay,3,"Not bad, but waiting time konjam adhigama irundhuchu"
2026-02-05,19:05,Yazhini Prasad,+91 9527858549,45,Walk-in,Chicken Leg (2 pc),No,1,130,karur_kalam,No,0,130,Paytm,,"Amazing bbq stall, must try in this area"
2026-02-05,17:12,Arun,+91 8127238046,58,Walk-in,Chicken Lollipop (4 pc),No,1,130,karur_kalam,No,0,130,PhonePe,3,"Not bad, but waiting time konjam adhigama irundhuchu"
2026-02-05,20:18,Iniya Babu,+91 9955798877,34,Walk-in,Chicken Lollipop (4 pc),No,1,130,karur_kalam,No,0,130,Cash,5,"Vera level taste, oru sight ah irundhuchu"
2026-02-05,20:09,Vignesh Devi,+91 9632016328,44,Phone Call,Chicken Lollipop (4 pc),No,1,130,karur_kalam,No,0,130,PhonePe,4,"Nalla crispy ah irundhuchu, quantity um super"
2026-02-05,22:09,Revathi R,+91 9797643815,42,Phone Call,Chicken Lollipop (4 pc),No,2,260,karur_kalam,No,0,260,PhonePe,3,"Taste romba pramadham illa, sagalama irundhuchu"
2026-02-05,22:09,Anand Devi,+91 9737826398,23,Phone Call,Chicken Leg (2 pc),No,1,130,karur_kalam,Yes,13,117,,2,
2026-02-05,21:59,Karthik R,+91 9603859770,28,Phone Call,Chicken Lollipop (4 pc),No,1,130,karur_kalam,No,0,130,PhonePe,5,"Ultimate taste anna, naa daily varen"
2026-02-05,19:01,Muthu,+91 6406937515,18,Walk-in,Chicken Leg (2 pc),No,1,130,karur_kalam,No,0,130,Paytm,3,"Taste romba pramadham illa, sagalama irundhuchu"
2026-02-05,19:28,Vidya Devi,+91 7759980562,60,Walk-in,Chicken Lollipop (4 pc),No,1,130,karur_kalam,No,0,130,Cash,4,"Great value for money, fresh and hot"
2026-02-05,21:05,Nithya Prasad,+91 8266299123,34,Walk-in,Chicken Leg (2 pc),No,2,260,karur_kalam,No,0,260,Card,5,"Great value for money, fresh and hot"
2026-02-05,21:18,Joseph Kumar,+91 8714345581,23,Phone Call,Chicken Lollipop (4 pc),No,1,130,karur_kalam,No,0,130,Cash,5,Very tasty and quick service too
2026-02-05,20:01,Ayesha Raj,+91 9873002447,,Walk-in,Chicken Leg (2 pc),No,1,130,karur_kalam,No,0,130,Paytm,,"Wings semma crispy ah irundhuchu, thanks anna"
2026-02-05,21:08,John K,+91 8979647158,51,Walk-in,Chicken Lollipop (4 pc),No,1,130,karur_kalam,Yes,13,117,Cash,,
2026-02-05,17:12,Suresh,+91 9873395004,46,Walk-in,Chicken Lollipop (4 pc),No,1,130,karur_kalam,No,0,130,GPay,4,
2026-02-05,20:23,Gopal Raj,+91 8961586578,17,Phone Call,Chicken Leg (2 pc),No,1,130,karur_kalam,No,0,130,GPay,5,"Freshly grilled and juicy, highly recommend"
2026-02-06,18:09,Sowmya Babu,+91 6814124782,42,Walk-in,Chicken Leg (2 pc),No,1,130,karur_kalam,No,0,130,Paytm,5,"Wings semma crispy ah irundhuchu, thanks anna"
2026-02-06,22:11,Fathima M,+91 6671120754,59,Phone Call,Chicken Wings (5 pc),No,1,130,karur_kalam,No,0,130,GPay,5,"Amazing bbq stall, must try in this area"
2026-02-06,20:37,Senthil,+91 7342321611,16,Walk-in,Chicken Leg (2 pc),No,1,130,karur_kalam,No,0,130,Cash,5,"Semma taste bro, chicken romba soft ah irundhuchu"
2026-02-06,18:57,Vidya Kumar,+91 8738299737,41,Phone Call,Chicken Lollipop (4 pc),No,1,130,karur_kalam,No,0,130,Paytm,2,"Konjam over cooked ah irundhuchu, disappointed"
2026-02-06,20:46,Yazhini Devi,+91 8648236629,51,Walk-in,Chicken Wings (5 pc),No,1,130,karur_kalam,No,0,130,Cash,5,
2026-02-06,18:48,Meena Prasad,+91 7341016668,,Phone Call,Chicken Wings (5 pc),No,1,130,karur_kalam,No,0,130,Paytm,2,"Too salty, not up to the mark today"
2026-02-06,19:06,Kavya,+91 8067165726,26,Walk-in,Chicken Wings (5 pc),No,2,260,karur_kalam,No,0,260,GPay,,
2026-02-06,18:48,Rajesh Raj,+91 9886239240,56,Walk-in,Chicken Lollipop (4 pc),No,2,260,karur_kalam,No,0,260,Cash,3,"Not bad, but waiting time konjam adhigama irundhuchu"
2026-02-06,22:28,Mary,+91 7431611724,16,Phone Call,Chicken Leg (2 pc),No,1,130,karur_kalam,No,0,130,GPay,4,"Loved the combo, perfect spice level"
2026-02-06,22:10,Sathish,+91 9520716781,,Phone Call,Chicken Lollipop (4 pc),No,1,130,karur_kalam,Yes,13,117,PhonePe,4,"Ultimate taste anna, naa daily varen"
2026-02-06,19:45,Fathima M,+91 8782911467,48,Phone Call,Chicken Lollipop (4 pc),No,2,260,karur_kalam,No,0,260,PhonePe,4,"Best chicken lollipop I've had, will come again"
2026-02-06,21:31,Meena Babu,+91 9967842711,31,Walk-in,Chicken Leg (2 pc),No,1,130,karur_kalam,No,0,130,PhonePe,,"Nalla crispy ah irundhuchu, quantity um super"
2026-02-06,21:49,Sathish Kumar,+91 8843443757,37,Walk-in,Chicken Wings (5 pc),No,2,260,karur_kalam,No,0,260,Cash,4,"Ultimate taste anna, naa daily varen"
2026-02-06,20:49,Aishwarya S,+91 8858800616,,Walk-in,Chicken Leg (2 pc),No,1,130,karur_kalam,No,0,130,Cash,,"Loved the combo, perfect spice level"
2026-02-06,20:36,Revathi Raj,+91 8499045301,44,Phone Call,Chicken Lollipop (4 pc),No,1,130,karur_kalam,No,0,130,PhonePe,5,
2026-02-06,22:20,Dinesh S,+91 7465787133,19,Phone Call,Chicken Leg (2 pc),No,1,130,karur_kalam,No,0,130,GPay,4,"Wings semma crispy ah irundhuchu, thanks anna"
2026-02-06,19:27,Harish K,+91 8965137098,35,Phone Call,Chicken Wings (5 pc),No,1,130,karur_kalam,No,0,130,PhonePe,5,"Semma taste bro, chicken romba soft ah irundhuchu"
2026-02-06,21:07,Manoj Raj,+91 6824008427,21,Walk-in,Chicken Leg (2 pc),No,1,130,karur_kalam,No,0,130,GPay,,"Ultimate taste anna, naa daily varen"
2026-02-06,20:37,,+91 7696816453,36,Phone Call,Chicken Lollipop (4 pc),No,1,130,karur_kalam,No,0,130,,4,"Excellent flavour, family panindhalum enjoy pannanga"
2026-02-06,20:48,Yazhini R,+91 9582029702,19,Phone Call,Chicken Lollipop (4 pc),No,1,130,karur_kalam,Yes,13,117,GPay,4,
2026-02-06,18:16,Naveen K,+91 8991022901,,Walk-in,Chicken Leg (2 pc),No,1,130,karur_kalam,No,0,130,PhonePe,5,
2026-02-06,19:04,Dinesh Babu,+91 8549480831,30,Phone Call,Chicken Lollipop (4 pc),No,2,260,karur_kalam,No,0,260,Cash,5,"Kalakalappa irundhuchu, next time friends oda varen"
2026-02-06,19:26,Revathi S,+91 6080132677,,Walk-in,Chicken Leg (2 pc),No,1,130,karur_kalam,No,0,130,GPay,4,
2026-02-06,20:13,,+91 8283644089,26,Phone Call,Chicken Leg (2 pc),No,1,130,karur_kalam,No,0,130,,5,"Freshly grilled and juicy, highly recommend"
2026-02-06,17:12,,+91 9008484086,26,Phone Call,Chicken Leg (2 pc),No,1,130,karur_kalam,No,0,130,PhonePe,5,
2026-02-06,17:13,Dhanush K,+91 6574733848,59,Walk-in,Chicken Leg (2 pc),No,1,130,karur_kalam,No,0,130,PhonePe,5,"Wings semma crispy ah irundhuchu, thanks anna"
2026-02-06,18:52,Sivakumar Devi,+91 7867749649,,Walk-in,Chicken Leg (2 pc),No,1,130,karur_kalam,No,0,130,Cash,4,
2026-02-06,22:20,Deepa R,+91 6324204482,56,Walk-in,Chicken Leg (2 pc),No,1,130,karur_kalam,No,0,130,Cash,5,"Loved the combo, perfect spice level"
2026-02-06,19:53,Nithya Babu,+91 6623198189,48,Walk-in,Chicken Leg (2 pc),No,2,260,karur_kalam,No,0,260,PhonePe,5,"Best chicken lollipop I've had, will come again"
2026-02-06,20:17,Deepa Kumar,+91 7123476490,46,Walk-in,Chicken Leg (2 pc),No,1,130,karur_kalam,No,0,130,GPay,5,
2026-02-06,21:03,Ramesh Raj,+91 9584044997,,Walk-in,Chicken Lollipop (4 pc),No,1,130,karur_kalam,Yes,13,117,PhonePe,5,
2026-02-06,18:28,John R,+91 9480162456,,Phone Call,Chicken Wings (5 pc),No,1,130,karur_kalam,No,0,130,GPay,4,Very tasty and quick service too
2026-02-06,22:58,Sivakumar Devi,+91 7867749649,54,Walk-in,Chicken Lollipop (4 pc),No,2,260,karur_kalam,No,0,260,,,Very tasty and quick service too
2026-02-06,19:01,,+91 8177656124,47,Walk-in,Chicken Leg (2 pc),No,2,260,karur_kalam,Yes,26,234,PhonePe,4,
2026-02-06,19:20,Bala,+91 9345911238,60,Walk-in,Chicken Wings (5 pc),No,1,130,karur_kalam,No,0,130,GPay,5,Very tasty and quick service too
2026-02-06,19:25,Joseph Kumar,+91 8714345581,,Walk-in,Chicken Leg (2 pc),No,2,260,karur_kalam,No,0,260,Cash,5,Very tasty and quick service too
2026-02-06,19:54,Sowmya Raj,+91 6345054156,40,Walk-in,Chicken Lollipop (4 pc),No,1,130,karur_kalam,No,0,130,GPay,5,"Amazing bbq stall, must try in this area"
2026-02-06,21:27,Selvam M,+91 6334123281,25,Phone Call,Chicken Wings (5 pc),No,1,130,karur_kalam,Yes,13,117,Cash,5,"Nalla crispy ah irundhuchu, quantity um super"
2026-02-06,20:58,Sathish Raj,+91 8762639343,41,Walk-in,Chicken Leg (2 pc),No,1,130,karur_kalam,No,0,130,Cash,5,"Semma taste bro, chicken romba soft ah irundhuchu"
2026-02-06,18:24,Sathish Raj,+91 7098050097,47,Phone Call,Chicken Lollipop (4 pc),No,1,130,karur_kalam,Yes,13,117,GPay,3,"Not bad, but waiting time konjam adhigama irundhuchu"
2026-02-06,20:42,Pradeep Babu,+91 7462475107,,Phone Call,Chicken Leg (2 pc),No,1,130,karur_kalam,No,0,130,GPay,2,"Too salty, not up to the mark today"
2026-02-06,17:11,Iniya Babu,+91 6643171390,,Walk-in,Chicken Wings (5 pc),No,1,130,karur_kalam,No,0,130,Paytm,4,
2026-02-06,22:16,Kalaivani,+91 6586241502,,Walk-in,Chicken Lollipop (4 pc),No,1,130,karur_kalam,No,0,130,GPay,,"Kalakalappa irundhuchu, next time friends oda varen"
2026-02-07,20:28,Vidya Devi,+91 9908740640,28,Phone Call,Chicken Leg (2 pc),No,1,130,karur_kalam,No,0,130,Paytm,5,"Nalla crispy ah irundhuchu, quantity um super"
2026-02-07,22:02,Prakash R,+91 7691669784,,Phone Call,Chicken Wings (5 pc),No,1,130,karur_kalam,No,0,130,Card,,"Decent taste, price sari than"
2026-02-07,18:18,,+91 7696816453,36,Walk-in,Chicken Leg (2 pc),No,2,260,karur_kalam,No,0,260,Cash,5,"Chicken leg romba soft ah vekachu irundhuchu, super"
2026-02-07,19:37,Farhan R,+91 7908926137,58,Walk-in,Chicken Wings (5 pc),No,1,130,karur_kalam,Yes,13,117,GPay,4,"Vera level taste, oru sight ah irundhuchu"
2026-02-07,17:02,Dinesh M,+91 7614293968,36,Phone Call,Chicken Lollipop (4 pc),No,1,130,karur_kalam,No,0,130,GPay,4,
2026-02-07,21:10,Elango M,+91 7304501896,20,Walk-in,Chicken Leg (2 pc),No,1,130,karur_kalam,No,0,130,Cash,3,Quantity konjam kammiya irundhuchu but taste okay
2026-02-07,19:48,Iniya,+91 6476492515,47,Walk-in,Chicken Leg (2 pc),No,1,130,karur_kalam,No,0,130,GPay,4,"Wings semma crispy ah irundhuchu, thanks anna"
2026-02-07,21:59,Vignesh Raj,+91 6244550229,57,Phone Call,Chicken Leg (2 pc),No,1,130,karur_kalam,Yes,13,117,PhonePe,,
2026-02-07,18:27,Manoj S,+91 6801006231,,Phone Call,Chicken Lollipop (4 pc),No,1,130,karur_kalam,No,0,130,GPay,,"Average, expected more spice"
2026-02-07,19:05,Vidya,+91 9617945491,47,Walk-in,Chicken Lollipop (4 pc),No,1,130,karur_kalam,Yes,13,117,Cash,5,"Loved the combo, perfect spice level"
2026-02-07,20:29,Sivakumar R,+91 9945232194,58,Walk-in,Chicken Leg (2 pc),No,1,130,karur_kalam,Yes,13,117,Cash,4,"Semma taste bro, chicken romba soft ah irundhuchu"
2026-02-07,18:41,John K,+91 9499564122,15,Phone Call,Chicken Leg (2 pc),No,2,260,karur_kalam,No,0,260,PhonePe,5,"Kalakalappa irundhuchu, next time friends oda varen"
2026-02-07,17:10,Kalaivani,+91 9535560932,16,Phone Call,Chicken Wings (5 pc),No,1,130,karur_kalam,No,0,130,GPay,3,Quantity konjam kammiya irundhuchu but taste okay
2026-02-07,19:06,Pradeep Kumar,+91 8160607159,42,Phone Call,Chicken Lollipop (4 pc),No,2,260,karur_kalam,No,0,260,,,"Taste romba pramadham illa, sagalama irundhuchu"
2026-02-07,22:26,Murugan M,+91 8076789973,60,Walk-in,Chicken Leg (2 pc),No,2,260,karur_kalam,Yes,26,234,Cash,2,"Quantity kammiya kudutanga, not worth the price"
2026-02-07,20:08,Anitha Prasad,+91 9024375738,29,Walk-in,Chicken Lollipop (4 pc),No,1,130,karur_kalam,No,0,130,PhonePe,5,"Amazing bbq stall, must try in this area"
2026-02-07,19:13,Harish R,+91 8729341722,27,Walk-in,Chicken Leg (2 pc),No,2,260,karur_kalam,No,0,260,Card,,
2026-02-07,21:21,Selvam M,+91 6334123281,,Phone Call,Chicken Wings (5 pc),No,2,260,karur_kalam,No,0,260,GPay,3,Quantity konjam kammiya irundhuchu but taste okay
2026-02-07,21:17,Dinesh Babu,+91 8549480831,30,Walk-in,Chicken Lollipop (4 pc),No,1,130,karur_kalam,No,0,130,Cash,5,
2026-02-07,19:32,Revathi Prasad,+91 6199180812,55,Walk-in,Chicken Wings (5 pc),No,1,130,karur_kalam,Yes,13,117,Cash,,"Not bad, but waiting time konjam adhigama irundhuchu"
2026-02-07,17:53,Meena Prasad,+91 7341016668,45,Phone Call,Chicken Lollipop (4 pc),No,1,130,karur_kalam,Yes,13,117,PhonePe,5,"Loved the combo, perfect spice level"
2026-02-07,21:33,Senthil Raj,+91 7618324210,25,Phone Call,Chicken Leg (2 pc),No,1,130,karur_kalam,No,0,130,GPay,5,"Great value for money, fresh and hot"
2026-02-07,17:09,,+91 7673657661,35,Phone Call,Chicken Lollipop (4 pc),No,1,130,karur_kalam,No,0,130,GPay,5,"Excellent flavour, family panindhalum enjoy pannanga"
2026-02-07,18:36,Naveen Devi,+91 7873342708,,Walk-in,Chicken Wings (5 pc),No,1,130,karur_kalam,No,0,130,Paytm,3,
2026-02-07,19:51,,+91 8550489267,56,Walk-in,Chicken Lollipop (4 pc),No,1,130,karur_kalam,No,0,130,GPay,4,Very tasty and quick service too
2026-02-07,20:16,,+91 8628843188,34,Walk-in,Chicken Leg (2 pc),No,1,130,karur_kalam,No,0,130,Paytm,5,"Nalla crispy ah irundhuchu, quantity um super"
2026-02-07,20:57,Saravanan K,+91 6548510174,51,Walk-in,Chicken Lollipop (4 pc),No,1,130,karur_kalam,No,0,130,Card,,"Best chicken lollipop I've had, will come again"
2026-02-07,18:20,Sowmya Kumar,+91 8403317393,,Phone Call,Chicken Wings (5 pc),No,1,130,karur_kalam,No,0,130,GPay,4,"Nalla crispy ah irundhuchu, quantity um super"
2026-02-07,22:30,Farhan,+91 6838425135,33,Walk-in,Chicken Wings (5 pc),No,1,130,karur_kalam,Yes,13,117,Cash,4,"Wings semma crispy ah irundhuchu, thanks anna"
2026-02-07,20:44,Meena M,+91 9497677622,47,Phone Call,Chicken Lollipop (4 pc),No,1,130,karur_kalam,Yes,13,117,GPay,5,"Nalla crispy ah irundhuchu, quantity um super"
2026-02-07,21:09,Fathima Babu,+91 6961159408,24,Walk-in,Chicken Lollipop (4 pc),No,1,130,karur_kalam,Yes,13,117,GPay,4,"Great value for money, fresh and hot"
2026-02-07,21:38,Dhanush Kumar,+91 7701851067,51,Walk-in,Chicken Leg (2 pc),No,1,130,karur_kalam,No,0,130,GPay,4,"Great value for money, fresh and hot"
2026-02-07,20:26,Pradeep Kumar,+91 8160607159,,Walk-in,Chicken Wings (5 pc),No,1,130,karur_kalam,No,0,130,PhonePe,3,"It was fine, nothing special"
2026-02-07,18:01,Vidya,+91 6489325288,15,Walk-in,Chicken Lollipop (4 pc),No,2,260,karur_kalam,No,0,260,Cash,5,"Kalakalappa irundhuchu, next time friends oda varen"
2026-02-07,20:12,Murugan Prasad,+91 9527758416,20,Phone Call,Chicken Leg (2 pc),No,1,130,karur_kalam,Yes,13,117,Cash,5,"Excellent flavour, family panindhalum enjoy pannanga"
2026-02-07,17:33,Manoj,+91 8339718956,52,Walk-in,Chicken Lollipop (4 pc),No,1,130,karur_kalam,Yes,13,117,Cash,,
2026-02-07,19:26,Farhan,+91 6838425135,33,Walk-in,Chicken Leg (2 pc),No,1,130,karur_kalam,No,0,130,Cash,4,"Nalla crispy ah irundhuchu, quantity um super"
2026-02-07,21:24,,+91 6461526546,,Walk-in,Chicken Wings (5 pc),No,1,130,karur_kalam,Yes,13,117,GPay,,
2026-02-07,19:37,Saravanan R,+91 7673657661,35,Walk-in,Chicken Lollipop (4 pc),No,1,130,karur_kalam,Yes,13,117,Paytm,2,
2026-02-07,18:09,Kumar S,+91 8467854458,46,Walk-in,Chicken Wings (5 pc),No,1,130,karur_kalam,Yes,13,117,GPay,4,
2026-02-07,21:18,Kavya,+91 8936899809,57,Walk-in,Chicken Lollipop (4 pc),No,1,130,karur_kalam,No,0,130,GPay,,
2026-02-07,20:17,Sowmya Raj,+91 8653984028,51,Walk-in,Chicken Wings (5 pc),No,1,130,karur_kalam,Yes,13,117,Cash,3,"It was fine, nothing special"
2026-02-07,17:00,Priya R,+91 8474355379,36,Walk-in,Chicken Lollipop (4 pc),No,1,130,karur_kalam,Yes,13,117,GPay,5,
2026-02-07,18:23,Pradeep Prasad,+91 9811807156,53,Walk-in,Chicken Wings (5 pc),No,1,130,karur_kalam,No,0,130,Card,3,
2026-02-07,21:25,Sivakumar Raj,+91 8319433750,,Walk-in,Chicken Lollipop (4 pc),No,1,130,karur_kalam,No,0,130,Cash,5,
2026-02-07,17:08,Pradeep Prasad,+91 6430305486,49,Phone Call,Chicken Lollipop (4 pc),No,1,130,karur_kalam,No,0,130,GPay,,
2026-02-07,22:17,,+91 8308948706,56,Walk-in,Chicken Wings (5 pc),No,1,130,karur_kalam,No,0,130,GPay,5,
2026-02-07,19:25,Vidya,+91 6489325288,15,Phone Call,Chicken Lollipop (4 pc),No,1,130,karur_kalam,No,0,130,GPay,4,"Vera level taste, oru sight ah irundhuchu"
2026-02-07,18:10,Gowtham Prasad,+91 9483503056,32,Phone Call,Chicken Lollipop (4 pc),No,1,130,karur_kalam,No,0,130,Cash,4,"Kalakalappa irundhuchu, next time friends oda varen"
2026-02-07,21:15,Ramesh Kumar,+91 8376724238,49,Phone Call,Chicken Leg (2 pc),No,1,130,karur_kalam,No,0,130,Paytm,5,"Ultimate taste anna, naa daily varen"
2026-02-07,20:48,Elango Prasad,+91 6822782489,42,Phone Call,Chicken Lollipop (4 pc),No,1,130,karur_kalam,No,0,130,PhonePe,4,"Best chicken lollipop I've had, will come again"
2026-02-07,18:58,Lakshmi,+91 7930103105,19,Phone Call,Chicken Lollipop (4 pc),No,1,130,karur_kalam,No,0,130,Cash,4,
2026-02-07,19:55,Sathish Kumar,+91 8843443757,37,Phone Call,Chicken Leg (2 pc),No,1,130,karur_kalam,Yes,13,117,PhonePe,2,
2026-02-07,17:33,Vignesh Raj,+91 6244550229,57,Phone Call,Chicken Wings (5 pc),No,1,130,karur_kalam,No,0,130,PhonePe,4,
2026-02-07,20:22,Ayesha Kumar,+91 7845679723,,Walk-in,Chicken Leg (2 pc),No,1,130,karur_kalam,No,0,130,GPay,3,"Not bad, but waiting time konjam adhigama irundhuchu"
2026-02-07,20:53,Mary Kumar,+91 6746120047,22,Phone Call,Chicken Leg (2 pc),No,1,130,karur_kalam,No,0,130,Cash,4,
2026-02-07,20:29,Kumar,+91 9193745299,,Walk-in,Chicken Wings (5 pc),No,1,130,karur_kalam,No,0,130,GPay,3,"Okay okay taste, but konjam salt adhigama irundhuchu"
2026-02-07,22:31,Gopal,+91 7219693792,29,Walk-in,Chicken Leg (2 pc),No,2,260,karur_kalam,No,0,260,PhonePe,4,
2026-02-07,20:58,Kalaivani M,+91 7375636205,15,Walk-in,Chicken Wings (5 pc),No,1,130,karur_kalam,Yes,13,117,GPay,,
2026-02-08,18:11,Anand Prasad,+91 7799650752,46,Phone Call,Chicken Wings (5 pc),No,1,130,karur_kalam,No,0,130,GPay,5,"Great value for money, fresh and hot"
2026-02-08,18:12,Divya R,+91 6534735528,54,Walk-in,Chicken Lollipop (4 pc),No,1,130,karur_kalam,No,0,130,Paytm,5,"Super spicy and juicy, best bbq in area"
2026-02-08,21:18,,+91 6244550229,57,Phone Call,Chicken Lollipop (4 pc),No,1,130,karur_kalam,No,0,130,GPay,4,"Semma taste bro, chicken romba soft ah irundhuchu"
2026-02-08,17:30,Sivakumar R,+91 8902787429,,Phone Call,Chicken Lollipop (4 pc),No,1,130,karur_kalam,No,0,130,GPay,5,"Ultimate taste anna, naa daily varen"
2026-02-08,19:44,Sivakumar S,+91 8991216558,38,Phone Call,Chicken Wings (5 pc),No,1,130,karur_kalam,No,0,130,GPay,,"Excellent flavour, family panindhalum enjoy pannanga"
2026-02-08,19:15,John R,+91 9480162456,38,Walk-in,Chicken Leg (2 pc),No,1,130,karur_kalam,No,0,130,Paytm,4,"Semma taste bro, chicken romba soft ah irundhuchu"
2026-02-08,19:23,Farhan,+91 8481214785,29,Walk-in,Chicken Lollipop (4 pc),No,1,130,karur_kalam,No,0,130,GPay,4,"Ultimate taste anna, naa daily varen"
2026-02-08,20:34,Saravanan Raj,+91 9840369003,34,Phone Call,Chicken Leg (2 pc),No,1,130,karur_kalam,No,0,130,GPay,5,
2026-02-08,21:47,,+91 6508353544,58,Phone Call,Chicken Wings (5 pc),No,1,130,karur_kalam,No,0,130,Card,3,"Taste romba pramadham illa, sagalama irundhuchu"
2026-02-08,17:41,Selvam R,+91 6217659180,29,Phone Call,Chicken Leg (2 pc),No,1,130,karur_kalam,No,0,130,PhonePe,5,"Wings semma crispy ah irundhuchu, thanks anna"
2026-02-08,19:52,Prakash Prasad,+91 8687833918,43,Phone Call,Chicken Wings (5 pc),No,2,260,karur_kalam,No,0,260,GPay,4,"Excellent flavour, family panindhalum enjoy pannanga"
2026-02-08,20:23,Kalaivani,+91 6699016272,18,Walk-in,Chicken Leg (2 pc),No,1,130,karur_kalam,No,0,130,GPay,5,"Wings semma crispy ah irundhuchu, thanks anna"
2026-02-08,19:40,Aishwarya R,+91 8536668459,16,Walk-in,Chicken Wings (5 pc),No,1,130,karur_kalam,No,0,130,Paytm,,"Too salty, not up to the mark today"
2026-02-08,19:57,Anitha Kumar,+91 8024026811,,Walk-in,Chicken Leg (2 pc),No,2,260,karur_kalam,Yes,26,234,GPay,4,"Loved the combo, perfect spice level"
2026-02-08,21:26,Manoj,+91 9023164334,57,Walk-in,Chicken Lollipop (4 pc),No,1,130,karur_kalam,No,0,130,Cash,4,"Great value for money, fresh and hot"
2026-02-08,19:52,John Raj,+91 8198327315,50,Walk-in,Chicken Lollipop (4 pc),No,2,260,karur_kalam,No,0,260,PhonePe,3,Quantity konjam kammiya irundhuchu but taste okay
2026-02-08,22:28,Revathi S,+91 9558867533,51,Phone Call,Chicken Leg (2 pc),No,1,130,karur_kalam,No,0,130,,4,"Freshly grilled and juicy, highly recommend"
2026-02-08,17:41,Muthu Babu,+91 6455623869,,Phone Call,Chicken Lollipop (4 pc),No,1,130,karur_kalam,No,0,130,Cash,,"Loved the combo, perfect spice level"
2026-02-08,22:34,Naveen Devi,+91 7632967629,21,Walk-in,Chicken Leg (2 pc),No,1,130,karur_kalam,No,0,130,Cash,5,
2026-02-08,20:29,Dinesh Prasad,+91 9815118567,25,Walk-in,Chicken Lollipop (4 pc),No,1,130,karur_kalam,No,0,130,GPay,,"Loved the combo, perfect spice level"
2026-02-08,21:10,Meena,+91 6412577711,50,Walk-in,Chicken Leg (2 pc),No,1,130,karur_kalam,No,0,130,PhonePe,5,
2026-02-08,19:11,Ayesha,+91 6651801704,41,Walk-in,Chicken Wings (5 pc),No,1,130,karur_kalam,No,0,130,Cash,,Quantity konjam kammiya irundhuchu but taste okay
2026-02-08,20:06,Saravanan Raj,+91 9840369003,,Phone Call,Chicken Wings (5 pc),No,2,260,karur_kalam,No,0,260,PhonePe,5,
2026-02-08,18:01,John Babu,+91 9015430391,20,Walk-in,Chicken Leg (2 pc),No,1,130,karur_kalam,No,0,130,Paytm,5,"Amazing bbq stall, must try in this area"
2026-02-08,18:10,Ravi Devi,+91 8375564641,45,Phone Call,Chicken Lollipop (4 pc),No,2,260,karur_kalam,No,0,260,PhonePe,3,"Okay okay taste, but konjam salt adhigama irundhuchu"
2026-02-08,19:04,Priya S,+91 7938661331,37,Walk-in,Chicken Lollipop (4 pc),No,1,130,karur_kalam,No,0,130,Cash,,
2026-02-08,18:34,Sathish,+91 6656670106,36,Phone Call,Chicken Leg (2 pc),No,1,130,karur_kalam,No,0,130,Card,4,
2026-02-08,18:11,Mary,+91 7431611724,16,Phone Call,Chicken Wings (5 pc),No,1,130,karur_kalam,No,0,130,PhonePe,5,"Freshly grilled and juicy, highly recommend"
2026-02-08,21:39,Ramesh Babu,+91 6997683890,,Walk-in,Chicken Leg (2 pc),No,2,260,karur_kalam,Yes,26,234,PhonePe,5,
2026-02-08,22:28,Kumar,+91 9193745299,60,Walk-in,Chicken Wings (5 pc),No,1,130,karur_kalam,No,0,130,PhonePe,3,
2026-02-08,17:54,Kumar S,+91 8467854458,46,Phone Call,Chicken Leg (2 pc),No,1,130,karur_kalam,No,0,130,GPay,4,"Wings semma crispy ah irundhuchu, thanks anna"
2026-02-08,18:55,Elango Prasad,+91 6822782489,,Phone Call,Chicken Leg (2 pc),No,1,130,karur_kalam,No,0,130,PhonePe,5,"Best chicken lollipop I've had, will come again"
2026-02-08,22:08,Vidya Kumar,+91 8738299737,,Walk-in,Chicken Leg (2 pc),No,1,130,karur_kalam,No,0,130,Card,3,"Average, expected more spice"
2026-02-08,20:23,Dinesh Kumar,+91 6674233629,30,Walk-in,Chicken Wings (5 pc),No,1,130,karur_kalam,No,0,130,PhonePe,,"Freshly grilled and juicy, highly recommend"
2026-02-08,17:24,John Devi,+91 7229270653,43,Phone Call,Chicken Leg (2 pc),No,1,130,karur_kalam,No,0,130,PhonePe,4,
2026-02-08,22:00,John S,+91 7824674746,50,Walk-in,Chicken Lollipop (4 pc),No,1,130,karur_kalam,No,0,130,Cash,3,
2026-02-08,19:45,Meena K,+91 8674916016,51,Walk-in,Chicken Lollipop (4 pc),No,1,130,karur_kalam,No,0,130,PhonePe,,
2026-02-08,17:49,Deepa K,+91 7370502497,58,Phone Call,Chicken Leg (2 pc),No,1,130,karur_kalam,Yes,13,117,PhonePe,4,"Ultimate taste anna, naa daily varen"
2026-02-08,20:32,,+91 7606474687,24,Walk-in,Chicken Lollipop (4 pc),No,1,130,karur_kalam,No,0,130,GPay,3,"Decent taste, price sari than"
2026-02-08,19:18,Sivakumar K,+91 6195243640,,Walk-in,Chicken Leg (2 pc),No,1,130,karur_kalam,No,0,130,Cash,2,
2026-02-08,21:11,Iniya S,+91 9287431527,56,Phone Call,Chicken Leg (2 pc),No,1,130,karur_kalam,Yes,13,117,GPay,4,"Excellent flavour, family panindhalum enjoy pannanga"
2026-02-08,18:03,Sathish Raj,+91 9791214161,32,Walk-in,Chicken Wings (5 pc),No,1,130,karur_kalam,Yes,13,117,GPay,,"Too salty, not up to the mark today"
2026-02-08,18:23,Muthu,+91 7806984775,53,Walk-in,Chicken Lollipop (4 pc),No,1,130,karur_kalam,No,0,130,Cash,4,"Amazing bbq stall, must try in this area"
2026-02-08,21:56,Vidya Raj,+91 7474517123,58,Phone Call,Chicken Leg (2 pc),No,1,130,karur_kalam,No,0,130,PhonePe,5,"Semma taste bro, chicken romba soft ah irundhuchu"
2026-02-08,18:31,Anand K,+91 7579786305,16,Walk-in,Chicken Wings (5 pc),No,1,130,karur_kalam,No,0,130,GPay,,Very tasty and quick service too
2026-02-08,21:10,Sowmya R,+91 6649328980,23,Walk-in,Chicken Lollipop (4 pc),No,1,130,karur_kalam,No,0,130,GPay,3,Quantity konjam kammiya irundhuchu but taste okay
2026-02-08,22:01,Manoj Raj,+91 6824008427,21,Phone Call,Chicken Lollipop (4 pc),No,1,130,karur_kalam,No,0,130,Cash,,"Freshly grilled and juicy, highly recommend"
2026-02-08,19:41,Senthil K,+91 8712871539,,Walk-in,Chicken Lollipop (4 pc),No,2,260,karur_kalam,Yes,26,234,PhonePe,4,"Amazing bbq stall, must try in this area"
2026-02-08,21:07,Deepa S,+91 6112805982,,Phone Call,Chicken Leg (2 pc),No,1,130,karur_kalam,No,0,130,Paytm,3,"Not bad, but waiting time konjam adhigama irundhuchu"
2026-02-08,19:27,Iniya Babu,+91 6643171390,18,Phone Call,Chicken Leg (2 pc),No,1,130,karur_kalam,No,0,130,Cash,2,"Konjam over cooked ah irundhuchu, disappointed"
2026-02-08,21:44,Bala S,+91 7160875243,46,Walk-in,Chicken Leg (2 pc),No,1,130,karur_kalam,No,0,130,GPay,,
2026-02-09,19:52,Saravanan Raj,+91 9374605233,59,Walk-in,Chicken Leg (2 pc),No,1,130,karur_kalam,No,0,130,GPay,,
2026-02-09,20:18,Kalaivani R,+91 8740748217,37,Phone Call,Chicken Wings (5 pc),No,2,260,karur_kalam,No,0,260,GPay,4,"Great value for money, fresh and hot"
2026-02-09,22:19,Pradeep Babu,+91 7462475107,54,Phone Call,Chicken Lollipop (4 pc),No,1,130,karur_kalam,Yes,13,117,Cash,,"Ultimate taste anna, naa daily varen"
2026-02-09,20:23,Vidya,+91 6715182037,,Phone Call,Chicken Lollipop (4 pc),No,1,130,karur_kalam,No,0,130,Cash,3,"Average, expected more spice"
2026-02-09,17:15,,+91 9201572018,56,Walk-in,Chicken Wings (5 pc),No,1,130,karur_kalam,No,0,130,Cash,4,"Nalla crispy ah irundhuchu, quantity um super"
2026-02-09,17:29,Joseph Kumar,+91 8714345581,23,Phone Call,Chicken Leg (2 pc),No,1,130,karur_kalam,No,0,130,PhonePe,4,
2026-02-09,20:41,Kavya,+91 6111783099,51,Walk-in,Chicken Leg (2 pc),No,1,130,karur_kalam,No,0,130,Cash,5,"Super spicy and juicy, best bbq in area"
2026-02-09,21:25,Mary,+91 7431611724,16,Phone Call,Chicken Leg (2 pc),No,1,130,karur_kalam,Yes,13,117,GPay,5,
2026-02-09,21:02,Abdul Kareem K,+91 6312920875,22,Walk-in,Chicken Leg (2 pc),No,1,130,karur_kalam,Yes,13,117,GPay,4,"Freshly grilled and juicy, highly recommend"
2026-02-09,22:33,Divya Prasad,+91 6654051531,52,Walk-in,Chicken Wings (5 pc),No,1,130,karur_kalam,No,0,130,Cash,5,"Freshly grilled and juicy, highly recommend"
2026-02-09,20:42,Divya Kumar,+91 9057662702,,Phone Call,Chicken Leg (2 pc),No,1,130,karur_kalam,No,0,130,GPay,5,"Great value for money, fresh and hot"
2026-02-09,19:46,Kumar M,+91 7622444721,25,Phone Call,Chicken Wings (5 pc),No,1,130,karur_kalam,No,0,130,GPay,5,
2026-02-09,19:44,Iniya Babu,+91 6643171390,18,Walk-in,Chicken Leg (2 pc),No,1,130,karur_kalam,No,0,130,Cash,3,"Decent taste, price sari than"
2026-02-09,20:26,Joseph K,+91 7598926256,39,Walk-in,Chicken Wings (5 pc),No,1,130,karur_kalam,Yes,13,117,GPay,4,"Super spicy and juicy, best bbq in area"
2026-02-09,19:14,Gopal,+91 7219693792,29,Walk-in,Chicken Lollipop (4 pc),No,1,130,karur_kalam,No,0,130,Cash,,Quantity konjam kammiya irundhuchu but taste okay
2026-02-09,19:36,Kavya Kumar,+91 6515220472,60,Phone Call,Chicken Lollipop (4 pc),No,1,130,karur_kalam,No,0,130,,4,"Chicken leg romba soft ah vekachu irundhuchu, super"
2026-02-09,20:17,Gowtham Babu,+91 9258896792,31,Walk-in,Chicken Leg (2 pc),No,1,130,karur_kalam,Yes,13,117,Cash,4,"Nalla crispy ah irundhuchu, quantity um super"
2026-02-09,20:17,Pradeep Kumar,+91 8841438424,,Phone Call,Chicken Lollipop (4 pc),No,1,130,karur_kalam,No,0,130,PhonePe,4,"Loved the combo, perfect spice level"
2026-02-09,20:59,Naveen Devi,+91 8111312901,33,Walk-in,Chicken Lollipop (4 pc),No,1,130,karur_kalam,No,0,130,Paytm,4,"Chicken leg romba soft ah vekachu irundhuchu, super"
2026-02-09,21:00,Sathish Kumar,+91 8843443757,37,Walk-in,Chicken Wings (5 pc),No,1,130,karur_kalam,No,0,130,Cash,,
2026-02-09,18:58,Kumar K,+91 6972832152,47,Walk-in,Chicken Leg (2 pc),No,1,130,karur_kalam,No,0,130,Cash,,"Not fresh today, taste changed"
2026-02-09,20:22,Saravanan Raj,+91 8744309634,56,Walk-in,Chicken Wings (5 pc),No,1,130,karur_kalam,No,0,130,GPay,5,"Amazing bbq stall, must try in this area"
2026-02-09,20:05,Suresh,+91 7389083863,43,Walk-in,Chicken Lollipop (4 pc),No,1,130,karur_kalam,No,0,130,Cash,5,
2026-02-09,21:00,Karthik,+91 8376545628,32,Walk-in,Chicken Wings (5 pc),No,1,130,karur_kalam,Yes,13,117,Cash,4,
2026-02-09,22:42,Suresh,+91 8294019655,42,Walk-in,Chicken Lollipop (4 pc),No,1,130,karur_kalam,No,0,130,GPay,5,
2026-02-09,20:59,Iniya R,+91 8477725228,46,Phone Call,Chicken Lollipop (4 pc),No,1,130,karur_kalam,No,0,130,,3,
2026-02-09,20:46,Gopal,+91 7258030569,,Walk-in,Chicken Leg (2 pc),No,1,130,karur_kalam,No,0,130,GPay,4,"Loved the combo, perfect spice level"
2026-02-09,18:09,Ravi K,+91 7637189239,55,Walk-in,Chicken Wings (5 pc),No,1,130,karur_kalam,No,0,130,Cash,,"Nalla crispy ah irundhuchu, quantity um super"
2026-02-09,19:30,Elango Prasad,+91 6822782489,42,Phone Call,Chicken Lollipop (4 pc),No,1,130,karur_kalam,No,0,130,GPay,4,"Kalakalappa irundhuchu, next time friends oda varen"
2026-02-09,17:02,Senthil Raj,+91 7618324210,25,Phone Call,Chicken Lollipop (4 pc),No,1,130,karur_kalam,No,0,130,GPay,5,"Kalakalappa irundhuchu, next time friends oda varen"
2026-02-09,20:21,Aishwarya Raj,+91 9807154516,,Phone Call,Chicken Wings (5 pc),No,1,130,karur_kalam,No,0,130,GPay,5,"Super spicy and juicy, best bbq in area"
2026-02-09,21:33,Pradeep Prasad,+91 6430305486,49,Phone Call,Chicken Lollipop (4 pc),No,1,130,karur_kalam,No,0,130,GPay,3,"Not bad, but waiting time konjam adhigama irundhuchu"
2026-02-09,17:58,Swathi Devi,+91 6447394731,23,Phone Call,Chicken Leg (2 pc),No,1,130,karur_kalam,No,0,130,PhonePe,5,"Nalla crispy ah irundhuchu, quantity um super"
2026-02-09,21:34,Farhan,+91 6838425135,33,Walk-in,Chicken Wings (5 pc),No,1,130,karur_kalam,Yes,13,117,GPay,4,"Great value for money, fresh and hot"
2026-02-09,22:57,Murugan Babu,+91 7058527722,19,Phone Call,Chicken Wings (5 pc),No,1,130,karur_kalam,No,0,130,Paytm,5,Very tasty and quick service too
2026-02-09,18:17,Naveen K,+91 8991022901,32,Phone Call,Chicken Leg (2 pc),No,1,130,karur_kalam,Yes,13,117,PhonePe,4,"Amazing bbq stall, must try in this area"
2026-02-09,20:37,,+91 7678812786,50,Walk-in,Chicken Wings (5 pc),No,1,130,karur_kalam,No,0,130,Cash,4,
2026-02-09,18:55,Kalaivani S,+91 8434481230,49,Walk-in,Chicken Wings (5 pc),No,2,260,karur_kalam,No,0,260,Cash,2,"Too salty, not up to the mark today"
2026-02-09,22:56,,+91 6112805982,42,Phone Call,Chicken Wings (5 pc),No,2,260,karur_kalam,Yes,26,234,GPay,4,"Ultimate taste anna, naa daily varen"
2026-02-09,18:17,Abdul Kareem,+91 7992299590,16,Phone Call,Chicken Leg (2 pc),No,1,130,karur_kalam,No,0,130,PhonePe,,"Freshly grilled and juicy, highly recommend"
2026-02-09,20:55,Elango Kumar,+91 6469901398,28,Phone Call,Chicken Lollipop (4 pc),No,2,260,karur_kalam,No,0,260,GPay,4,"Kalakalappa irundhuchu, next time friends oda varen"
2026-02-10,18:46,Senthil Raj,+91 7618324210,25,Phone Call,Chicken Wings (5 pc),No,1,130,karur_kalam,No,0,130,Cash,,
2026-02-10,22:11,Iniya K,+91 9291486528,20,Walk-in,Chicken Leg (2 pc),No,1,130,karur_kalam,No,0,130,,,Quantity konjam kammiya irundhuchu but taste okay
2026-02-10,18:58,Prakash Kumar,+91 9231665876,18,Walk-in,Chicken Leg (2 pc),No,1,130,karur_kalam,No,0,130,Cash,,"Best chicken lollipop I've had, will come again"
2026-02-10,21:48,Swathi K,+91 8191088398,24,Walk-in,Chicken Leg (2 pc),No,1,130,karur_kalam,No,0,130,,2,"Konjam over cooked ah irundhuchu, disappointed"
2026-02-10,20:40,Anand,+91 6018513279,43,Walk-in,Chicken Wings (5 pc),No,1,130,karur_kalam,No,0,130,Cash,4,
2026-02-10,18:14,Divya Prasad,+91 6654051531,52,Phone Call,Chicken Wings (5 pc),No,1,130,karur_kalam,No,0,130,Cash,4,"Chicken leg romba soft ah vekachu irundhuchu, super"
2026-02-10,20:11,Senthil R,+91 9172131451,54,Walk-in,Chicken Leg (2 pc),No,1,130,karur_kalam,No,0,130,Paytm,4,"Amazing bbq stall, must try in this area"
2026-02-10,19:46,Prakash R,+91 8945147541,15,Walk-in,Chicken Leg (2 pc),No,1,130,karur_kalam,No,0,130,Cash,5,Very tasty and quick service too
2026-02-10,19:27,Swathi K,+91 8191088398,,Walk-in,Chicken Lollipop (4 pc),No,1,130,karur_kalam,No,0,130,Cash,3,
2026-02-10,20:31,,+91 6693406088,58,Walk-in,Chicken Leg (2 pc),No,1,130,karur_kalam,No,0,130,GPay,,
2026-02-10,18:00,John Raj,+91 8198327315,50,Phone Call,Chicken Wings (5 pc),No,1,130,karur_kalam,No,0,130,PhonePe,5,Very tasty and quick service too
2026-02-10,21:08,,+91 8294019655,42,Walk-in,Chicken Wings (5 pc),No,1,130,karur_kalam,No,0,130,PhonePe,2,
2026-02-10,18:09,Nithya Kumar,+91 7302126065,18,Walk-in,Chicken Leg (2 pc),No,1,130,karur_kalam,No,0,130,GPay,5,"Super spicy and juicy, best bbq in area"
2026-02-10,21:44,Pradeep Devi,+91 7757059640,19,Walk-in,Chicken Lollipop (4 pc),No,1,130,karur_kalam,No,0,130,PhonePe,,Very tasty and quick service too
2026-02-10,17:48,Sowmya Kumar,+91 8403317393,40,Walk-in,Chicken Leg (2 pc),No,1,130,karur_kalam,No,0,130,Paytm,2,"Konjam over cooked ah irundhuchu, disappointed"
2026-02-10,19:52,Harish Prasad,+91 8984362418,39,Walk-in,Chicken Wings (5 pc),No,1,130,karur_kalam,No,0,130,Cash,3,"Average, expected more spice"
2026-02-10,20:12,Divya Kumar,+91 9057662702,47,Walk-in,Chicken Wings (5 pc),No,1,130,karur_kalam,No,0,130,PhonePe,,
2026-02-10,18:00,Elango Kumar,+91 6469901398,28,Walk-in,Chicken Lollipop (4 pc),No,1,130,karur_kalam,No,0,130,Cash,2,"Waiting time mikka adhigama irundhuchu, service slow"
2026-02-10,21:02,Ravi K,+91 9965328710,22,Phone Call,Chicken Lollipop (4 pc),No,1,130,karur_kalam,No,0,130,GPay,3,"Taste romba pramadham illa, sagalama irundhuchu"
2026-02-10,21:08,Vidya Raj,+91 7474517123,,Walk-in,Chicken Lollipop (4 pc),No,1,130,karur_kalam,No,0,130,PhonePe,5,"Excellent flavour, family panindhalum enjoy pannanga"
2026-02-10,18:43,Vidya,+91 7096790422,,Phone Call,Chicken Wings (5 pc),No,1,130,karur_kalam,No,0,130,GPay,5,"Super spicy and juicy, best bbq in area"
2026-02-10,19:08,Senthil,+91 7141888059,,Phone Call,Chicken Wings (5 pc),No,1,130,karur_kalam,No,0,130,PhonePe,5,"Freshly grilled and juicy, highly recommend"
2026-02-10,22:31,Deepa,+91 9339912971,15,Walk-in,Chicken Leg (2 pc),No,1,130,karur_kalam,Yes,13,117,PhonePe,5,
2026-02-10,20:02,Gowtham,+91 8955112747,31,Walk-in,Chicken Lollipop (4 pc),No,1,130,karur_kalam,No,0,130,Cash,4,"Amazing bbq stall, must try in this area"
2026-02-10,21:15,Harish,+91 9589551687,,Walk-in,Chicken Leg (2 pc),No,1,130,karur_kalam,No,0,130,GPay,5,"Semma taste bro, chicken romba soft ah irundhuchu"
2026-02-10,20:22,,+91 8053773515,,Walk-in,Chicken Wings (5 pc),No,1,130,karur_kalam,No,0,130,PhonePe,4,"Super spicy and juicy, best bbq in area"
2026-02-10,19:34,Kalaivani,+91 6216636515,36,Walk-in,Chicken Leg (2 pc),No,1,130,karur_kalam,No,0,130,Cash,4,"Kalakalappa irundhuchu, next time friends oda varen"
2026-02-10,21:30,Pradeep Devi,+91 7757059640,19,Walk-in,Chicken Lollipop (4 pc),No,1,130,karur_kalam,Yes,13,117,PhonePe,4,
2026-02-10,19:05,Senthil S,+91 7028439599,,Walk-in,Chicken Wings (5 pc),No,1,130,karur_kalam,No,0,130,Cash,,"Freshly grilled and juicy, highly recommend"
2026-02-10,19:48,Prakash Devi,+91 7689702838,35,Walk-in,Chicken Leg (2 pc),No,2,260,karur_kalam,No,0,260,Paytm,,"Okay okay taste, but konjam salt adhigama irundhuchu"
2026-02-10,21:47,Sowmya Prasad,+91 7659608931,57,Phone Call,Chicken Lollipop (4 pc),No,1,130,karur_kalam,No,0,130,Paytm,3,
2026-02-10,18:24,Prakash Prasad,+91 8164807279,21,Walk-in,Chicken Leg (2 pc),No,1,130,karur_kalam,Yes,13,117,GPay,5,"Best chicken lollipop I've had, will come again"
2026-02-10,20:55,Sathish Kumar,+91 8843443757,37,Walk-in,Chicken Lollipop (4 pc),No,1,130,karur_kalam,No,0,130,Paytm,,
2026-02-10,18:11,Deepa Babu,+91 8527111161,38,Phone Call,Chicken Lollipop (4 pc),No,1,130,karur_kalam,No,0,130,PhonePe,5,"Wings semma crispy ah irundhuchu, thanks anna"
2026-02-10,20:44,Vignesh Devi,+91 9632016328,44,Phone Call,Chicken Leg (2 pc),No,1,130,karur_kalam,No,0,130,PhonePe,4,
2026-02-10,19:24,Arun,+91 6961798178,52,Walk-in,Chicken Wings (5 pc),No,2,260,karur_kalam,No,0,260,Cash,5,"Chicken leg romba soft ah vekachu irundhuchu, super"
2026-02-10,21:53,Anitha Prasad,+91 9605384444,41,Walk-in,Chicken Wings (5 pc),No,2,260,karur_kalam,No,0,260,Cash,2,
2026-02-10,18:07,Deepa Kumar,+91 9396096262,40,Walk-in,Chicken Leg (2 pc),No,1,130,karur_kalam,No,0,130,PhonePe,4,"Wings semma crispy ah irundhuchu, thanks anna"
2026-02-10,19:40,Selvam M,+91 6334123281,25,Walk-in,Chicken Leg (2 pc),No,1,130,karur_kalam,No,0,130,Cash,3,"Not bad, but waiting time konjam adhigama irundhuchu"
2026-02-10,20:17,Vijay M,+91 9027523343,,Walk-in,Chicken Wings (5 pc),No,1,130,karur_kalam,No,0,130,PhonePe,5,
2026-02-10,19:11,Sivakumar,+91 7856543102,46,Walk-in,Chicken Wings (5 pc),No,1,130,karur_kalam,No,0,130,Cash,3,"Taste romba pramadham illa, sagalama irundhuchu"
2026-02-10,22:04,Rajesh M,+91 9504773586,42,Walk-in,Chicken Wings (5 pc),No,1,130,karur_kalam,No,0,130,Cash,3,
2026-02-10,20:54,Pradeep Kumar,+91 8160607159,42,Phone Call,Chicken Lollipop (4 pc),No,1,130,karur_kalam,No,0,130,PhonePe,3,"Okay okay taste, but konjam salt adhigama irundhuchu"
2026-02-10,17:08,Sowmya M,+91 6284139080,48,Walk-in,Chicken Wings (5 pc),No,2,260,karur_kalam,No,0,260,Paytm,3,Quantity konjam kammiya irundhuchu but taste okay
2026-02-10,21:31,Vidya,+91 6715182037,43,Phone Call,Chicken Lollipop (4 pc),No,2,260,karur_kalam,No,0,260,GPay,3,"It was fine, nothing special"
2026-02-10,21:37,Suresh K,+91 6531003309,24,Phone Call,Chicken Leg (2 pc),No,2,260,karur_kalam,No,0,260,Cash,5,"Vera level taste, oru sight ah irundhuchu"
2026-02-10,22:32,Aishwarya Devi,+91 9694591966,27,Walk-in,Chicken Lollipop (4 pc),No,1,130,karur_kalam,No,0,130,GPay,4,"Freshly grilled and juicy, highly recommend"
2026-02-10,19:00,Iniya S,+91 8601256253,19,Walk-in,Chicken Leg (2 pc),No,1,130,karur_kalam,No,0,130,Cash,4,
2026-02-10,18:35,Gopal Raj,+91 8961586578,17,Walk-in,Chicken Leg (2 pc),No,1,130,karur_kalam,No,0,130,Cash,4,"Wings semma crispy ah irundhuchu, thanks anna"
2026-02-10,20:02,Fathima K,+91 8419866524,17,Walk-in,Chicken Lollipop (4 pc),No,1,130,karur_kalam,No,0,130,Cash,,
2026-02-10,21:36,Nithya Devi,+91 6251778528,55,Walk-in,Chicken Leg (2 pc),No,1,130,karur_kalam,No,0,130,Cash,,"Ultimate taste anna, naa daily varen"
2026-02-10,19:29,Meena,+91 6501716445,37,Walk-in,Chicken Lollipop (4 pc),No,1,130,karur_kalam,No,0,130,Cash,4,
2026-02-10,22:55,Arun,+91 7002156321,27,Walk-in,Chicken Lollipop (4 pc),No,1,130,karur_kalam,No,0,130,Card,5,"Chicken leg romba soft ah vekachu irundhuchu, super"
2026-02-10,19:44,,+91 9015430391,,Phone Call,Chicken Lollipop (4 pc),No,2,260,karur_kalam,No,0,260,,3,
2026-02-10,18:33,,+91 8648236629,51,Phone Call,Chicken Lollipop (4 pc),No,1,130,karur_kalam,No,0,130,GPay,5,"Amazing bbq stall, must try in this area"
2026-02-10,19:24,Priya K,+91 9314415833,59,Walk-in,Chicken Lollipop (4 pc),No,1,130,karur_kalam,Yes,13,117,GPay,5,
2026-02-10,19:09,Pradeep K,+91 7583132370,38,Phone Call,Chicken Lollipop (4 pc),No,1,130,karur_kalam,No,0,130,GPay,4,
2026-02-10,19:43,Pradeep Kumar,+91 8160607159,42,Phone Call,Chicken Leg (2 pc),No,1,130,karur_kalam,No,0,130,,4,Very tasty and quick service too
2026-02-10,20:32,Murugan,+91 7072407875,31,Walk-in,Chicken Lollipop (4 pc),No,1,130,karur_kalam,Yes,13,117,Cash,4,
2026-02-10,18:17,John Babu,+91 9015430391,20,Walk-in,Chicken Lollipop (4 pc),No,1,130,karur_kalam,No,0,130,Cash,5,"Wings semma crispy ah irundhuchu, thanks anna"
2026-02-11,20:15,John Babu,+91 9015430391,20,Walk-in,Chicken Leg (2 pc),No,1,130,karur_kalam,No,0,130,Paytm,5,"Best chicken lollipop I've had, will come again"
2026-02-11,20:44,Vignesh K,+91 9661347323,37,Walk-in,Chicken Wings (5 pc),No,1,130,karur_kalam,No,0,130,Cash,5,
2026-02-11,21:00,Vignesh Kumar,+91 7512257207,42,Walk-in,Chicken Leg (2 pc),No,1,130,karur_kalam,No,0,130,Cash,3,"Not bad, but waiting time konjam adhigama irundhuchu"
2026-02-11,22:53,Lakshmi,+91 9449251925,34,Phone Call,Chicken Leg (2 pc),No,2,260,karur_kalam,No,0,260,GPay,4,"Semma taste bro, chicken romba soft ah irundhuchu"
2026-02-11,21:57,Arun Raj,+91 8775847457,15,Walk-in,Chicken Wings (5 pc),No,1,130,karur_kalam,No,0,130,PhonePe,,"Great value for money, fresh and hot"
2026-02-11,19:06,Elango R,+91 6263257039,59,Walk-in,Chicken Leg (2 pc),No,1,130,karur_kalam,No,0,130,,4,"Kalakalappa irundhuchu, next time friends oda varen"
2026-02-11,22:50,Manoj Raj,+91 8569644309,48,Walk-in,Chicken Leg (2 pc),No,2,260,karur_kalam,No,0,260,GPay,5,"Super spicy and juicy, best bbq in area"
2026-02-11,20:19,,+91 6574733848,59,Phone Call,Chicken Leg (2 pc),No,1,130,karur_kalam,Yes,13,117,PhonePe,,
2026-02-11,17:22,Farhan Devi,+91 9416052975,,Walk-in,Chicken Leg (2 pc),No,1,130,karur_kalam,Yes,13,117,GPay,4,
2026-02-11,21:09,Joseph Prasad,+91 6756551256,59,Phone Call,Chicken Wings (5 pc),No,1,130,karur_kalam,No,0,130,Paytm,4,Very tasty and quick service too
2026-02-11,18:49,Dhanush Kumar,+91 6753666144,53,Walk-in,Chicken Wings (5 pc),No,1,130,karur_kalam,No,0,130,PhonePe,4,"Freshly grilled and juicy, highly recommend"
2026-02-11,19:56,Anand Devi,+91 9737826398,23,Phone Call,Chicken Lollipop (4 pc),No,1,130,karur_kalam,No,0,130,GPay,4,"Amazing bbq stall, must try in this area"
2026-02-11,19:26,Divya Kumar,+91 9057662702,47,Phone Call,Chicken Lollipop (4 pc),No,1,130,karur_kalam,No,0,130,GPay,5,"Great value for money, fresh and hot"
2026-02-11,20:23,Joseph R,+91 9870568566,24,Phone Call,Chicken Lollipop (4 pc),No,2,260,karur_kalam,No,0,260,PhonePe,5,"Ultimate taste anna, naa daily varen"
2026-02-11,18:37,Bala Devi,+91 6787010415,53,Walk-in,Chicken Lollipop (4 pc),No,1,130,karur_kalam,Yes,13,117,PhonePe,4,
2026-02-11,18:40,Murugan Prasad,+91 9527758416,,Phone Call,Chicken Wings (5 pc),No,1,130,karur_kalam,No,0,130,PhonePe,4,
2026-02-11,18:06,Kumar,+91 9193745299,60,Phone Call,Chicken Lollipop (4 pc),No,1,130,karur_kalam,Yes,13,117,GPay,2,"Quantity kammiya kudutanga, not worth the price"
2026-02-11,21:34,Dinesh S,+91 7465787133,19,Phone Call,Chicken Lollipop (4 pc),No,1,130,karur_kalam,No,0,130,PhonePe,4,
2026-02-11,18:47,Meena,+91 7018366752,,Phone Call,Chicken Leg (2 pc),No,2,260,karur_kalam,Yes,26,234,PhonePe,2,
2026-02-11,20:06,Swathi R,+91 9230913075,41,Phone Call,Chicken Wings (5 pc),No,1,130,karur_kalam,Yes,13,117,GPay,4,
2026-02-11,20:42,Joseph Prasad,+91 6756551256,59,Phone Call,Chicken Leg (2 pc),No,1,130,karur_kalam,No,0,130,Cash,4,"Semma taste bro, chicken romba soft ah irundhuchu"
2026-02-11,19:45,Bala Prasad,+91 9402588358,39,Walk-in,Chicken Leg (2 pc),No,1,130,karur_kalam,No,0,130,PhonePe,3,"Average, expected more spice"
2026-02-11,17:01,Meena,+91 9679298842,59,Walk-in,Chicken Lollipop (4 pc),No,1,130,karur_kalam,No,0,130,PhonePe,5,
2026-02-11,20:53,Aishwarya R,+91 9533126610,54,Walk-in,Chicken Wings (5 pc),No,1,130,karur_kalam,No,0,130,PhonePe,2,
2026-02-11,17:02,Divya,+91 7347743326,,Walk-in,Chicken Wings (5 pc),No,1,130,karur_kalam,No,0,130,Paytm,,"Taste romba pramadham illa, sagalama irundhuchu"
2026-02-11,20:31,Divya Prasad,+91 6654051531,,Phone Call,Chicken Wings (5 pc),No,1,130,karur_kalam,No,0,130,Paytm,4,"Freshly grilled and juicy, highly recommend"
2026-02-11,19:24,Ayesha Babu,+91 7145623285,48,Walk-in,Chicken Wings (5 pc),No,1,130,karur_kalam,No,0,130,Cash,5,"Chicken leg romba soft ah vekachu irundhuchu, super"
2026-02-11,21:18,Farhan,+91 6838425135,33,Phone Call,Chicken Wings (5 pc),No,1,130,karur_kalam,Yes,13,117,Cash,4,"Ultimate taste anna, naa daily varen"
2026-02-11,20:19,Sathish,+91 6037917693,60,Walk-in,Chicken Leg (2 pc),No,1,130,karur_kalam,No,0,130,GPay,3,"Taste romba pramadham illa, sagalama irundhuchu"
2026-02-11,17:31,Ayesha Prasad,+91 8005643502,28,Walk-in,Chicken Lollipop (4 pc),No,1,130,karur_kalam,No,0,130,Paytm,,
2026-02-11,18:46,Bala S,+91 6988516560,33,Phone Call,Chicken Wings (5 pc),No,1,130,karur_kalam,No,0,130,,4,"Super spicy and juicy, best bbq in area"
2026-02-11,17:03,Sivakumar,+91 7986800025,45,Phone Call,Chicken Wings (5 pc),No,1,130,karur_kalam,No,0,130,Paytm,4,Very tasty and quick service too
2026-02-11,18:27,Harish R,+91 6870662668,23,Phone Call,Chicken Wings (5 pc),No,1,130,karur_kalam,Yes,13,117,GPay,,"Taste romba pramadham illa, sagalama irundhuchu"
2026-02-11,22:00,Elango Devi,+91 9837770143,40,Phone Call,Chicken Wings (5 pc),No,1,130,karur_kalam,No,0,130,GPay,5,Very tasty and quick service too
2026-02-11,18:18,Gopal K,+91 6607337543,29,Walk-in,Chicken Wings (5 pc),No,1,130,karur_kalam,No,0,130,GPay,,
2026-02-11,19:58,Revathi S,+91 6080132677,28,Phone Call,Chicken Lollipop (4 pc),No,1,130,karur_kalam,Yes,13,117,PhonePe,5,"Best chicken lollipop I've had, will come again"
2026-02-11,21:33,,+91 8384588105,41,Walk-in,Chicken Lollipop (4 pc),No,1,130,karur_kalam,No,0,130,Paytm,5,"Vera level taste, oru sight ah irundhuchu"
2026-02-11,20:29,Arun Kumar,+91 7675869261,,Phone Call,Chicken Lollipop (4 pc),No,1,130,karur_kalam,No,0,130,PhonePe,5,"Semma taste bro, chicken romba soft ah irundhuchu"
2026-02-11,19:01,Sivakumar R,+91 8902787429,42,Walk-in,Chicken Wings (5 pc),No,1,130,karur_kalam,No,0,130,PhonePe,4,"Super spicy and juicy, best bbq in area"
2026-02-11,21:59,Iniya Babu,+91 6643171390,18,Phone Call,Chicken Leg (2 pc),No,1,130,karur_kalam,No,0,130,Cash,4,"Semma taste bro, chicken romba soft ah irundhuchu"
2026-02-11,20:33,Sivakumar M,+91 7059660186,58,Walk-in,Chicken Lollipop (4 pc),No,2,260,karur_kalam,No,0,260,GPay,5,
2026-02-11,18:34,Vignesh Prasad,+91 8443135182,27,Phone Call,Chicken Lollipop (4 pc),No,2,260,karur_kalam,Yes,26,234,Cash,2,
2026-02-11,17:19,,+91 6659401399,,Phone Call,Chicken Leg (2 pc),No,1,130,karur_kalam,No,0,130,PhonePe,5,Very tasty and quick service too
2026-02-11,19:16,Revathi Prasad,+91 6707057836,18,Walk-in,Chicken Leg (2 pc),No,1,130,karur_kalam,No,0,130,Paytm,3,
2026-02-11,17:43,Kumar,+91 8953278774,46,Walk-in,Chicken Leg (2 pc),No,2,260,karur_kalam,No,0,260,Cash,5,"Freshly grilled and juicy, highly recommend"
2026-02-11,21:54,Revathi Raj,+91 8499045301,44,Phone Call,Chicken Leg (2 pc),No,1,130,karur_kalam,No,0,130,Cash,5,
2026-02-11,19:52,Revathi S,+91 6080132677,,Walk-in,Chicken Lollipop (4 pc),No,1,130,karur_kalam,No,0,130,Cash,3,"Okay okay taste, but konjam salt adhigama irundhuchu"
2026-02-11,22:23,Joseph Prasad,+91 6756551256,59,Walk-in,Chicken Leg (2 pc),No,1,130,karur_kalam,Yes,13,117,Card,4,Very tasty and quick service too
2026-02-11,21:32,Vidya,+91 6489325288,15,Walk-in,Chicken Leg (2 pc),No,1,130,karur_kalam,No,0,130,GPay,3,"Taste romba pramadham illa, sagalama irundhuchu"
2026-02-11,22:59,Swathi Devi,+91 6447394731,23,Phone Call,Chicken Leg (2 pc),No,2,260,karur_kalam,Yes,26,234,PhonePe,,
2026-02-11,19:53,Sowmya Prasad,+91 6104328986,22,Phone Call,Chicken Lollipop (4 pc),No,1,130,karur_kalam,No,0,130,GPay,4,"Freshly grilled and juicy, highly recommend"
2026-02-11,20:28,Iniya R,+91 8477725228,46,Walk-in,Chicken Leg (2 pc),No,2,260,karur_kalam,No,0,260,Card,4,"Loved the combo, perfect spice level"
2026-02-11,19:36,John Devi,+91 7229270653,43,Phone Call,Chicken Leg (2 pc),No,1,130,karur_kalam,Yes,13,117,GPay,,"Loved the combo, perfect spice level"
2026-02-11,17:26,Swathi Devi,+91 6447394731,23,Walk-in,Chicken Wings (5 pc),No,1,130,karur_kalam,No,0,130,Cash,,
2026-02-11,19:35,Naveen Devi,+91 7873342708,41,Walk-in,Chicken Wings (5 pc),No,1,130,karur_kalam,No,0,130,Cash,,
2026-02-11,21:58,Ravi K,+91 9965328710,,Phone Call,Chicken Leg (2 pc),No,1,130,karur_kalam,No,0,130,Cash,2,
2026-02-12,19:30,Kumar K,+91 8155999101,,Walk-in,Chicken Leg (2 pc),No,1,130,karur_kalam,No,0,130,PhonePe,5,
2026-02-12,19:36,Ayesha S,+91 6209957657,,Walk-in,Chicken Wings (5 pc),No,1,130,karur_kalam,No,0,130,Cash,4,Very tasty and quick service too
2026-02-12,21:27,Kumar Kumar,+91 6190790306,43,Phone Call,Chicken Leg (2 pc),No,1,130,karur_kalam,No,0,130,Paytm,3,Quantity konjam kammiya irundhuchu but taste okay
2026-02-12,22:18,Farhan,+91 6838425135,33,Walk-in,Chicken Leg (2 pc),No,1,130,karur_kalam,No,0,130,GPay,3,
2026-02-12,20:46,Prakash,+91 7882090883,15,Walk-in,Chicken Lollipop (4 pc),No,2,260,karur_kalam,No,0,260,Paytm,5,
2026-02-12,19:55,Selvam,+91 9400524278,60,Phone Call,Chicken Lollipop (4 pc),No,1,130,karur_kalam,No,0,130,GPay,,
2026-02-12,20:17,Ayesha Babu,+91 7145623285,48,Phone Call,Chicken Lollipop (4 pc),No,1,130,karur_kalam,No,0,130,GPay,5,"Best chicken lollipop I've had, will come again"
2026-02-12,20:53,Prakash R,+91 7691669784,50,Phone Call,Chicken Lollipop (4 pc),No,1,130,karur_kalam,No,0,130,Cash,5,Very tasty and quick service too
2026-02-12,18:52,Manoj Raj,+91 6824008427,21,Phone Call,Chicken Wings (5 pc),No,2,260,karur_kalam,Yes,26,234,GPay,,"Best chicken lollipop I've had, will come again"
2026-02-12,20:39,Swathi,+91 6812191361,51,Walk-in,Chicken Lollipop (4 pc),No,1,130,karur_kalam,No,0,130,GPay,5,"Kalakalappa irundhuchu, next time friends oda varen"
2026-02-12,22:57,Mary Devi,+91 7578243477,55,Walk-in,Chicken Wings (5 pc),No,1,130,karur_kalam,No,0,130,Cash,4,"Loved the combo, perfect spice level"
2026-02-12,19:08,Gopal K,+91 6974993097,25,Phone Call,Chicken Leg (2 pc),No,2,260,karur_kalam,No,0,260,GPay,,"Not bad, but waiting time konjam adhigama irundhuchu"
2026-02-12,21:21,Suresh Raj,+91 8836085456,,Walk-in,Chicken Leg (2 pc),No,1,130,karur_kalam,No,0,130,Cash,,
2026-02-12,20:21,Yazhini R,+91 9582029702,19,Phone Call,Chicken Wings (5 pc),No,1,130,karur_kalam,No,0,130,Paytm,,Very tasty and quick service too
2026-02-12,17:03,Iniya Babu,+91 6643171390,18,Walk-in,Chicken Wings (5 pc),No,2,260,karur_kalam,Yes,26,234,PhonePe,5,"Amazing bbq stall, must try in this area"
2026-02-12,22:21,Sathish,+91 6037917693,60,Walk-in,Chicken Wings (5 pc),No,1,130,karur_kalam,No,0,130,PhonePe,4,
2026-02-12,20:10,Arun Babu,+91 8940781618,33,Walk-in,Chicken Lollipop (4 pc),No,1,130,karur_kalam,Yes,13,117,Cash,2,
2026-02-12,19:52,Anand,+91 6993308330,21,Phone Call,Chicken Leg (2 pc),No,1,130,karur_kalam,No,0,130,GPay,4,"Super spicy and juicy, best bbq in area"
2026-02-12,20:58,John Devi,+91 7229270653,43,Walk-in,Chicken Leg (2 pc),No,2,260,karur_kalam,No,0,260,PhonePe,5,"Wings semma crispy ah irundhuchu, thanks anna"
2026-02-12,22:35,Sathish M,+91 8568044731,31,Walk-in,Chicken Wings (5 pc),No,1,130,karur_kalam,No,0,130,Cash,4,"Wings semma crispy ah irundhuchu, thanks anna"
2026-02-12,19:09,Vidya Kumar,+91 9076581739,16,Walk-in,Chicken Leg (2 pc),No,1,130,karur_kalam,No,0,130,Cash,,"Great value for money, fresh and hot"
2026-02-12,21:36,Lakshmi,+91 9449251925,34,Phone Call,Chicken Wings (5 pc),No,1,130,karur_kalam,No,0,130,GPay,3,
2026-02-12,19:00,,+91 9558867533,51,Walk-in,Chicken Wings (5 pc),No,1,130,karur_kalam,No,0,130,GPay,5,
2026-02-12,18:28,Abdul Kareem Prasad,+91 8357788116,59,Walk-in,Chicken Lollipop (4 pc),No,1,130,karur_kalam,Yes,13,117,PhonePe,3,
2026-02-12,17:07,Kumar Prasad,+91 6473210469,41,Phone Call,Chicken Wings (5 pc),No,2,260,karur_kalam,No,0,260,GPay,4,"Kalakalappa irundhuchu, next time friends oda varen"
2026-02-12,22:46,Anand S,+91 8959224839,60,Walk-in,Chicken Leg (2 pc),No,1,130,karur_kalam,No,0,130,Paytm,,"Loved the combo, perfect spice level"
2026-02-12,19:35,Karthik Babu,+91 9227104331,,Walk-in,Chicken Wings (5 pc),No,1,130,karur_kalam,No,0,130,Cash,3,"Taste romba pramadham illa, sagalama irundhuchu"
2026-02-12,18:51,Anand Raj,+91 9945964883,,Walk-in,Chicken Lollipop (4 pc),No,1,130,karur_kalam,No,0,130,Cash,3,
2026-02-12,17:32,Ayesha M,+91 8973203319,,Walk-in,Chicken Leg (2 pc),No,1,130,karur_kalam,Yes,13,117,Paytm,4,"Semma taste bro, chicken romba soft ah irundhuchu"
2026-02-12,19:19,Senthil,+91 7141888059,23,Walk-in,Chicken Leg (2 pc),No,1,130,karur_kalam,No,0,130,Cash,4,"Wings semma crispy ah irundhuchu, thanks anna"
2026-02-12,19:27,Dinesh,+91 8268774186,56,Walk-in,Chicken Leg (2 pc),No,1,130,karur_kalam,No,0,130,PhonePe,2,"Waiting time mikka adhigama irundhuchu, service slow"
2026-02-12,19:06,Manoj S,+91 9823004786,49,Phone Call,Chicken Wings (5 pc),No,1,130,karur_kalam,No,0,130,Cash,3,"Not bad, but waiting time konjam adhigama irundhuchu"
2026-02-12,21:17,Gopal Raj,+91 8717464887,43,Walk-in,Chicken Leg (2 pc),No,1,130,karur_kalam,Yes,13,117,Card,4,"Loved the combo, perfect spice level"
2026-02-12,21:07,,+91 9727810509,60,Walk-in,Chicken Wings (5 pc),No,2,260,karur_kalam,No,0,260,Cash,5,"Chicken leg romba soft ah vekachu irundhuchu, super"
2026-02-12,17:53,Pradeep Babu,+91 7462475107,54,Walk-in,Chicken Lollipop (4 pc),No,1,130,karur_kalam,No,0,130,GPay,4,
2026-02-12,21:42,Ramesh Prasad,+91 7715518844,25,Phone Call,Chicken Leg (2 pc),No,2,260,karur_kalam,No,0,260,GPay,4,
2026-02-12,18:29,Prakash K,+91 8127049386,26,Walk-in,Chicken Wings (5 pc),No,1,130,karur_kalam,No,0,130,GPay,5,
2026-02-12,22:49,Deepa S,+91 6112805982,42,Walk-in,Chicken Wings (5 pc),No,1,130,karur_kalam,No,0,130,GPay,3,"Okay okay taste, but konjam salt adhigama irundhuchu"
2026-02-12,22:12,Meena,+91 7606474687,24,Phone Call,Chicken Wings (5 pc),No,1,130,karur_kalam,No,0,130,PhonePe,5,"Vera level taste, oru sight ah irundhuchu"
2026-02-12,18:18,Sivakumar R,+91 8902787429,42,Phone Call,Chicken Leg (2 pc),No,1,130,karur_kalam,Yes,13,117,GPay,,
2026-02-12,21:02,Sivakumar,+91 7856543102,46,Phone Call,Chicken Leg (2 pc),No,1,130,karur_kalam,No,0,130,PhonePe,5,"Excellent flavour, family panindhalum enjoy pannanga"
2026-02-12,20:32,Gopal Prasad,+91 7400499154,,Phone Call,Chicken Leg (2 pc),No,1,130,karur_kalam,No,0,130,GPay,5,"Freshly grilled and juicy, highly recommend"
2026-02-12,18:22,Ravi Kumar,+91 9401827279,,Walk-in,Chicken Leg (2 pc),No,1,130,karur_kalam,No,0,130,,4,"Ultimate taste anna, naa daily varen"
2026-02-12,17:51,Farhan,+91 6838425135,,Phone Call,Chicken Lollipop (4 pc),No,1,130,karur_kalam,No,0,130,Cash,4,"Nalla crispy ah irundhuchu, quantity um super"
2026-02-12,19:36,Elango Devi,+91 9345957640,29,Walk-in,Chicken Leg (2 pc),No,1,130,karur_kalam,No,0,130,GPay,5,"Excellent flavour, family panindhalum enjoy pannanga"
2026-02-12,21:08,Karthik S,+91 9131712748,60,Walk-in,Chicken Lollipop (4 pc),No,1,130,karur_kalam,No,0,130,Card,5,
2026-02-12,19:42,Kumar M,+91 6916998543,57,Walk-in,Chicken Leg (2 pc),No,1,130,karur_kalam,No,0,130,Cash,5,
2026-02-12,21:23,Vignesh Prasad,+91 8443135182,,Walk-in,Chicken Lollipop (4 pc),No,1,130,karur_kalam,No,0,130,GPay,4,"Kalakalappa irundhuchu, next time friends oda varen"
2026-02-12,19:15,Murugan Babu,+91 7058527722,19,Phone Call,Chicken Lollipop (4 pc),No,1,130,karur_kalam,No,0,130,GPay,5,"Amazing bbq stall, must try in this area"
2026-02-12,20:00,Bala Devi,+91 8469681579,16,Walk-in,Chicken Lollipop (4 pc),No,1,130,karur_kalam,No,0,130,Cash,4,
2026-02-12,20:27,John S,+91 6693406088,58,Phone Call,Chicken Leg (2 pc),No,2,260,karur_kalam,No,0,260,GPay,2,"Waiting time mikka adhigama irundhuchu, service slow"
2026-02-12,19:36,,+91 8622681715,58,Walk-in,Chicken Lollipop (4 pc),No,1,130,karur_kalam,No,0,130,Cash,5,"Wings semma crispy ah irundhuchu, thanks anna"
2026-02-13,19:48,Yazhini Devi,+91 9046419785,45,Walk-in,Chicken Leg (2 pc),No,1,130,karur_kalam,No,0,130,Cash,,"Great value for money, fresh and hot"
2026-02-13,19:29,Ravi K,+91 7054932966,47,Phone Call,Chicken Lollipop (4 pc),No,1,130,karur_kalam,No,0,130,PhonePe,3,
2026-02-13,19:52,Harish K,+91 8965137098,35,Walk-in,Chicken Lollipop (4 pc),No,1,130,karur_kalam,Yes,13,117,Cash,4,"Great value for money, fresh and hot"
2026-02-13,17:47,Joseph M,+91 8931034131,39,Phone Call,Chicken Lollipop (4 pc),No,1,130,karur_kalam,No,0,130,GPay,4,"Semma taste bro, chicken romba soft ah irundhuchu"
2026-02-13,19:39,Gopal K,+91 6607337543,29,Phone Call,Chicken Lollipop (4 pc),No,1,130,karur_kalam,No,0,130,,5,
2026-02-13,20:46,Prakash R,+91 7691669784,50,Phone Call,Chicken Lollipop (4 pc),No,1,130,karur_kalam,Yes,13,117,Cash,5,"Freshly grilled and juicy, highly recommend"
2026-02-13,20:13,Deepa Devi,+91 6241613944,54,Walk-in,Chicken Lollipop (4 pc),No,2,260,karur_kalam,No,0,260,Cash,5,
2026-02-13,19:14,Anand S,+91 6962440630,41,Walk-in,Chicken Leg (2 pc),No,1,130,karur_kalam,No,0,130,Card,,
2026-02-13,20:34,Abdul Kareem,+91 7992299590,16,Phone Call,Chicken Wings (5 pc),No,1,130,karur_kalam,No,0,130,GPay,5,"Chicken leg romba soft ah vekachu irundhuchu, super"
2026-02-13,18:44,Ayesha Raj,+91 9474367136,51,Phone Call,Chicken Leg (2 pc),No,2,260,karur_kalam,No,0,260,PhonePe,5,
2026-02-13,18:33,Anitha S,+91 6995604661,50,Phone Call,Chicken Lollipop (4 pc),No,1,130,karur_kalam,No,0,130,GPay,3,"Decent taste, price sari than"
2026-02-13,19:48,,+91 9527858549,45,Walk-in,Chicken Leg (2 pc),No,1,130,karur_kalam,No,0,130,Cash,3,"Taste romba pramadham illa, sagalama irundhuchu"
2026-02-13,17:13,Vignesh Prasad,+91 8443135182,27,Phone Call,Chicken Lollipop (4 pc),No,1,130,karur_kalam,No,0,130,PhonePe,4,"Wings semma crispy ah irundhuchu, thanks anna"
2026-02-13,18:57,Sathish,+91 6037917693,60,Phone Call,Chicken Wings (5 pc),No,1,130,karur_kalam,No,0,130,GPay,5,
2026-02-13,20:25,Murugan S,+91 7449353487,31,Phone Call,Chicken Leg (2 pc),No,1,130,karur_kalam,No,0,130,GPay,5,"Freshly grilled and juicy, highly recommend"
2026-02-13,20:21,Dinesh K,+91 9401489025,16,Walk-in,Chicken Lollipop (4 pc),No,1,130,karur_kalam,No,0,130,Cash,3,
2026-02-13,18:39,Sivakumar,+91 7856543102,46,Walk-in,Chicken Lollipop (4 pc),No,1,130,karur_kalam,No,0,130,Cash,5,"Wings semma crispy ah irundhuchu, thanks anna"
2026-02-13,18:30,Suresh Babu,+91 7297150968,47,Walk-in,Chicken Wings (5 pc),No,1,130,karur_kalam,No,0,130,PhonePe,5,"Nalla crispy ah irundhuchu, quantity um super"
2026-02-13,18:11,Ramesh Kumar,+91 8376724238,49,Phone Call,Chicken Wings (5 pc),No,1,130,karur_kalam,No,0,130,GPay,4,
2026-02-13,20:01,Gowtham Kumar,+91 9100687616,31,Walk-in,Chicken Lollipop (4 pc),No,1,130,karur_kalam,No,0,130,GPay,,"Kalakalappa irundhuchu, next time friends oda varen"
2026-02-13,22:40,Abdul Kareem S,+91 9008484086,26,Walk-in,Chicken Leg (2 pc),No,1,130,karur_kalam,No,0,130,Cash,5,Very tasty and quick service too
2026-02-13,18:26,Yazhini Devi,+91 8648236629,51,Phone Call,Chicken Leg (2 pc),No,1,130,karur_kalam,No,0,130,Cash,5,
2026-02-13,21:48,Vidya,+91 6715182037,43,Phone Call,Chicken Leg (2 pc),No,1,130,karur_kalam,No,0,130,GPay,3,"It was fine, nothing special"
2026-02-13,18:40,Lakshmi Prasad,+91 8949022840,29,Walk-in,Chicken Lollipop (4 pc),No,1,130,karur_kalam,No,0,130,Paytm,4,"Kalakalappa irundhuchu, next time friends oda varen"
2026-02-13,22:25,Prakash K,+91 7294643039,34,Walk-in,Chicken Leg (2 pc),No,1,130,karur_kalam,Yes,13,117,PhonePe,2,
2026-02-13,20:55,Ramesh Prasad,+91 7715518844,25,Walk-in,Chicken Lollipop (4 pc),No,2,260,karur_kalam,No,0,260,Paytm,4,"Great value for money, fresh and hot"
2026-02-13,21:54,Karthik R,+91 6534332491,56,Walk-in,Chicken Leg (2 pc),No,1,130,karur_kalam,No,0,130,Paytm,4,
2026-02-13,22:54,Ravi K,+91 9965328710,22,Phone Call,Chicken Wings (5 pc),No,1,130,karur_kalam,No,0,130,GPay,3,"Not bad, but waiting time konjam adhigama irundhuchu"
2026-02-13,20:15,Pradeep Devi,+91 7757059640,19,Phone Call,Chicken Wings (5 pc),No,2,260,karur_kalam,No,0,260,PhonePe,4,Very tasty and quick service too
2026-02-13,17:50,Anand S,+91 8131284033,30,Walk-in,Chicken Lollipop (4 pc),No,1,130,karur_kalam,No,0,130,Paytm,4,"Loved the combo, perfect spice level"
2026-02-13,20:37,Sathish Raj,+91 7098050097,47,Walk-in,Chicken Wings (5 pc),No,1,130,karur_kalam,No,0,130,GPay,,"Taste romba pramadham illa, sagalama irundhuchu"
2026-02-13,18:26,Muthu Devi,+91 6983584168,43,Phone Call,Chicken Lollipop (4 pc),No,1,130,karur_kalam,No,0,130,Card,5,
2026-02-13,18:17,John Devi,+91 7229270653,43,Walk-in,Chicken Leg (2 pc),No,1,130,karur_kalam,No,0,130,PhonePe,4,
2026-02-13,20:11,Kumar Kumar,+91 6190790306,43,Phone Call,Chicken Leg (2 pc),No,1,130,karur_kalam,No,0,130,GPay,4,
2026-02-13,21:13,Saravanan Raj,+91 9840369003,34,Walk-in,Chicken Lollipop (4 pc),No,1,130,karur_kalam,No,0,130,PhonePe,5,"Chicken leg romba soft ah vekachu irundhuchu, super"
2026-02-13,18:49,Gowtham Prasad,+91 8980841241,,Phone Call,Chicken Leg (2 pc),No,1,130,karur_kalam,No,0,130,Cash,5,"Best chicken lollipop I've had, will come again"
2026-02-13,21:17,Sathish,+91 6037917693,60,Phone Call,Chicken Lollipop (4 pc),No,2,260,karur_kalam,No,0,260,PhonePe,4,"Loved the combo, perfect spice level"
2026-02-13,21:29,Naveen Babu,+91 7455574696,,Phone Call,Chicken Lollipop (4 pc),No,1,130,karur_kalam,Yes,13,117,,5,
2026-02-13,19:35,Gopal K,+91 6974993097,25,Walk-in,Chicken Lollipop (4 pc),No,1,130,karur_kalam,No,0,130,GPay,4,"Great value for money, fresh and hot"
2026-02-13,22:37,Revathi R,+91 9797643815,42,Walk-in,Chicken Wings (5 pc),No,1,130,karur_kalam,No,0,130,PhonePe,,"Average, expected more spice"
2026-02-13,17:21,Iniya S,+91 9287431527,56,Phone Call,Chicken Lollipop (4 pc),No,1,130,karur_kalam,No,0,130,Cash,4,"Ultimate taste anna, naa daily varen"
2026-02-13,21:55,Harish M,+91 8527177449,18,Phone Call,Chicken Leg (2 pc),No,1,130,karur_kalam,Yes,13,117,PhonePe,5,"Great value for money, fresh and hot"
2026-02-13,21:44,Revathi R,+91 9797643815,42,Phone Call,Chicken Lollipop (4 pc),No,1,130,karur_kalam,No,0,130,GPay,4,
2026-02-13,21:13,Kumar S,+91 8467854458,46,Walk-in,Chicken Wings (5 pc),No,1,130,karur_kalam,No,0,130,PhonePe,5,
2026-02-13,17:07,Gopal,+91 7219693792,29,Walk-in,Chicken Lollipop (4 pc),No,1,130,karur_kalam,No,0,130,PhonePe,5,"Vera level taste, oru sight ah irundhuchu"
2026-02-13,22:49,Selvam S,+91 6850960858,46,Walk-in,Chicken Leg (2 pc),No,1,130,karur_kalam,No,0,130,GPay,,
2026-02-13,21:27,Vijay M,+91 9931647725,19,Walk-in,Chicken Wings (5 pc),No,1,130,karur_kalam,No,0,130,GPay,4,
2026-02-13,21:36,Suresh,+91 7562439587,56,Walk-in,Chicken Wings (5 pc),No,1,130,karur_kalam,No,0,130,Paytm,5,
2026-02-13,19:04,Dinesh Devi,+91 9909670546,,Walk-in,Chicken Wings (5 pc),No,1,130,karur_kalam,Yes,13,117,Cash,4,
2026-02-13,19:25,Sathish Raj,+91 7643350271,39,Walk-in,Chicken Leg (2 pc),No,2,260,karur_kalam,Yes,26,234,Cash,5,"Chicken leg romba soft ah vekachu irundhuchu, super"
2026-02-13,21:07,Murugan,+91 7226025634,25,Phone Call,Chicken Wings (5 pc),No,1,130,karur_kalam,Yes,13,117,Cash,3,
2026-02-13,18:29,Kalaivani,+91 6699016272,18,Walk-in,Chicken Leg (2 pc),No,1,130,karur_kalam,No,0,130,Cash,3,"Taste romba pramadham illa, sagalama irundhuchu"
2026-02-13,21:19,Kumar M,+91 7622444721,25,Phone Call,Chicken Wings (5 pc),No,1,130,karur_kalam,Yes,13,117,GPay,,"Vera level taste, oru sight ah irundhuchu"
2026-02-13,21:42,Sowmya,+91 8502329028,,Walk-in,Chicken Wings (5 pc),No,1,130,karur_kalam,Yes,13,117,PhonePe,4,"Semma taste bro, chicken romba soft ah irundhuchu"
2026-02-13,21:21,Nithya,+91 7822512073,34,Walk-in,Chicken Leg (2 pc),No,1,130,karur_kalam,No,0,130,Cash,4,"Chicken leg romba soft ah vekachu irundhuchu, super"
2026-02-13,22:28,Muthu S,+91 9982210531,41,Walk-in,Chicken Wings (5 pc),No,2,260,karur_kalam,No,0,260,,3,
2026-02-14,17:31,Sivakumar Devi,+91 7867749649,54,Phone Call,Chicken Wings (5 pc),No,1,130,karur_kalam,Yes,13,117,PhonePe,5,"Great value for money, fresh and hot"
2026-02-14,19:39,Prakash,+91 7875099770,15,Phone Call,Chicken Wings (5 pc),No,1,130,karur_kalam,No,0,130,PhonePe,4,"Super spicy and juicy, best bbq in area"
2026-02-14,20:56,Ayesha Babu,+91 9947055169,34,Phone Call,Chicken Wings (5 pc),No,1,130,karur_kalam,No,0,130,GPay,5,"Loved the combo, perfect spice level"
2026-02-14,20:50,Yazhini Devi,+91 8648236629,51,Phone Call,Chicken Lollipop (4 pc),No,1,130,karur_kalam,No,0,130,PhonePe,5,"Semma taste bro, chicken romba soft ah irundhuchu"
2026-02-14,21:12,Divya K,+91 7185016315,53,Walk-in,Chicken Wings (5 pc),No,1,130,karur_kalam,No,0,130,GPay,3,"Not bad, but waiting time konjam adhigama irundhuchu"
2026-02-14,22:21,Lakshmi M,+91 7555625881,35,Walk-in,Chicken Leg (2 pc),No,1,130,karur_kalam,No,0,130,PhonePe,,"Kalakalappa irundhuchu, next time friends oda varen"
2026-02-14,19:55,Rajesh S,+91 9158415608,23,Walk-in,Chicken Lollipop (4 pc),No,1,130,karur_kalam,Yes,13,117,GPay,5,"Chicken leg romba soft ah vekachu irundhuchu, super"
2026-02-14,22:12,Sathish Raj,+91 7098050097,,Walk-in,Chicken Leg (2 pc),No,1,130,karur_kalam,No,0,130,Paytm,5,
2026-02-14,17:34,Manoj,+91 9567661825,22,Phone Call,Chicken Wings (5 pc),No,1,130,karur_kalam,No,0,130,GPay,,
2026-02-14,22:57,Gowtham Babu,+91 7129328963,32,Walk-in,Chicken Lollipop (4 pc),No,1,130,karur_kalam,Yes,13,117,Paytm,5,"Wings semma crispy ah irundhuchu, thanks anna"
2026-02-14,22:25,Naveen,+91 6484399106,23,Phone Call,Chicken Leg (2 pc),No,1,130,karur_kalam,Yes,13,117,,5,Very tasty and quick service too
2026-02-14,21:37,Divya K,+91 7185016315,53,Walk-in,Chicken Lollipop (4 pc),No,1,130,karur_kalam,No,0,130,Cash,4,
2026-02-14,21:38,Vijay M,+91 6659401399,16,Phone Call,Chicken Wings (5 pc),No,1,130,karur_kalam,No,0,130,GPay,2,"Konjam over cooked ah irundhuchu, disappointed"
2026-02-14,22:21,Murugan,+91 7226025634,25,Walk-in,Chicken Lollipop (4 pc),No,1,130,karur_kalam,No,0,130,Card,4,"Nalla crispy ah irundhuchu, quantity um super"
2026-02-14,21:27,Saravanan R,+91 9692743811,53,Walk-in,Chicken Lollipop (4 pc),No,1,130,karur_kalam,No,0,130,GPay,5,"Best chicken lollipop I've had, will come again"
2026-02-14,19:49,Anand K,+91 8485645101,60,Walk-in,Chicken Lollipop (4 pc),No,1,130,karur_kalam,No,0,130,GPay,4,"Loved the combo, perfect spice level"
2026-02-14,21:22,,+91 9091919113,38,Walk-in,Chicken Leg (2 pc),No,1,130,karur_kalam,No,0,130,Cash,5,"Ultimate taste anna, naa daily varen"
2026-02-14,20:01,Vijay Kumar,+91 9506068536,20,Phone Call,Chicken Leg (2 pc),No,2,260,karur_kalam,Yes,26,234,PhonePe,4,Very tasty and quick service too
2026-02-14,18:49,Arun Raj,+91 9074555347,18,Walk-in,Chicken Wings (5 pc),No,1,130,karur_kalam,No,0,130,PhonePe,,"Freshly grilled and juicy, highly recommend"
2026-02-14,18:54,Rajesh,+91 9155983541,,Walk-in,Chicken Leg (2 pc),No,1,130,karur_kalam,No,0,130,PhonePe,4,"Loved the combo, perfect spice level"
2026-02-14,21:58,Kavya,+91 7501394884,50,Walk-in,Chicken Leg (2 pc),No,1,130,karur_kalam,No,0,130,,4,
2026-02-14,21:56,Ayesha Raj,+91 9474367136,51,Walk-in,Chicken Leg (2 pc),No,2,260,karur_kalam,No,0,260,PhonePe,4,"Amazing bbq stall, must try in this area"
2026-02-14,18:44,Dinesh K,+91 9401489025,16,Phone Call,Chicken Lollipop (4 pc),No,1,130,karur_kalam,Yes,13,117,Cash,4,
2026-02-14,20:28,Abdul Kareem S,+91 9008484086,26,Phone Call,Chicken Wings (5 pc),No,2,260,karur_kalam,No,0,260,PhonePe,2,
2026-02-14,18:34,Ayesha Devi,+91 9454655358,,Walk-in,Chicken Lollipop (4 pc),No,1,130,karur_kalam,Yes,13,117,Card,5,"Great value for money, fresh and hot"
2026-02-14,17:10,Vidya K,+91 9851935837,32,Walk-in,Chicken Wings (5 pc),No,1,130,karur_kalam,No,0,130,GPay,,"Quantity kammiya kudutanga, not worth the price"
2026-02-14,21:36,Anitha M,+91 8406409097,33,Phone Call,Chicken Lollipop (4 pc),No,1,130,karur_kalam,No,0,130,Cash,5,"Super spicy and juicy, best bbq in area"
2026-02-14,20:43,Iniya S,+91 9287431527,,Walk-in,Chicken Lollipop (4 pc),No,1,130,karur_kalam,No,0,130,GPay,3,
2026-02-14,22:49,Vidya Devi,+91 7895090591,19,Walk-in,Chicken Leg (2 pc),No,1,130,karur_kalam,No,0,130,Cash,4,"Kalakalappa irundhuchu, next time friends oda varen"
2026-02-14,20:11,Elango,+91 8116966672,36,Walk-in,Chicken Wings (5 pc),No,1,130,karur_kalam,No,0,130,PhonePe,4,"Nalla crispy ah irundhuchu, quantity um super"
2026-02-14,21:03,Sivakumar S,+91 8991216558,38,Walk-in,Chicken Leg (2 pc),No,1,130,karur_kalam,No,0,130,Cash,,Very tasty and quick service too
2026-02-14,21:36,Joseph,+91 6433218196,,Walk-in,Chicken Wings (5 pc),No,1,130,karur_kalam,No,0,130,Cash,4,
2026-02-14,21:28,Sathish R,+91 9283512959,26,Walk-in,Chicken Leg (2 pc),No,2,260,karur_kalam,No,0,260,GPay,5,"Amazing bbq stall, must try in this area"
2026-02-14,20:53,Gopal,+91 8415298217,27,Walk-in,Chicken Wings (5 pc),No,2,260,karur_kalam,No,0,260,GPay,,"Amazing bbq stall, must try in this area"
2026-02-14,21:05,Ramesh Babu,+91 7523736050,45,Walk-in,Chicken Leg (2 pc),No,2,260,karur_kalam,No,0,260,GPay,5,
2026-02-14,18:48,Gopal Prasad,+91 7400499154,44,Phone Call,Chicken Leg (2 pc),No,2,260,karur_kalam,No,0,260,GPay,4,
2026-02-14,20:19,Naveen K,+91 8991022901,32,Walk-in,Chicken Lollipop (4 pc),No,2,260,karur_kalam,No,0,260,GPay,4,"Loved the combo, perfect spice level"
2026-02-14,21:43,Swathi,+91 7149982508,16,Walk-in,Chicken Leg (2 pc),No,1,130,karur_kalam,Yes,13,117,GPay,4,"Best chicken lollipop I've had, will come again"
2026-02-14,22:00,Muthu Kumar,+91 6723513739,55,Walk-in,Chicken Lollipop (4 pc),No,1,130,karur_kalam,No,0,130,GPay,2,"Not fresh today, taste changed"
2026-02-14,22:26,Senthil Babu,+91 9022939469,60,Walk-in,Chicken Lollipop (4 pc),No,2,260,karur_kalam,No,0,260,GPay,5,"Best chicken lollipop I've had, will come again"
2026-02-14,20:25,Sivakumar R,+91 8902787429,42,Phone Call,Chicken Wings (5 pc),No,1,130,karur_kalam,No,0,130,PhonePe,3,Quantity konjam kammiya irundhuchu but taste okay
2026-02-14,20:06,Ramesh R,+91 6127128524,58,Walk-in,Chicken Lollipop (4 pc),No,1,130,karur_kalam,No,0,130,Cash,5,"Vera level taste, oru sight ah irundhuchu"
2026-02-14,19:23,Vijay S,+91 9328077113,17,Walk-in,Chicken Lollipop (4 pc),No,1,130,karur_kalam,No,0,130,Cash,3,
2026-02-14,19:04,Yazhini S,+91 7350902542,37,Walk-in,Chicken Lollipop (4 pc),No,1,130,karur_kalam,No,0,130,Cash,5,
2026-02-15,18:59,Suresh Prasad,+91 6398482285,,Walk-in,Chicken Wings (5 pc),No,1,130,karur_kalam,Yes,13,117,GPay,3,"Taste romba pramadham illa, sagalama irundhuchu"
2026-02-15,19:39,Harish Kumar,+91 6609069130,51,Walk-in,Chicken Leg (2 pc),No,1,130,karur_kalam,No,0,130,GPay,2,
2026-02-15,18:34,Lakshmi,+91 9449251925,34,Phone Call,Chicken Leg (2 pc),No,2,260,karur_kalam,No,0,260,,4,"Freshly grilled and juicy, highly recommend"
2026-02-15,17:51,Joseph Kumar,+91 8714345581,23,Phone Call,Chicken Lollipop (4 pc),No,1,130,karur_kalam,No,0,130,GPay,,"Vera level taste, oru sight ah irundhuchu"
2026-02-15,22:26,Farhan Devi,+91 7185188888,16,Phone Call,Chicken Lollipop (4 pc),No,1,130,karur_kalam,No,0,130,GPay,5,"Nalla crispy ah irundhuchu, quantity um super"
2026-02-15,18:13,Rajesh,+91 6422842102,15,Walk-in,Chicken Leg (2 pc),No,1,130,karur_kalam,No,0,130,PhonePe,,"Freshly grilled and juicy, highly recommend"
2026-02-15,20:03,Elango R,+91 8786543627,21,Walk-in,Chicken Wings (5 pc),No,1,130,karur_kalam,No,0,130,PhonePe,4,"Amazing bbq stall, must try in this area"
2026-02-15,19:55,Yazhini Devi,+91 9270369249,24,Walk-in,Chicken Wings (5 pc),No,1,130,karur_kalam,No,0,130,Cash,4,Very tasty and quick service too
2026-02-15,17:04,Abdul Kareem,+91 7992299590,16,Phone Call,Chicken Wings (5 pc),No,1,130,karur_kalam,No,0,130,Cash,,
2026-02-15,19:51,Selvam Babu,+91 6553234159,,Walk-in,Chicken Wings (5 pc),No,1,130,karur_kalam,No,0,130,Cash,5,
2026-02-15,19:17,Bala S,+91 6988516560,,Walk-in,Chicken Wings (5 pc),No,2,260,karur_kalam,Yes,26,234,GPay,5,"Wings semma crispy ah irundhuchu, thanks anna"
2026-02-15,22:31,Prakash Prasad,+91 6026767209,59,Walk-in,Chicken Wings (5 pc),No,2,260,karur_kalam,No,0,260,Cash,4,
2026-02-15,17:57,Kavya,+91 7294621354,60,Walk-in,Chicken Leg (2 pc),No,2,260,karur_kalam,No,0,260,PhonePe,5,"Great value for money, fresh and hot"
2026-02-15,19:10,Meena Prasad,+91 6902294131,50,Phone Call,Chicken Leg (2 pc),No,2,260,karur_kalam,No,0,260,Cash,4,"Excellent flavour, family panindhalum enjoy pannanga"
2026-02-15,19:02,Meena,+91 7018366752,,Phone Call,Chicken Wings (5 pc),No,1,130,karur_kalam,No,0,130,PhonePe,4,Very tasty and quick service too
2026-02-15,20:21,Iniya Babu,+91 6643171390,18,Walk-in,Chicken Wings (5 pc),No,1,130,karur_kalam,No,0,130,GPay,,
2026-02-15,19:42,Anitha M,+91 8406409097,,Walk-in,Chicken Leg (2 pc),No,1,130,karur_kalam,No,0,130,Cash,4,"Loved the combo, perfect spice level"
2026-02-15,18:40,Suresh,+91 6312512931,,Walk-in,Chicken Lollipop (4 pc),No,2,260,karur_kalam,Yes,26,234,GPay,2,
2026-02-15,21:05,Murugan,+91 7226025634,,Phone Call,Chicken Leg (2 pc),No,1,130,karur_kalam,Yes,13,117,Cash,3,"It was fine, nothing special"
2026-02-15,18:31,John Babu,+91 9015430391,20,Phone Call,Chicken Lollipop (4 pc),No,1,130,karur_kalam,No,0,130,GPay,4,
2026-02-15,21:48,Ayesha,+91 9280123428,51,Walk-in,Chicken Wings (5 pc),No,1,130,karur_kalam,No,0,130,Cash,5,"Kalakalappa irundhuchu, next time friends oda varen"
2026-02-15,17:22,Dhanush M,+91 9843645380,56,Walk-in,Chicken Wings (5 pc),No,1,130,karur_kalam,No,0,130,Cash,5,
2026-02-15,20:34,Vijay R,+91 9015959194,35,Walk-in,Chicken Wings (5 pc),No,1,130,karur_kalam,No,0,130,Cash,5,
2026-02-15,22:25,Anand,+91 6993308330,,Walk-in,Chicken Wings (5 pc),No,1,130,karur_kalam,No,0,130,PhonePe,4,"Loved the combo, perfect spice level"
2026-02-15,22:40,Divya Kumar,+91 7752431069,16,Walk-in,Chicken Leg (2 pc),No,1,130,karur_kalam,No,0,130,Cash,5,
2026-02-15,17:30,Meena Prasad,+91 7341016668,45,Phone Call,Chicken Lollipop (4 pc),No,1,130,karur_kalam,No,0,130,GPay,3,"Taste romba pramadham illa, sagalama irundhuchu"
2026-02-15,20:46,Anitha Kumar,+91 8024026811,45,Phone Call,Chicken Lollipop (4 pc),No,1,130,karur_kalam,No,0,130,GPay,5,
2026-02-15,20:21,Aishwarya R,+91 6511579423,,Walk-in,Chicken Leg (2 pc),No,1,130,karur_kalam,No,0,130,Paytm,,
2026-02-15,21:23,Murugan,+91 7226025634,25,Phone Call,Chicken Leg (2 pc),No,1,130,karur_kalam,No,0,130,PhonePe,4,"Great value for money, fresh and hot"
2026-02-15,19:58,Bala S,+91 6988516560,33,Walk-in,Chicken Leg (2 pc),No,1,130,karur_kalam,No,0,130,PhonePe,,
2026-02-15,22:45,Muthu Babu,+91 6455623869,58,Phone Call,Chicken Leg (2 pc),No,1,130,karur_kalam,No,0,130,GPay,5,"Great value for money, fresh and hot"
2026-02-15,18:20,Deepa M,+91 7845115447,53,Phone Call,Chicken Wings (5 pc),No,1,130,karur_kalam,No,0,130,GPay,2,"Quantity kammiya kudutanga, not worth the price"
2026-02-15,21:20,Elango Raj,+91 6763425073,,Walk-in,Chicken Lollipop (4 pc),No,1,130,karur_kalam,No,0,130,GPay,4,
2026-02-15,17:56,Selvam R,+91 6217659180,29,Phone Call,Chicken Leg (2 pc),No,1,130,karur_kalam,No,0,130,GPay,3,
2026-02-15,17:41,Gopal Prasad,+91 7400499154,44,Walk-in,Chicken Lollipop (4 pc),No,1,130,karur_kalam,No,0,130,Cash,2,
2026-02-15,17:03,,+91 9829751474,27,Walk-in,Chicken Lollipop (4 pc),No,1,130,karur_kalam,No,0,130,Cash,4,"Nalla crispy ah irundhuchu, quantity um super"
2026-02-15,19:53,Naveen,+91 9841459332,45,Phone Call,Chicken Leg (2 pc),No,1,130,karur_kalam,No,0,130,GPay,2,"Not fresh today, taste changed"
2026-02-15,21:31,Muthu S,+91 6271122182,60,Walk-in,Chicken Lollipop (4 pc),No,1,130,karur_kalam,No,0,130,Cash,,"Great value for money, fresh and hot"
2026-02-15,18:58,Revathi Babu,+91 6783908470,18,Phone Call,Chicken Lollipop (4 pc),No,1,130,karur_kalam,No,0,130,GPay,4,"Super spicy and juicy, best bbq in area"
2026-02-15,18:14,Sowmya Raj,+91 6345054156,40,Walk-in,Chicken Lollipop (4 pc),No,1,130,karur_kalam,Yes,13,117,Cash,,
2026-02-15,20:44,Kumar Kumar,+91 6190790306,,Phone Call,Chicken Wings (5 pc),No,1,130,karur_kalam,No,0,130,GPay,4,"Excellent flavour, family panindhalum enjoy pannanga"
2026-02-15,19:57,Vignesh R,+91 7149190586,57,Phone Call,Chicken Lollipop (4 pc),No,1,130,karur_kalam,No,0,130,GPay,4,"Great value for money, fresh and hot"
2026-02-15,21:48,Kumar Prasad,+91 6473210469,41,Walk-in,Chicken Lollipop (4 pc),No,1,130,karur_kalam,No,0,130,Cash,4,"Excellent flavour, family panindhalum enjoy pannanga"
2026-02-15,20:32,Selvam M,+91 6334123281,25,Walk-in,Chicken Leg (2 pc),No,1,130,karur_kalam,No,0,130,GPay,5,"Loved the combo, perfect spice level"
2026-02-15,21:53,Manoj S,+91 6801006231,60,Walk-in,Chicken Lollipop (4 pc),No,1,130,karur_kalam,Yes,13,117,GPay,5,"Best chicken lollipop I've had, will come again"
2026-02-15,22:38,Kavya Prasad,+91 6394380403,26,Walk-in,Chicken Wings (5 pc),No,2,260,karur_kalam,No,0,260,Cash,3,"It was fine, nothing special"
2026-02-15,17:01,Ravi S,+91 9423536937,50,Walk-in,Chicken Lollipop (4 pc),No,1,130,karur_kalam,No,0,130,Cash,5,
2026-02-16,19:16,Naveen Prasad,+91 9921053365,19,Walk-in,Chicken Wings (5 pc),No,2,260,karur_kalam,No,0,260,Paytm,5,
2026-02-16,17:15,Fathima K,+91 8419866524,17,Phone Call,Chicken Lollipop (4 pc),No,1,130,karur_kalam,No,0,130,Cash,5,
2026-02-16,21:45,Sowmya,+91 7316600767,,Walk-in,Chicken Leg (2 pc),No,1,130,karur_kalam,No,0,130,Paytm,2,"Konjam over cooked ah irundhuchu, disappointed"
2026-02-16,22:02,Prakash Devi,+91 7689702838,35,Phone Call,Chicken Leg (2 pc),No,1,130,karur_kalam,No,0,130,PhonePe,5,
2026-02-16,20:26,Gopal Kumar,+91 6451957782,38,Walk-in,Chicken Leg (2 pc),No,1,130,karur_kalam,No,0,130,Cash,,
2026-02-16,18:02,Rajesh Raj,+91 7786561942,,Walk-in,Chicken Lollipop (4 pc),No,1,130,karur_kalam,No,0,130,PhonePe,5,"Loved the combo, perfect spice level"
2026-02-16,18:44,Dinesh M,+91 7614293968,36,Walk-in,Chicken Lollipop (4 pc),No,1,130,karur_kalam,No,0,130,PhonePe,5,
2026-02-16,20:52,Vidya S,+91 6819048235,46,Walk-in,Chicken Lollipop (4 pc),No,1,130,karur_kalam,Yes,13,117,Paytm,5,
2026-02-16,20:52,Vignesh,+91 7723081721,59,Walk-in,Chicken Lollipop (4 pc),No,1,130,karur_kalam,No,0,130,Cash,4,
2026-02-16,18:22,Vignesh R,+91 7149190586,,Walk-in,Chicken Wings (5 pc),No,1,130,karur_kalam,No,0,130,GPay,5,"Super spicy and juicy, best bbq in area"
2026-02-16,20:37,Ayesha Raj,+91 9474367136,,Phone Call,Chicken Leg (2 pc),No,1,130,karur_kalam,No,0,130,Paytm,3,
2026-02-16,21:27,Rajesh Kumar,+91 8339421047,17,Phone Call,Chicken Lollipop (4 pc),No,2,260,karur_kalam,Yes,26,234,PhonePe,5,"Chicken leg romba soft ah vekachu irundhuchu, super"
2026-02-16,19:49,Suresh Devi,+91 6717481131,44,Phone Call,Chicken Leg (2 pc),No,2,260,karur_kalam,No,0,260,,4,"Ultimate taste anna, naa daily varen"
2026-02-16,19:32,Ayesha Raj,+91 6265423511,,Phone Call,Chicken Leg (2 pc),No,1,130,karur_kalam,No,0,130,Paytm,4,"Freshly grilled and juicy, highly recommend"
2026-02-16,20:11,Manoj S,+91 6801006231,60,Walk-in,Chicken Lollipop (4 pc),No,1,130,karur_kalam,No,0,130,Cash,5,
2026-02-16,20:15,Nithya Devi,+91 6251778528,,Phone Call,Chicken Leg (2 pc),No,2,260,karur_kalam,No,0,260,Cash,3,"Average, expected more spice"
2026-02-16,19:44,Manoj Devi,+91 6423597371,21,Walk-in,Chicken Lollipop (4 pc),No,1,130,karur_kalam,No,0,130,GPay,3,"Taste romba pramadham illa, sagalama irundhuchu"
2026-02-16,18:59,Kavya R,+91 6670468611,20,Walk-in,Chicken Lollipop (4 pc),No,1,130,karur_kalam,No,0,130,GPay,5,"Great value for money, fresh and hot"
2026-02-16,17:50,,+91 7734670656,25,Walk-in,Chicken Wings (5 pc),No,1,130,karur_kalam,No,0,130,Cash,,
2026-02-16,19:32,Karthik R,+91 6845146270,31,Phone Call,Chicken Wings (5 pc),No,1,130,karur_kalam,No,0,130,GPay,,
2026-02-16,20:13,Sowmya Prasad,+91 6104328986,22,Walk-in,Chicken Wings (5 pc),No,1,130,karur_kalam,Yes,13,117,Cash,5,"Nalla crispy ah irundhuchu, quantity um super"
2026-02-16,20:54,Joseph Kumar,+91 8714345581,23,Phone Call,Chicken Lollipop (4 pc),No,1,130,karur_kalam,No,0,130,Cash,,"Excellent flavour, family panindhalum enjoy pannanga"
2026-02-16,21:23,Rajesh Raj,+91 9886239240,56,Walk-in,Chicken Wings (5 pc),No,2,260,karur_kalam,No,0,260,PhonePe,,"Average, expected more spice"
2026-02-16,18:38,Muthu Babu,+91 9035679327,54,Walk-in,Chicken Lollipop (4 pc),No,1,130,karur_kalam,No,0,130,PhonePe,4,"Wings semma crispy ah irundhuchu, thanks anna"
2026-02-16,21:02,Nithya Devi,+91 6251778528,,Phone Call,Chicken Leg (2 pc),No,1,130,karur_kalam,Yes,13,117,PhonePe,3,"Okay okay taste, but konjam salt adhigama irundhuchu"
2026-02-16,19:30,Prakash,+91 7875099770,15,Phone Call,Chicken Leg (2 pc),No,1,130,karur_kalam,No,0,130,GPay,4,"Chicken leg romba soft ah vekachu irundhuchu, super"
2026-02-16,19:57,Vignesh M,+91 7751758891,31,Walk-in,Chicken Leg (2 pc),No,1,130,karur_kalam,No,0,130,GPay,5,"Chicken leg romba soft ah vekachu irundhuchu, super"
2026-02-16,19:42,Ramesh Raj,+91 9584044997,,Phone Call,Chicken Lollipop (4 pc),No,1,130,karur_kalam,No,0,130,,4,"Freshly grilled and juicy, highly recommend"
2026-02-16,22:51,Sathish R,+91 8885379821,33,Walk-in,Chicken Wings (5 pc),No,1,130,karur_kalam,No,0,130,Cash,3,Quantity konjam kammiya irundhuchu but taste okay
2026-02-16,18:24,Gopal Raj,+91 8717464887,43,Walk-in,Chicken Leg (2 pc),No,1,130,karur_kalam,No,0,130,GPay,4,
2026-02-16,20:12,Sivakumar Devi,+91 7867749649,54,Phone Call,Chicken Leg (2 pc),No,1,130,karur_kalam,No,0,130,GPay,4,
2026-02-16,18:48,Lakshmi,+91 9449251925,34,Walk-in,Chicken Lollipop (4 pc),No,2,260,karur_kalam,No,0,260,Cash,,"Wings semma crispy ah irundhuchu, thanks anna"
2026-02-16,18:57,Murugan Babu,+91 7058527722,,Phone Call,Chicken Wings (5 pc),No,1,130,karur_kalam,No,0,130,PhonePe,3,"Okay okay taste, but konjam salt adhigama irundhuchu"
2026-02-16,20:17,Lakshmi M,+91 7555625881,35,Walk-in,Chicken Wings (5 pc),No,1,130,karur_kalam,No,0,130,GPay,,"Best chicken lollipop I've had, will come again"
2026-02-16,18:39,Pradeep Prasad,+91 6430305486,49,Phone Call,Chicken Leg (2 pc),No,1,130,karur_kalam,No,0,130,PhonePe,5,"Nalla crispy ah irundhuchu, quantity um super"
2026-02-16,20:24,Anand Prasad,+91 6136337922,29,Walk-in,Chicken Wings (5 pc),No,1,130,karur_kalam,No,0,130,GPay,2,"Cold ah kudutanga, expected hot and fresh"
2026-02-16,20:24,Nithya K,+91 9726960843,58,Walk-in,Chicken Lollipop (4 pc),No,1,130,karur_kalam,No,0,130,Cash,5,"Excellent flavour, family panindhalum enjoy pannanga"
2026-02-16,20:36,John K,+91 9263355643,60,Walk-in,Chicken Lollipop (4 pc),No,1,130,karur_kalam,No,0,130,Card,4,"Ultimate taste anna, naa daily varen"
2026-02-16,18:54,Divya M,+91 8560767616,31,Phone Call,Chicken Wings (5 pc),No,1,130,karur_kalam,No,0,130,GPay,4,
2026-02-16,18:26,Kavya,+91 7121980418,31,Walk-in,Chicken Wings (5 pc),No,1,130,karur_kalam,No,0,130,PhonePe,4,"Chicken leg romba soft ah vekachu irundhuchu, super"
2026-02-16,22:11,Kumar M,+91 6916998543,57,Phone Call,Chicken Lollipop (4 pc),No,1,130,karur_kalam,No,0,130,Paytm,4,Very tasty and quick service too
2026-02-16,21:20,Kumar,+91 7911142817,50,Walk-in,Chicken Leg (2 pc),No,2,260,karur_kalam,No,0,260,Cash,5,"Nalla crispy ah irundhuchu, quantity um super"
2026-02-16,18:55,,+91 7229270653,43,Walk-in,Chicken Lollipop (4 pc),No,1,130,karur_kalam,No,0,130,Cash,,
2026-02-16,21:04,Manoj Raj,+91 6824008427,21,Walk-in,Chicken Leg (2 pc),No,1,130,karur_kalam,No,0,130,GPay,,
2026-02-16,20:41,Iniya R,+91 8477725228,46,Phone Call,Chicken Lollipop (4 pc),No,1,130,karur_kalam,No,0,130,GPay,5,"Excellent flavour, family panindhalum enjoy pannanga"
2026-02-16,21:08,,+91 9504773586,42,Phone Call,Chicken Leg (2 pc),No,1,130,karur_kalam,No,0,130,Cash,,"Excellent flavour, family panindhalum enjoy pannanga"
2026-02-16,21:08,Naveen,+91 9664505730,28,Walk-in,Chicken Wings (5 pc),No,1,130,karur_kalam,No,0,130,,5,"Nalla crispy ah irundhuchu, quantity um super"
2026-02-16,22:29,Elango Devi,+91 9837770143,40,Phone Call,Chicken Leg (2 pc),No,1,130,karur_kalam,No,0,130,GPay,4,"Wings semma crispy ah irundhuchu, thanks anna"
2026-02-16,22:56,Yazhini Devi,+91 8648236629,51,Walk-in,Chicken Lollipop (4 pc),No,2,260,karur_kalam,No,0,260,Cash,5,"Vera level taste, oru sight ah irundhuchu"
2026-02-16,17:21,Selvam R,+91 6217659180,29,Phone Call,Chicken Leg (2 pc),No,1,130,karur_kalam,No,0,130,PhonePe,,"Amazing bbq stall, must try in this area"
2026-02-16,20:23,Farhan,+91 6838425135,33,Walk-in,Chicken Lollipop (4 pc),No,2,260,karur_kalam,Yes,26,234,GPay,5,
2026-02-16,22:09,Kalaivani Babu,+91 8450891776,47,Walk-in,Chicken Lollipop (4 pc),No,1,130,karur_kalam,Yes,13,117,,,"Kalakalappa irundhuchu, next time friends oda varen"
2026-02-16,19:25,Naveen,+91 9841459332,45,Phone Call,Chicken Leg (2 pc),No,1,130,karur_kalam,No,0,130,Cash,,Quantity konjam kammiya irundhuchu but taste okay
2026-02-16,19:36,Suresh,+91 8294019655,42,Phone Call,Chicken Wings (5 pc),No,1,130,karur_kalam,No,0,130,Paytm,,"Wings semma crispy ah irundhuchu, thanks anna"
2026-02-16,20:56,Ravi K,+91 9137271175,,Phone Call,Chicken Leg (2 pc),No,1,130,karur_kalam,No,0,130,GPay,4,"Loved the combo, perfect spice level"
2026-02-16,20:57,Harish Kumar,+91 9214895134,29,Phone Call,Chicken Leg (2 pc),No,1,130,karur_kalam,No,0,130,GPay,,"Ultimate taste anna, naa daily varen"
2026-02-16,17:37,Gopal Raj,+91 8717464887,43,Phone Call,Chicken Wings (5 pc),No,1,130,karur_kalam,No,0,130,Card,4,"Loved the combo, perfect spice level"
2026-02-16,17:34,Dinesh Babu,+91 8549480831,30,Phone Call,Chicken Leg (2 pc),No,1,130,karur_kalam,No,0,130,Cash,,
2026-02-16,20:49,Pradeep Devi,+91 7757059640,19,Phone Call,Chicken Leg (2 pc),No,1,130,karur_kalam,No,0,130,Paytm,,"Average, expected more spice"
2026-02-17,21:31,Bala S,+91 6988516560,33,Walk-in,Chicken Lollipop (4 pc),No,1,130,karur_kalam,No,0,130,Cash,2,
2026-02-17,22:50,Dhanush Kumar,+91 7529596111,20,Walk-in,Chicken Lollipop (4 pc),No,1,130,karur_kalam,No,0,130,Paytm,2,
2026-02-17,21:22,Prakash Kumar,+91 9231665876,,Walk-in,Chicken Wings (5 pc),No,2,260,karur_kalam,Yes,26,234,GPay,4,"Chicken leg romba soft ah vekachu irundhuchu, super"
2026-02-17,19:04,Lakshmi,+91 6910903267,21,Walk-in,Chicken Wings (5 pc),No,1,130,karur_kalam,No,0,130,PhonePe,4,
2026-02-17,21:15,Vidya,+91 9934065277,37,Walk-in,Chicken Leg (2 pc),No,1,130,karur_kalam,No,0,130,Cash,4,"Freshly grilled and juicy, highly recommend"
2026-02-17,22:08,,+91 9287431527,56,Phone Call,Chicken Leg (2 pc),No,1,130,karur_kalam,No,0,130,Cash,3,"Taste romba pramadham illa, sagalama irundhuchu"
2026-02-17,20:42,Ayesha Babu,+91 6718702621,45,Phone Call,Chicken Wings (5 pc),No,1,130,karur_kalam,No,0,130,Paytm,5,
2026-02-17,17:54,Anitha S,+91 6477005411,54,Walk-in,Chicken Leg (2 pc),No,2,260,karur_kalam,No,0,260,Cash,4,"Wings semma crispy ah irundhuchu, thanks anna"
2026-02-17,19:45,Ayesha Babu,+91 9947055169,34,Walk-in,Chicken Leg (2 pc),No,1,130,karur_kalam,No,0,130,Cash,5,"Chicken leg romba soft ah vekachu irundhuchu, super"
2026-02-17,19:49,Vignesh,+91 6246175202,30,Walk-in,Chicken Leg (2 pc),No,2,260,karur_kalam,No,0,260,PhonePe,4,"Vera level taste, oru sight ah irundhuchu"
2026-02-17,19:46,Kavya Babu,+91 6178332584,48,Walk-in,Chicken Lollipop (4 pc),No,1,130,karur_kalam,No,0,130,GPay,4,"Ultimate taste anna, naa daily varen"
2026-02-17,20:50,Karthik R,+91 9603859770,28,Walk-in,Chicken Lollipop (4 pc),No,2,260,karur_kalam,No,0,260,Cash,5,
2026-02-17,18:16,Rajesh,+91 6818835523,21,Phone Call,Chicken Lollipop (4 pc),No,1,130,karur_kalam,No,0,130,PhonePe,,"Best chicken lollipop I've had, will come again"
2026-02-17,22:26,Ayesha Raj,+91 9408303736,15,Walk-in,Chicken Lollipop (4 pc),No,1,130,karur_kalam,No,0,130,GPay,5,Very tasty and quick service too
2026-02-17,22:01,Aishwarya M,+91 7884136852,49,Walk-in,Chicken Lollipop (4 pc),No,1,130,karur_kalam,No,0,130,GPay,2,"Not fresh today, taste changed"
2026-02-17,21:54,Gowtham R,+91 8462632514,34,Walk-in,Chicken Wings (5 pc),No,2,260,karur_kalam,No,0,260,Card,5,"Freshly grilled and juicy, highly recommend"
2026-02-17,18:51,Sivakumar Raj,+91 7175188781,,Walk-in,Chicken Wings (5 pc),No,1,130,karur_kalam,No,0,130,Cash,,"Super spicy and juicy, best bbq in area"
2026-02-17,21:25,Mary,+91 6225288375,16,Walk-in,Chicken Lollipop (4 pc),No,1,130,karur_kalam,No,0,130,PhonePe,4,Very tasty and quick service too
2026-02-17,22:31,Nithya S,+91 7634351751,49,Walk-in,Chicken Wings (5 pc),No,1,130,karur_kalam,No,0,130,GPay,,"Kalakalappa irundhuchu, next time friends oda varen"
2026-02-17,22:59,Suresh K,+91 6531003309,24,Walk-in,Chicken Leg (2 pc),No,1,130,karur_kalam,No,0,130,,2,"Too salty, not up to the mark today"
2026-02-17,17:53,Priya Prasad,+91 6219881927,46,Walk-in,Chicken Leg (2 pc),No,1,130,karur_kalam,No,0,130,GPay,,
2026-02-17,22:44,,+91 8936899809,57,Phone Call,Chicken Leg (2 pc),No,1,130,karur_kalam,No,0,130,PhonePe,5,
2026-02-17,21:26,Arun,+91 6267888610,20,Walk-in,Chicken Leg (2 pc),No,2,260,karur_kalam,No,0,260,GPay,3,
2026-02-17,19:06,Priya,+91 9122753046,,Phone Call,Chicken Wings (5 pc),No,2,260,karur_kalam,Yes,26,234,,,"Taste romba pramadham illa, sagalama irundhuchu"
2026-02-17,21:48,Kumar R,+91 8569092755,43,Walk-in,Chicken Leg (2 pc),No,1,130,karur_kalam,No,0,130,Cash,5,"Best chicken lollipop I've had, will come again"
2026-02-17,22:48,Kumar R,+91 8569092755,43,Phone Call,Chicken Wings (5 pc),No,1,130,karur_kalam,No,0,130,GPay,4,
2026-02-17,20:06,Ayesha Babu,+91 9947055169,34,Walk-in,Chicken Lollipop (4 pc),No,2,260,karur_kalam,No,0,260,Paytm,,"Nalla crispy ah irundhuchu, quantity um super"
2026-02-17,19:11,Farhan Devi,+91 7185188888,16,Phone Call,Chicken Lollipop (4 pc),No,1,130,karur_kalam,Yes,13,117,GPay,3,"Taste romba pramadham illa, sagalama irundhuchu"
2026-02-17,20:26,Elango S,+91 8987769453,20,Phone Call,Chicken Wings (5 pc),No,1,130,karur_kalam,No,0,130,PhonePe,3,"It was fine, nothing special"
2026-02-17,20:56,Sathish Prasad,+91 7063963845,23,Walk-in,Chicken Lollipop (4 pc),No,1,130,karur_kalam,No,0,130,Cash,4,
2026-02-17,20:52,Joseph,+91 6433218196,17,Phone Call,Chicken Lollipop (4 pc),No,1,130,karur_kalam,No,0,130,PhonePe,,"Best chicken lollipop I've had, will come again"
2026-02-17,19:13,Priya,+91 9122753046,,Walk-in,Chicken Wings (5 pc),No,2,260,karur_kalam,Yes,26,234,Cash,5,"Kalakalappa irundhuchu, next time friends oda varen"
2026-02-17,18:40,Pradeep,+91 6615372215,35,Walk-in,Chicken Lollipop (4 pc),No,1,130,karur_kalam,No,0,130,GPay,4,"Excellent flavour, family panindhalum enjoy pannanga"
2026-02-17,17:00,Swathi R,+91 9230913075,41,Phone Call,Chicken Wings (5 pc),No,1,130,karur_kalam,No,0,130,,5,"Loved the combo, perfect spice level"
2026-02-17,19:14,Selvam K,+91 9843614244,,Walk-in,Chicken Leg (2 pc),No,1,130,karur_kalam,No,0,130,GPay,2,"Quantity kammiya kudutanga, not worth the price"
2026-02-17,17:15,John S,+91 9798079359,45,Walk-in,Chicken Lollipop (4 pc),No,1,130,karur_kalam,No,0,130,Paytm,4,"Loved the combo, perfect spice level"
2026-02-17,18:15,Fathima S,+91 7145841484,40,Walk-in,Chicken Leg (2 pc),No,1,130,karur_kalam,Yes,13,117,Paytm,,"Amazing bbq stall, must try in this area"
2026-02-17,20:40,Karthik,+91 6586950732,21,Walk-in,Chicken Wings (5 pc),No,1,130,karur_kalam,No,0,130,PhonePe,,
2026-02-17,18:21,Suresh K,+91 6531003309,24,Walk-in,Chicken Leg (2 pc),No,1,130,karur_kalam,No,0,130,GPay,4,
2026-02-17,18:26,,+91 6993308330,21,Walk-in,Chicken Lollipop (4 pc),No,1,130,karur_kalam,Yes,13,117,PhonePe,4,
2026-02-17,17:59,Fathima Prasad,+91 7333510409,41,Walk-in,Chicken Wings (5 pc),No,1,130,karur_kalam,Yes,13,117,Paytm,,"Ultimate taste anna, naa daily varen"
2026-02-17,19:10,Nithya Devi,+91 6251778528,55,Walk-in,Chicken Wings (5 pc),No,1,130,karur_kalam,No,0,130,GPay,5,Very tasty and quick service too
2026-02-17,22:17,Elango S,+91 8987769453,20,Walk-in,Chicken Wings (5 pc),No,2,260,karur_kalam,No,0,260,GPay,5,"Super spicy and juicy, best bbq in area"
2026-02-17,17:28,,+91 7019043223,17,Walk-in,Chicken Lollipop (4 pc),No,1,130,karur_kalam,No,0,130,Cash,3,"Average, expected more spice"
2026-02-17,18:04,Kavya R,+91 8621276025,17,Walk-in,Chicken Lollipop (4 pc),No,1,130,karur_kalam,No,0,130,Cash,,"Amazing bbq stall, must try in this area"
2026-02-17,22:59,Arun,+91 7339845461,38,Phone Call,Chicken Lollipop (4 pc),No,1,130,karur_kalam,No,0,130,PhonePe,,"Kalakalappa irundhuchu, next time friends oda varen"
2026-02-17,21:17,Fathima M,+91 8782911467,48,Phone Call,Chicken Leg (2 pc),No,2,260,karur_kalam,No,0,260,PhonePe,4,
2026-02-17,22:37,,+91 7646871912,,Walk-in,Chicken Leg (2 pc),No,1,130,karur_kalam,No,0,130,GPay,5,
2026-02-17,17:31,Bala Kumar,+91 6898138815,,Walk-in,Chicken Leg (2 pc),No,1,130,karur_kalam,No,0,130,PhonePe,4,"Great value for money, fresh and hot"
2026-02-17,21:20,Sowmya Babu,+91 6814124782,,Phone Call,Chicken Lollipop (4 pc),No,1,130,karur_kalam,Yes,13,117,GPay,4,"Wings semma crispy ah irundhuchu, thanks anna"
2026-02-18,21:01,Ravi K,+91 9965328710,22,Phone Call,Chicken Lollipop (4 pc),No,2,260,karur_kalam,No,0,260,Cash,5,Very tasty and quick service too
2026-02-18,22:41,Joseph M,+91 6137178509,16,Walk-in,Chicken Lollipop (4 pc),No,1,130,karur_kalam,No,0,130,Cash,5,"Great value for money, fresh and hot"
2026-02-18,22:04,Arun,+91 7339845461,38,Phone Call,Chicken Leg (2 pc),No,1,130,karur_kalam,Yes,13,117,GPay,5,"Excellent flavour, family panindhalum enjoy pannanga"
2026-02-18,17:38,Lakshmi M,+91 7555625881,35,Walk-in,Chicken Wings (5 pc),No,1,130,karur_kalam,No,0,130,GPay,4,"Loved the combo, perfect spice level"
2026-02-18,19:03,Divya Babu,+91 8158482669,22,Walk-in,Chicken Wings (5 pc),No,1,130,karur_kalam,No,0,130,Card,3,"Not bad, but waiting time konjam adhigama irundhuchu"
2026-02-18,21:54,Divya K,+91 6807063369,54,Phone Call,Chicken Leg (2 pc),No,1,130,karur_kalam,No,0,130,PhonePe,4,
2026-02-18,22:58,Manoj S,+91 6801006231,60,Walk-in,Chicken Wings (5 pc),No,1,130,karur_kalam,Yes,13,117,GPay,3,"Decent taste, price sari than"
2026-02-18,19:10,Iniya,+91 9738363816,32,Walk-in,Chicken Wings (5 pc),No,1,130,karur_kalam,No,0,130,GPay,5,"Nalla crispy ah irundhuchu, quantity um super"
2026-02-18,20:13,Manoj Raj,+91 6824008427,21,Walk-in,Chicken Leg (2 pc),No,1,130,karur_kalam,No,0,130,PhonePe,5,"Nalla crispy ah irundhuchu, quantity um super"
2026-02-18,18:48,Rajesh,+91 6818835523,21,Phone Call,Chicken Lollipop (4 pc),No,2,260,karur_kalam,No,0,260,PhonePe,5,
2026-02-18,19:55,Anand M,+91 8698478961,,Walk-in,Chicken Leg (2 pc),No,2,260,karur_kalam,No,0,260,GPay,5,"Great value for money, fresh and hot"
2026-02-18,20:58,Ramesh Raj,+91 9584044997,,Phone Call,Chicken Wings (5 pc),No,1,130,karur_kalam,No,0,130,Paytm,4,
2026-02-18,22:29,Sowmya Raj,+91 6345054156,,Phone Call,Chicken Wings (5 pc),No,1,130,karur_kalam,No,0,130,GPay,4,"Chicken leg romba soft ah vekachu irundhuchu, super"
2026-02-18,18:48,,+91 9603859770,28,Walk-in,Chicken Wings (5 pc),No,1,130,karur_kalam,No,0,130,Paytm,2,
2026-02-18,18:06,Divya Kumar,+91 9057662702,47,Walk-in,Chicken Lollipop (4 pc),No,1,130,karur_kalam,No,0,130,,3,
2026-02-18,21:05,Gopal,+91 6933913732,40,Walk-in,Chicken Leg (2 pc),No,1,130,karur_kalam,No,0,130,PhonePe,5,"Semma taste bro, chicken romba soft ah irundhuchu"
2026-02-18,21:57,,+91 6422842102,15,Phone Call,Chicken Leg (2 pc),No,1,130,karur_kalam,Yes,13,117,GPay,5,
2026-02-18,20:53,Gowtham Prasad,+91 9483503056,32,Walk-in,Chicken Wings (5 pc),No,2,260,karur_kalam,No,0,260,Cash,2,
2026-02-18,18:46,Harish M,+91 8527177449,18,Walk-in,Chicken Wings (5 pc),No,1,130,karur_kalam,No,0,130,Card,,
2026-02-18,21:37,Meena Babu,+91 8201491189,,Walk-in,Chicken Lollipop (4 pc),No,2,260,karur_kalam,Yes,26,234,GPay,4,
2026-02-18,20:47,Gowtham Kumar,+91 7137455611,31,Walk-in,Chicken Lollipop (4 pc),No,1,130,karur_kalam,No,0,130,Cash,5,"Chicken leg romba soft ah vekachu irundhuchu, super"
2026-02-18,18:24,Lakshmi Kumar,+91 9666081126,16,Phone Call,Chicken Lollipop (4 pc),No,1,130,karur_kalam,No,0,130,GPay,5,"Chicken leg romba soft ah vekachu irundhuchu, super"
2026-02-18,20:31,Divya,+91 9153123455,18,Walk-in,Chicken Lollipop (4 pc),No,1,130,karur_kalam,No,0,130,Cash,4,"Nalla crispy ah irundhuchu, quantity um super"
2026-02-18,18:02,Ravi Raj,+91 6134808735,34,Walk-in,Chicken Lollipop (4 pc),No,1,130,karur_kalam,No,0,130,Paytm,5,"Amazing bbq stall, must try in this area"
2026-02-18,21:32,Murugan,+91 7226025634,25,Phone Call,Chicken Wings (5 pc),No,1,130,karur_kalam,Yes,13,117,Cash,5,"Loved the combo, perfect spice level"
2026-02-18,18:48,Dinesh Devi,+91 9909670546,41,Phone Call,Chicken Lollipop (4 pc),No,1,130,karur_kalam,No,0,130,GPay,,"Loved the combo, perfect spice level"
2026-02-18,20:46,Mary Devi,+91 8053773515,49,Phone Call,Chicken Leg (2 pc),No,1,130,karur_kalam,No,0,130,PhonePe,5,"Chicken leg romba soft ah vekachu irundhuchu, super"
2026-02-18,18:36,Yazhini Devi,+91 8648236629,51,Phone Call,Chicken Leg (2 pc),No,1,130,karur_kalam,No,0,130,GPay,4,"Wings semma crispy ah irundhuchu, thanks anna"
2026-02-18,18:11,Revathi S,+91 9558867533,51,Walk-in,Chicken Lollipop (4 pc),No,1,130,karur_kalam,No,0,130,Cash,5,"Chicken leg romba soft ah vekachu irundhuchu, super"
2026-02-18,20:46,Deepa Devi,+91 6690872617,,Walk-in,Chicken Lollipop (4 pc),No,1,130,karur_kalam,No,0,130,Cash,,"Not fresh today, taste changed"
2026-02-18,21:09,Kavya R,+91 7828040561,,Walk-in,Chicken Wings (5 pc),No,1,130,karur_kalam,No,0,130,GPay,,
2026-02-18,20:59,Gopal K,+91 6974993097,25,Phone Call,Chicken Leg (2 pc),No,1,130,karur_kalam,No,0,130,GPay,5,
2026-02-18,19:57,Arun R,+91 7385951434,,Walk-in,Chicken Wings (5 pc),No,1,130,karur_kalam,No,0,130,PhonePe,4,Very tasty and quick service too
2026-02-18,22:04,Divya Kumar,+91 7752431069,16,Phone Call,Chicken Wings (5 pc),No,1,130,karur_kalam,No,0,130,GPay,2,"Quantity kammiya kudutanga, not worth the price"
2026-02-18,21:03,Vidya Kumar,+91 6139500168,18,Walk-in,Chicken Wings (5 pc),No,1,130,karur_kalam,No,0,130,Cash,4,
2026-02-18,22:46,Swathi Kumar,+91 9620534407,,Walk-in,Chicken Leg (2 pc),No,1,130,karur_kalam,No,0,130,Paytm,4,"Nalla crispy ah irundhuchu, quantity um super"
2026-02-18,21:59,Anitha M,+91 8406409097,33,Phone Call,Chicken Leg (2 pc),No,1,130,karur_kalam,Yes,13,117,PhonePe,5,"Kalakalappa irundhuchu, next time friends oda varen"
2026-02-18,20:04,Ayesha,+91 7680182422,35,Walk-in,Chicken Lollipop (4 pc),No,2,260,karur_kalam,Yes,26,234,GPay,5,"Semma taste bro, chicken romba soft ah irundhuchu"
2026-02-18,22:25,Suresh R,+91 7654145868,36,Phone Call,Chicken Wings (5 pc),No,1,130,karur_kalam,No,0,130,GPay,4,
2026-02-18,20:00,Ayesha Raj,+91 6265423511,39,Walk-in,Chicken Lollipop (4 pc),No,1,130,karur_kalam,No,0,130,Cash,,
2026-02-18,22:24,,+91 9401489025,16,Phone Call,Chicken Lollipop (4 pc),No,1,130,karur_kalam,No,0,130,GPay,5,"Nalla crispy ah irundhuchu, quantity um super"
2026-02-18,21:20,Swathi R,+91 9230913075,41,Walk-in,Chicken Wings (5 pc),No,1,130,karur_kalam,No,0,130,Card,4,"Ultimate taste anna, naa daily varen"
2026-02-18,19:43,Vidya,+91 6489325288,15,Walk-in,Chicken Wings (5 pc),No,2,260,karur_kalam,No,0,260,Cash,3,
2026-02-18,18:00,Elango K,+91 7561595148,34,Phone Call,Chicken Lollipop (4 pc),No,1,130,karur_kalam,No,0,130,Cash,5,"Loved the combo, perfect spice level"
2026-02-18,18:34,Dinesh K,+91 9401489025,16,Phone Call,Chicken Lollipop (4 pc),No,2,260,karur_kalam,No,0,260,Paytm,5,"Vera level taste, oru sight ah irundhuchu"
2026-02-18,21:37,Revathi Kumar,+91 9383182856,,Phone Call,Chicken Leg (2 pc),No,1,130,karur_kalam,No,0,130,Cash,,"Loved the combo, perfect spice level"
2026-02-18,20:20,Saravanan Prasad,+91 9067368205,,Walk-in,Chicken Leg (2 pc),No,1,130,karur_kalam,No,0,130,Cash,3,"It was fine, nothing special"
2026-02-18,20:25,Ayesha Babu,+91 9947055169,,Phone Call,Chicken Wings (5 pc),No,1,130,karur_kalam,No,0,130,Paytm,5,"Excellent flavour, family panindhalum enjoy pannanga"
2026-02-18,21:10,Manoj,+91 7596790898,58,Walk-in,Chicken Leg (2 pc),No,1,130,karur_kalam,No,0,130,PhonePe,4,"Ultimate taste anna, naa daily varen"
2026-02-18,19:28,Vignesh K,+91 7869484249,,Walk-in,Chicken Lollipop (4 pc),No,1,130,karur_kalam,No,0,130,GPay,,
2026-02-18,19:49,Muthu K,+91 9152386767,27,Walk-in,Chicken Leg (2 pc),No,2,260,karur_kalam,No,0,260,GPay,5,
2026-02-18,19:31,,+91 7992299590,16,Phone Call,Chicken Lollipop (4 pc),No,1,130,karur_kalam,No,0,130,GPay,,
2026-02-18,20:25,Suresh K,+91 6531003309,24,Phone Call,Chicken Leg (2 pc),No,1,130,karur_kalam,No,0,130,GPay,,
2026-02-18,21:21,Priya Raj,+91 6193802620,40,Phone Call,Chicken Leg (2 pc),No,1,130,karur_kalam,No,0,130,GPay,2,"Waiting time mikka adhigama irundhuchu, service slow"
2026-02-19,18:59,Sivakumar R,+91 8902787429,42,Walk-in,Chicken Wings (5 pc),No,1,130,karur_kalam,No,0,130,Cash,3,"It was fine, nothing special"
2026-02-19,22:43,John S,+91 6693406088,58,Walk-in,Chicken Leg (2 pc),No,1,130,karur_kalam,No,0,130,Cash,5,"Vera level taste, oru sight ah irundhuchu"
2026-02-19,19:37,Senthil Kumar,+91 6562415285,45,Walk-in,Chicken Leg (2 pc),No,1,130,karur_kalam,No,0,130,GPay,5,"Wings semma crispy ah irundhuchu, thanks anna"
2026-02-19,19:01,Dhanush K,+91 6574733848,59,Walk-in,Chicken Wings (5 pc),No,1,130,karur_kalam,No,0,130,PhonePe,4,"Excellent flavour, family panindhalum enjoy pannanga"
2026-02-19,22:07,Fathima Babu,+91 6957443034,55,Walk-in,Chicken Leg (2 pc),No,1,130,karur_kalam,No,0,130,GPay,5,
2026-02-19,19:25,Divya K,+91 7185016315,,Phone Call,Chicken Leg (2 pc),No,1,130,karur_kalam,No,0,130,Cash,4,
2026-02-19,22:52,,+91 7431611724,16,Phone Call,Chicken Lollipop (4 pc),No,1,130,karur_kalam,No,0,130,GPay,3,
2026-02-19,22:44,Arun Kumar,+91 9750094214,,Walk-in,Chicken Leg (2 pc),No,1,130,karur_kalam,Yes,13,117,GPay,4,"Loved the combo, perfect spice level"
2026-02-19,20:35,Divya K,+91 7185016315,53,Walk-in,Chicken Leg (2 pc),No,1,130,karur_kalam,Yes,13,117,Cash,4,
2026-02-19,19:49,Muthu Babu,+91 6455623869,58,Phone Call,Chicken Leg (2 pc),No,1,130,karur_kalam,No,0,130,Cash,5,Very tasty and quick service too
2026-02-19,19:47,Saravanan Raj,+91 9840369003,34,Phone Call,Chicken Leg (2 pc),No,1,130,karur_kalam,No,0,130,GPay,5,"Nalla crispy ah irundhuchu, quantity um super"
2026-02-19,20:11,Ramesh Prasad,+91 7715518844,,Walk-in,Chicken Leg (2 pc),No,1,130,karur_kalam,No,0,130,PhonePe,,
2026-02-19,22:00,Bala,+91 8505331586,,Phone Call,Chicken Wings (5 pc),No,1,130,karur_kalam,No,0,130,Cash,5,
2026-02-19,20:52,John R,+91 9480162456,38,Walk-in,Chicken Wings (5 pc),No,1,130,karur_kalam,No,0,130,Cash,,"Best chicken lollipop I've had, will come again"
2026-02-19,20:11,Suresh,+91 7389083863,43,Walk-in,Chicken Lollipop (4 pc),No,2,260,karur_kalam,No,0,260,GPay,4,"Excellent flavour, family panindhalum enjoy pannanga"
2026-02-19,18:54,Vijay Kumar,+91 9506068536,20,Phone Call,Chicken Wings (5 pc),No,1,130,karur_kalam,No,0,130,PhonePe,,"Ultimate taste anna, naa daily varen"
2026-02-19,20:52,Gopal Prasad,+91 8620258254,28,Walk-in,Chicken Wings (5 pc),No,1,130,karur_kalam,No,0,130,Cash,3,
2026-02-19,17:24,Kumar,+91 9193745299,60,Walk-in,Chicken Wings (5 pc),No,1,130,karur_kalam,No,0,130,Cash,5,"Freshly grilled and juicy, highly recommend"
2026-02-19,20:49,,+91 6988516560,33,Phone Call,Chicken Wings (5 pc),No,2,260,karur_kalam,No,0,260,GPay,3,
2026-02-19,21:23,Farhan Devi,+91 9416052975,20,Phone Call,Chicken Leg (2 pc),No,1,130,karur_kalam,No,0,130,GPay,3,"Not bad, but waiting time konjam adhigama irundhuchu"
2026-02-19,21:47,Yazhini R,+91 9582029702,19,Walk-in,Chicken Leg (2 pc),No,1,130,karur_kalam,No,0,130,PhonePe,4,"Ultimate taste anna, naa daily varen"
2026-02-19,20:11,Swathi K,+91 8191088398,24,Phone Call,Chicken Leg (2 pc),No,2,260,karur_kalam,Yes,26,234,Paytm,2,"Too salty, not up to the mark today"
2026-02-19,22:59,Kumar S,+91 8467854458,,Phone Call,Chicken Lollipop (4 pc),No,1,130,karur_kalam,No,0,130,Paytm,3,"Taste romba pramadham illa, sagalama irundhuchu"
2026-02-19,21:51,Pradeep Devi,+91 7757059640,19,Phone Call,Chicken Lollipop (4 pc),No,1,130,karur_kalam,No,0,130,Paytm,3,"Decent taste, price sari than"
2026-02-19,18:36,Murugan Babu,+91 7058527722,19,Phone Call,Chicken Lollipop (4 pc),No,1,130,karur_kalam,Yes,13,117,PhonePe,5,
2026-02-19,20:46,Anand Devi,+91 6777326430,51,Walk-in,Chicken Wings (5 pc),No,1,130,karur_kalam,No,0,130,PhonePe,5,
2026-02-19,18:21,Arun,+91 6267888610,20,Phone Call,Chicken Wings (5 pc),No,2,260,karur_kalam,No,0,260,GPay,4,"Nalla crispy ah irundhuchu, quantity um super"
2026-02-19,21:46,Elango,+91 7752988322,,Walk-in,Chicken Lollipop (4 pc),No,1,130,karur_kalam,No,0,130,Cash,5,"Super spicy and juicy, best bbq in area"
2026-02-19,18:34,Ravi S,+91 9978889753,59,Walk-in,Chicken Wings (5 pc),No,1,130,karur_kalam,No,0,130,Cash,5,"Great value for money, fresh and hot"
2026-02-19,21:57,Gopal,+91 7044361995,22,Walk-in,Chicken Lollipop (4 pc),No,1,130,karur_kalam,No,0,130,Cash,4,
2026-02-19,17:12,Selvam S,+91 7172788957,54,Phone Call,Chicken Wings (5 pc),No,1,130,karur_kalam,No,0,130,PhonePe,5,"Ultimate taste anna, naa daily varen"
2026-02-19,18:10,Sathish,+91 7096713971,53,Walk-in,Chicken Leg (2 pc),No,1,130,karur_kalam,No,0,130,PhonePe,3,
2026-02-19,21:33,Bala,+91 6911166122,,Walk-in,Chicken Lollipop (4 pc),No,1,130,karur_kalam,Yes,13,117,Cash,5,
2026-02-19,20:42,Swathi K,+91 8191088398,24,Phone Call,Chicken Lollipop (4 pc),No,1,130,karur_kalam,No,0,130,GPay,,
2026-02-19,22:09,Naveen S,+91 6242114086,,Walk-in,Chicken Lollipop (4 pc),No,1,130,karur_kalam,No,0,130,GPay,5,"Chicken leg romba soft ah vekachu irundhuchu, super"
2026-02-19,19:50,,+91 6217659180,29,Phone Call,Chicken Leg (2 pc),No,1,130,karur_kalam,No,0,130,GPay,,"Great value for money, fresh and hot"
2026-02-19,17:06,Swathi R,+91 9230913075,41,Phone Call,Chicken Wings (5 pc),No,1,130,karur_kalam,No,0,130,GPay,4,Very tasty and quick service too
2026-02-19,22:13,Kavya,+91 8936899809,57,Walk-in,Chicken Lollipop (4 pc),No,1,130,karur_kalam,No,0,130,Cash,,"Excellent flavour, family panindhalum enjoy pannanga"
2026-02-19,21:05,,+91 6270615927,29,Walk-in,Chicken Lollipop (4 pc),No,2,260,karur_kalam,No,0,260,Cash,4,
2026-02-19,19:16,Elango Devi,+91 9837770143,40,Phone Call,Chicken Leg (2 pc),No,2,260,karur_kalam,Yes,26,234,Paytm,5,"Excellent flavour, family panindhalum enjoy pannanga"
2026-02-19,20:22,Dhanush,+91 7010956797,38,Walk-in,Chicken Wings (5 pc),No,1,130,karur_kalam,No,0,130,GPay,,
2026-02-19,19:07,Karthik M,+91 8777520471,19,Phone Call,Chicken Leg (2 pc),No,1,130,karur_kalam,No,0,130,,5,"Nalla crispy ah irundhuchu, quantity um super"
2026-02-19,21:42,Vidya,+91 6306831764,20,Walk-in,Chicken Wings (5 pc),No,1,130,karur_kalam,No,0,130,GPay,4,"Semma taste bro, chicken romba soft ah irundhuchu"
2026-02-19,17:28,Naveen,+91 9841459332,45,Phone Call,Chicken Leg (2 pc),No,1,130,karur_kalam,Yes,13,117,Cash,4,"Semma taste bro, chicken romba soft ah irundhuchu"
2026-02-19,21:43,Lakshmi,+91 6458474362,22,Walk-in,Chicken Wings (5 pc),No,1,130,karur_kalam,No,0,130,Cash,2,"Quantity kammiya kudutanga, not worth the price"
2026-02-19,20:55,Meena Prasad,+91 6902294131,50,Walk-in,Chicken Leg (2 pc),No,1,130,karur_kalam,No,0,130,Cash,3,"Taste romba pramadham illa, sagalama irundhuchu"
2026-02-19,19:06,Revathi Raj,+91 9662159183,23,Walk-in,Chicken Lollipop (4 pc),No,1,130,karur_kalam,No,0,130,Cash,,
2026-02-19,22:02,Sathish,+91 6656670106,,Phone Call,Chicken Leg (2 pc),No,1,130,karur_kalam,No,0,130,GPay,2,"Quantity kammiya kudutanga, not worth the price"
2026-02-19,20:36,Pradeep Prasad,+91 6430305486,49,Phone Call,Chicken Lollipop (4 pc),No,1,130,karur_kalam,Yes,13,117,PhonePe,5,
2026-02-19,18:04,Ramesh Babu,+91 7049980949,,Walk-in,Chicken Lollipop (4 pc),No,1,130,karur_kalam,No,0,130,GPay,4,
2026-02-19,19:13,Nithya Devi,+91 8166123740,46,Walk-in,Chicken Lollipop (4 pc),No,1,130,karur_kalam,No,0,130,PhonePe,,"Best chicken lollipop I've had, will come again"
2026-02-19,17:10,Mary Prasad,+91 6142620370,47,Walk-in,Chicken Leg (2 pc),No,1,130,karur_kalam,No,0,130,Cash,,"Chicken leg romba soft ah vekachu irundhuchu, super"
2026-02-19,20:40,Ravi,+91 6359989897,24,Phone Call,Chicken Wings (5 pc),No,1,130,karur_kalam,No,0,130,PhonePe,3,
2026-02-19,19:08,Arun,+91 7339845461,38,Phone Call,Chicken Leg (2 pc),No,2,260,karur_kalam,No,0,260,Paytm,3,"Taste romba pramadham illa, sagalama irundhuchu"
2026-02-20,21:11,Swathi S,+91 7978570820,16,Walk-in,Chicken Lollipop (4 pc),No,2,260,karur_kalam,No,0,260,,2,"Not fresh today, taste changed"
2026-02-20,20:52,Anand M,+91 8698478961,59,Phone Call,Chicken Lollipop (4 pc),No,1,130,karur_kalam,Yes,13,117,GPay,,"Super spicy and juicy, best bbq in area"
2026-02-20,22:42,Kavya,+91 8936899809,57,Phone Call,Chicken Leg (2 pc),No,1,130,karur_kalam,No,0,130,GPay,4,"Loved the combo, perfect spice level"
2026-02-20,18:27,Elango Devi,+91 9837770143,40,Walk-in,Chicken Lollipop (4 pc),No,1,130,karur_kalam,No,0,130,GPay,4,Very tasty and quick service too
2026-02-20,19:24,Prakash Kumar,+91 9231665876,18,Phone Call,Chicken Lollipop (4 pc),No,2,260,karur_kalam,No,0,260,GPay,5,
2026-02-20,17:38,Iniya R,+91 8477725228,46,Walk-in,Chicken Lollipop (4 pc),No,1,130,karur_kalam,No,0,130,Cash,5,"Freshly grilled and juicy, highly recommend"
2026-02-20,20:09,Divya Prasad,+91 6654051531,52,Phone Call,Chicken Leg (2 pc),No,1,130,karur_kalam,No,0,130,GPay,,"Ultimate taste anna, naa daily varen"
2026-02-20,20:17,Gowtham Prasad,+91 8980841241,21,Phone Call,Chicken Lollipop (4 pc),No,1,130,karur_kalam,No,0,130,GPay,3,"Not bad, but waiting time konjam adhigama irundhuchu"
2026-02-20,17:01,Gopal Kumar,+91 8868839062,31,Walk-in,Chicken Wings (5 pc),No,1,130,karur_kalam,No,0,130,GPay,3,Quantity konjam kammiya irundhuchu but taste okay
2026-02-20,22:40,Dinesh M,+91 7614293968,36,Walk-in,Chicken Wings (5 pc),No,1,130,karur_kalam,Yes,13,117,GPay,5,
2026-02-20,17:16,Kavya,+91 8067165726,,Walk-in,Chicken Wings (5 pc),No,1,130,karur_kalam,No,0,130,Card,4,
2026-02-20,21:26,Vignesh,+91 7544724191,42,Walk-in,Chicken Lollipop (4 pc),No,1,130,karur_kalam,No,0,130,Cash,2,
2026-02-20,19:54,Murugan,+91 7498980880,40,Walk-in,Chicken Lollipop (4 pc),No,1,130,karur_kalam,No,0,130,GPay,4,"Super spicy and juicy, best bbq in area"
2026-02-20,20:58,Anitha Kumar,+91 8024026811,45,Phone Call,Chicken Wings (5 pc),No,1,130,karur_kalam,No,0,130,PhonePe,5,
2026-02-20,19:37,Revathi S,+91 9558867533,51,Phone Call,Chicken Lollipop (4 pc),No,1,130,karur_kalam,No,0,130,PhonePe,4,"Vera level taste, oru sight ah irundhuchu"
2026-02-20,21:23,Murugan,+91 7226025634,25,Walk-in,Chicken Leg (2 pc),No,1,130,karur_kalam,No,0,130,PhonePe,,"Freshly grilled and juicy, highly recommend"
2026-02-20,20:48,Deepa S,+91 6112805982,42,Phone Call,Chicken Lollipop (4 pc),No,2,260,karur_kalam,Yes,26,234,GPay,3,"It was fine, nothing special"
2026-02-20,19:03,Deepa Babu,+91 8527111161,38,Phone Call,Chicken Leg (2 pc),No,1,130,karur_kalam,No,0,130,GPay,5,"Super spicy and juicy, best bbq in area"
2026-02-20,18:03,Swathi Prasad,+91 7982595269,,Walk-in,Chicken Leg (2 pc),No,1,130,karur_kalam,No,0,130,Card,4,"Nalla crispy ah irundhuchu, quantity um super"
2026-02-20,22:36,Anand K,+91 9676056420,34,Walk-in,Chicken Leg (2 pc),No,2,260,karur_kalam,No,0,260,Cash,5,
2026-02-20,20:14,,+91 6623546622,41,Walk-in,Chicken Leg (2 pc),No,1,130,karur_kalam,No,0,130,Cash,4,
2026-02-20,18:45,Gowtham,+91 6224276774,40,Walk-in,Chicken Wings (5 pc),No,1,130,karur_kalam,Yes,13,117,Cash,4,"Super spicy and juicy, best bbq in area"
2026-02-20,20:56,Vidya Raj,+91 9008017986,,Walk-in,Chicken Wings (5 pc),No,1,130,karur_kalam,No,0,130,Cash,5,"Nalla crispy ah irundhuchu, quantity um super"
2026-02-20,19:44,Anand Prasad,+91 7642612120,28,Walk-in,Chicken Leg (2 pc),No,2,260,karur_kalam,No,0,260,Cash,4,Very tasty and quick service too
2026-02-20,22:11,Rajesh,+91 6818835523,21,Walk-in,Chicken Leg (2 pc),No,2,260,karur_kalam,No,0,260,Card,5,
2026-02-20,22:03,Divya Kumar,+91 7752431069,16,Walk-in,Chicken Lollipop (4 pc),No,1,130,karur_kalam,No,0,130,PhonePe,4,
2026-02-20,22:46,,+91 9523112327,33,Walk-in,Chicken Lollipop (4 pc),No,1,130,karur_kalam,No,0,130,GPay,4,"Kalakalappa irundhuchu, next time friends oda varen"
2026-02-20,20:51,Sivakumar Kumar,+91 7427203886,58,Walk-in,Chicken Lollipop (4 pc),No,1,130,karur_kalam,No,0,130,Cash,,"Decent taste, price sari than"
2026-02-20,21:55,Ravi Babu,+91 7069358824,54,Walk-in,Chicken Lollipop (4 pc),No,2,260,karur_kalam,No,0,260,Cash,4,"Best chicken lollipop I've had, will come again"
2026-02-20,20:52,Meena Prasad,+91 9848165244,,Walk-in,Chicken Wings (5 pc),No,1,130,karur_kalam,No,0,130,Cash,5,"Vera level taste, oru sight ah irundhuchu"
2026-02-20,20:58,Kumar R,+91 9471027677,28,Walk-in,Chicken Leg (2 pc),No,1,130,karur_kalam,No,0,130,GPay,5,"Excellent flavour, family panindhalum enjoy pannanga"
2026-02-20,21:51,Yazhini Devi,+91 8648236629,51,Phone Call,Chicken Leg (2 pc),No,1,130,karur_kalam,No,0,130,PhonePe,5,"Excellent flavour, family panindhalum enjoy pannanga"
2026-02-20,22:30,Nithya S,+91 7634351751,49,Phone Call,Chicken Leg (2 pc),No,2,260,karur_kalam,No,0,260,GPay,5,"Kalakalappa irundhuchu, next time friends oda varen"
2026-02-20,21:38,Rajesh M,+91 9504773586,42,Walk-in,Chicken Wings (5 pc),No,1,130,karur_kalam,No,0,130,PhonePe,3,"Decent taste, price sari than"
2026-02-20,20:15,Suresh R,+91 7654145868,36,Walk-in,Chicken Leg (2 pc),No,1,130,karur_kalam,No,0,130,GPay,5,"Freshly grilled and juicy, highly recommend"
2026-02-20,22:13,Sivakumar S,+91 8991216558,38,Phone Call,Chicken Wings (5 pc),No,1,130,karur_kalam,No,0,130,Cash,4,"Wings semma crispy ah irundhuchu, thanks anna"
2026-02-20,18:00,Kavya,+91 8067165726,,Walk-in,Chicken Wings (5 pc),No,1,130,karur_kalam,No,0,130,Cash,3,Quantity konjam kammiya irundhuchu but taste okay
2026-02-20,20:35,,+91 8991022901,32,Phone Call,Chicken Wings (5 pc),No,1,130,karur_kalam,No,0,130,PhonePe,2,
2026-02-20,17:46,Murugan Babu,+91 7058527722,19,Walk-in,Chicken Leg (2 pc),No,1,130,karur_kalam,Yes,13,117,Cash,,"Great value for money, fresh and hot"
2026-02-20,19:48,Muthu Devi,+91 6983584168,43,Walk-in,Chicken Lollipop (4 pc),No,2,260,karur_kalam,No,0,260,GPay,4,Very tasty and quick service too
2026-02-20,21:01,Ramesh Prasad,+91 7715518844,25,Walk-in,Chicken Wings (5 pc),No,1,130,karur_kalam,No,0,130,Cash,5,
2026-02-20,17:01,Meena Prasad,+91 7341016668,,Phone Call,Chicken Leg (2 pc),No,2,260,karur_kalam,No,0,260,GPay,,"Kalakalappa irundhuchu, next time friends oda varen"
2026-02-20,19:20,Yazhini Devi,+91 9411065411,60,Phone Call,Chicken Wings (5 pc),No,1,130,karur_kalam,No,0,130,Cash,5,
2026-02-20,20:10,Ayesha Raj,+91 9089058366,50,Walk-in,Chicken Lollipop (4 pc),No,1,130,karur_kalam,No,0,130,GPay,4,"Wings semma crispy ah irundhuchu, thanks anna"
2026-02-20,20:43,Farhan Devi,+91 7185188888,16,Phone Call,Chicken Leg (2 pc),No,1,130,karur_kalam,No,0,130,Cash,4,"Amazing bbq stall, must try in this area"
2026-02-21,19:44,Pradeep K,+91 7583132370,38,Walk-in,Chicken Lollipop (4 pc),No,1,130,karur_kalam,No,0,130,GPay,4,
2026-02-21,22:50,Bala Devi,+91 8789826041,50,Walk-in,Chicken Wings (5 pc),No,1,130,karur_kalam,No,0,130,Paytm,5,"Amazing bbq stall, must try in this area"
2026-02-21,20:24,Bala,+91 8505331586,54,Walk-in,Chicken Leg (2 pc),No,1,130,karur_kalam,No,0,130,PhonePe,4,"Kalakalappa irundhuchu, next time friends oda varen"
2026-02-21,20:08,Yazhini Prasad,+91 9527858549,45,Walk-in,Chicken Wings (5 pc),No,1,130,karur_kalam,No,0,130,GPay,,"Nalla crispy ah irundhuchu, quantity um super"
2026-02-21,22:56,John S,+91 9798079359,45,Walk-in,Chicken Leg (2 pc),No,1,130,karur_kalam,No,0,130,PhonePe,4,"Loved the combo, perfect spice level"
2026-02-21,19:49,Selvam R,+91 6217659180,29,Phone Call,Chicken Leg (2 pc),No,1,130,karur_kalam,No,0,130,PhonePe,5,"Great value for money, fresh and hot"
2026-02-21,22:03,Gopal K,+91 6607337543,29,Walk-in,Chicken Wings (5 pc),No,1,130,karur_kalam,No,0,130,GPay,4,"Chicken leg romba soft ah vekachu irundhuchu, super"
2026-02-21,17:05,Lakshmi Devi,+91 8072324728,25,Walk-in,Chicken Lollipop (4 pc),No,1,130,karur_kalam,No,0,130,PhonePe,,"Amazing bbq stall, must try in this area"
2026-02-21,20:59,Pradeep Kumar,+91 8160607159,42,Walk-in,Chicken Lollipop (4 pc),No,1,130,karur_kalam,No,0,130,Paytm,3,
2026-02-21,20:00,,+91 8339421047,17,Phone Call,Chicken Lollipop (4 pc),No,1,130,karur_kalam,No,0,130,Cash,,Very tasty and quick service too
2026-02-21,19:00,Arun R,+91 6526105370,51,Walk-in,Chicken Wings (5 pc),No,1,130,karur_kalam,Yes,13,117,GPay,2,
2026-02-21,18:30,,+91 8854329876,52,Walk-in,Chicken Lollipop (4 pc),No,1,130,karur_kalam,No,0,130,,3,Quantity konjam kammiya irundhuchu but taste okay
2026-02-21,19:34,Lakshmi M,+91 7555625881,35,Phone Call,Chicken Lollipop (4 pc),No,1,130,karur_kalam,No,0,130,GPay,,"Nalla crispy ah irundhuchu, quantity um super"
2026-02-21,19:33,Ramesh,+91 8502589632,19,Walk-in,Chicken Wings (5 pc),No,2,260,karur_kalam,No,0,260,PhonePe,4,
2026-02-21,19:37,Sowmya Prasad,+91 6104328986,,Phone Call,Chicken Lollipop (4 pc),No,2,260,karur_kalam,Yes,26,234,PhonePe,5,"Excellent flavour, family panindhalum enjoy pannanga"
2026-02-21,21:25,Naveen S,+91 7842536462,49,Walk-in,Chicken Wings (5 pc),No,2,260,karur_kalam,Yes,26,234,Paytm,4,
2026-02-21,20:34,Harish K,+91 8965137098,35,Walk-in,Chicken Leg (2 pc),No,1,130,karur_kalam,No,0,130,PhonePe,3,"Taste romba pramadham illa, sagalama irundhuchu"
2026-02-21,22:06,Gopal Prasad,+91 7400499154,44,Walk-in,Chicken Leg (2 pc),No,1,130,karur_kalam,No,0,130,Cash,,"Quantity kammiya kudutanga, not worth the price"
2026-02-21,17:11,Suresh,+91 8476022069,38,Walk-in,Chicken Leg (2 pc),No,1,130,karur_kalam,No,0,130,GPay,4,"Amazing bbq stall, must try in this area"
2026-02-21,18:26,Divya Kumar,+91 9057662702,47,Phone Call,Chicken Wings (5 pc),No,1,130,karur_kalam,No,0,130,Cash,,"Great value for money, fresh and hot"
2026-02-21,20:43,Kavya,+91 8067165726,26,Phone Call,Chicken Wings (5 pc),No,1,130,karur_kalam,No,0,130,Paytm,5,"Amazing bbq stall, must try in this area"
2026-02-21,17:14,Lakshmi,+91 9407173279,,Walk-in,Chicken Leg (2 pc),No,1,130,karur_kalam,Yes,13,117,Cash,4,"Kalakalappa irundhuchu, next time friends oda varen"
2026-02-21,19:04,Dhanush R,+91 7403910452,17,Walk-in,Chicken Wings (5 pc),No,1,130,karur_kalam,No,0,130,Card,4,"Excellent flavour, family panindhalum enjoy pannanga"
2026-02-21,20:36,Senthil R,+91 8992855359,36,Walk-in,Chicken Leg (2 pc),No,1,130,karur_kalam,Yes,13,117,Cash,4,"Super spicy and juicy, best bbq in area"
2026-02-21,17:44,Dinesh K,+91 9401489025,16,Phone Call,Chicken Wings (5 pc),No,1,130,karur_kalam,No,0,130,GPay,3,"Decent taste, price sari than"
2026-02-21,17:10,Bala K,+91 7394495300,40,Walk-in,Chicken Lollipop (4 pc),No,1,130,karur_kalam,No,0,130,Cash,4,"Chicken leg romba soft ah vekachu irundhuchu, super"
2026-02-21,18:34,Kavya,+91 8067165726,26,Phone Call,Chicken Leg (2 pc),No,1,130,karur_kalam,No,0,130,Cash,4,"Nalla crispy ah irundhuchu, quantity um super"
2026-02-21,19:06,Gopal K,+91 6974993097,25,Walk-in,Chicken Lollipop (4 pc),No,1,130,karur_kalam,No,0,130,Cash,,
2026-02-21,17:48,Karthik R,+91 6845146270,31,Phone Call,Chicken Wings (5 pc),No,1,130,karur_kalam,No,0,130,GPay,5,"Chicken leg romba soft ah vekachu irundhuchu, super"
2026-02-21,18:59,Naveen Devi,+91 6443699577,43,Walk-in,Chicken Leg (2 pc),No,1,130,karur_kalam,No,0,130,Cash,3,"Decent taste, price sari than"
2026-02-21,19:54,Farhan Devi,+91 9416052975,20,Phone Call,Chicken Lollipop (4 pc),No,2,260,karur_kalam,No,0,260,Card,5,
2026-02-21,18:42,Pradeep K,+91 7583132370,38,Walk-in,Chicken Wings (5 pc),No,1,130,karur_kalam,No,0,130,Paytm,4,"Wings semma crispy ah irundhuchu, thanks anna"
2026-02-21,17:38,Mary Kumar,+91 6746120047,22,Phone Call,Chicken Wings (5 pc),No,2,260,karur_kalam,No,0,260,GPay,3,"Not bad, but waiting time konjam adhigama irundhuchu"
2026-02-21,18:44,Manoj S,+91 6801006231,60,Phone Call,Chicken Wings (5 pc),No,2,260,karur_kalam,No,0,260,Cash,3,"It was fine, nothing special"
2026-02-21,20:31,,+91 6974993097,25,Phone Call,Chicken Wings (5 pc),No,1,130,karur_kalam,No,0,130,Cash,4,"Amazing bbq stall, must try in this area"
2026-02-21,20:05,,+91 8991022901,32,Walk-in,Chicken Wings (5 pc),No,1,130,karur_kalam,Yes,13,117,Cash,3,"Decent taste, price sari than"
2026-02-21,17:49,Harish M,+91 8527177449,18,Phone Call,Chicken Leg (2 pc),No,1,130,karur_kalam,No,0,130,Cash,,"Wings semma crispy ah irundhuchu, thanks anna"
2026-02-21,22:08,Vignesh M,+91 7186928972,47,Walk-in,Chicken Lollipop (4 pc),No,1,130,karur_kalam,No,0,130,GPay,5,"Vera level taste, oru sight ah irundhuchu"
2026-02-21,18:42,Pradeep Prasad,+91 6430305486,49,Phone Call,Chicken Lollipop (4 pc),No,1,130,karur_kalam,No,0,130,PhonePe,4,"Nalla crispy ah irundhuchu, quantity um super"
2026-02-21,18:26,Sivakumar R,+91 8902787429,42,Phone Call,Chicken Lollipop (4 pc),No,1,130,karur_kalam,No,0,130,GPay,5,
2026-02-21,18:45,Murugan R,+91 6203042322,60,Walk-in,Chicken Lollipop (4 pc),No,1,130,karur_kalam,No,0,130,PhonePe,4,"Amazing bbq stall, must try in this area"
2026-02-21,22:03,Bala S,+91 6988516560,33,Walk-in,Chicken Lollipop (4 pc),No,1,130,karur_kalam,No,0,130,Cash,2,"Waiting time mikka adhigama irundhuchu, service slow"
2026-02-21,21:43,Deepa,+91 7696816453,36,Phone Call,Chicken Lollipop (4 pc),No,2,260,karur_kalam,No,0,260,GPay,5,
2026-02-21,21:04,Harish K,+91 6746902983,,Walk-in,Chicken Lollipop (4 pc),No,1,130,karur_kalam,No,0,130,PhonePe,2,
2026-02-21,17:25,Meena,+91 7606474687,24,Phone Call,Chicken Leg (2 pc),No,1,130,karur_kalam,No,0,130,Cash,,
2026-02-21,19:09,Anitha Kumar,+91 8024026811,45,Walk-in,Chicken Leg (2 pc),No,2,260,karur_kalam,No,0,260,Cash,5,
2026-02-21,22:25,Sivakumar,+91 7856543102,46,Walk-in,Chicken Lollipop (4 pc),No,1,130,karur_kalam,No,0,130,Cash,5,
2026-02-21,19:08,Dinesh Babu,+91 8549480831,30,Phone Call,Chicken Lollipop (4 pc),No,1,130,karur_kalam,No,0,130,GPay,4,"Vera level taste, oru sight ah irundhuchu"
2026-02-21,17:47,Saravanan,+91 8243625854,,Walk-in,Chicken Lollipop (4 pc),No,1,130,karur_kalam,No,0,130,Paytm,5,"Chicken leg romba soft ah vekachu irundhuchu, super"
2026-02-21,22:11,Prakash R,+91 7419964338,36,Phone Call,Chicken Lollipop (4 pc),No,1,130,karur_kalam,No,0,130,Card,5,"Kalakalappa irundhuchu, next time friends oda varen"
2026-02-21,17:45,Manoj Raj,+91 6824008427,21,Walk-in,Chicken Lollipop (4 pc),No,1,130,karur_kalam,No,0,130,GPay,3,Quantity konjam kammiya irundhuchu but taste okay
2026-02-21,20:17,Naveen,+91 9841459332,45,Phone Call,Chicken Leg (2 pc),No,1,130,karur_kalam,No,0,130,Paytm,5,Very tasty and quick service too
2026-02-21,22:21,Priya,+91 9122753046,30,Phone Call,Chicken Leg (2 pc),No,1,130,karur_kalam,No,0,130,Paytm,,"Vera level taste, oru sight ah irundhuchu"
2026-02-21,19:53,Anand Devi,+91 9986163421,,Walk-in,Chicken Leg (2 pc),No,1,130,karur_kalam,No,0,130,Cash,4,"Excellent flavour, family panindhalum enjoy pannanga"
2026-02-21,21:07,Manoj Devi,+91 7559664721,,Walk-in,Chicken Leg (2 pc),No,1,130,karur_kalam,Yes,13,117,Cash,,"Vera level taste, oru sight ah irundhuchu"
2026-02-21,18:26,Swathi R,+91 9230913075,41,Walk-in,Chicken Leg (2 pc),No,2,260,karur_kalam,No,0,260,PhonePe,5,"Ultimate taste anna, naa daily varen"
2026-02-21,21:28,Revathi M,+91 9373100817,48,Walk-in,Chicken Leg (2 pc),No,1,130,karur_kalam,No,0,130,Cash,5,"Nalla crispy ah irundhuchu, quantity um super"
2026-02-21,20:50,Murugan,+91 9874470173,56,Walk-in,Chicken Leg (2 pc),No,1,130,karur_kalam,No,0,130,Cash,5,
2026-02-21,18:58,Kumar R,+91 8569092755,43,Walk-in,Chicken Leg (2 pc),No,1,130,karur_kalam,No,0,130,GPay,,"Wings semma crispy ah irundhuchu, thanks anna"
2026-02-21,22:02,Revathi R,+91 9797643815,42,Walk-in,Chicken Leg (2 pc),No,1,130,karur_kalam,No,0,130,GPay,3,"Not bad, but waiting time konjam adhigama irundhuchu"
2026-02-22,18:01,Gopal K,+91 6607337543,29,Phone Call,Chicken Lollipop (4 pc),No,2,260,karur_kalam,Yes,26,234,Paytm,3,"Decent taste, price sari than"
2026-02-22,20:31,Kalaivani,+91 9535560932,16,Walk-in,Chicken Leg (2 pc),No,1,130,karur_kalam,Yes,13,117,PhonePe,,Very tasty and quick service too
2026-02-22,21:38,,+91 7555625881,35,Phone Call,Chicken Wings (5 pc),No,1,130,karur_kalam,No,0,130,Cash,5,"Excellent flavour, family panindhalum enjoy pannanga"
2026-02-22,21:55,Swathi S,+91 7554665905,19,Walk-in,Chicken Wings (5 pc),No,1,130,karur_kalam,No,0,130,GPay,4,
2026-02-22,22:38,Naveen Devi,+91 6443699577,43,Walk-in,Chicken Wings (5 pc),No,2,260,karur_kalam,No,0,260,GPay,5,
2026-02-22,18:14,Anitha S,+91 6477005411,54,Phone Call,Chicken Wings (5 pc),No,1,130,karur_kalam,No,0,130,PhonePe,5,
2026-02-22,20:24,Ravi K,+91 9965328710,22,Phone Call,Chicken Leg (2 pc),No,1,130,karur_kalam,No,0,130,GPay,,"Okay okay taste, but konjam salt adhigama irundhuchu"
2026-02-22,20:09,John Devi,+91 7229270653,43,Walk-in,Chicken Leg (2 pc),No,1,130,karur_kalam,No,0,130,Cash,5,"Best chicken lollipop I've had, will come again"
2026-02-22,18:44,Fathima Kumar,+91 7176484673,35,Walk-in,Chicken Lollipop (4 pc),No,1,130,karur_kalam,No,0,130,Card,4,
2026-02-22,20:21,Vidya,+91 6944258922,,Walk-in,Chicken Wings (5 pc),No,2,260,karur_kalam,No,0,260,PhonePe,4,"Semma taste bro, chicken romba soft ah irundhuchu"
2026-02-22,22:49,Kumar R,+91 9311804674,21,Walk-in,Chicken Lollipop (4 pc),No,1,130,karur_kalam,No,0,130,PhonePe,2,
2026-02-22,19:16,Ramesh Kumar,+91 9260846397,57,Walk-in,Chicken Lollipop (4 pc),No,1,130,karur_kalam,No,0,130,GPay,3,
2026-02-22,22:37,Yazhini,+91 8164119556,32,Walk-in,Chicken Wings (5 pc),No,1,130,karur_kalam,Yes,13,117,Cash,5,"Super spicy and juicy, best bbq in area"
2026-02-22,19:10,Abdul Kareem K,+91 7734670656,25,Walk-in,Chicken Leg (2 pc),No,1,130,karur_kalam,Yes,13,117,Cash,,
2026-02-22,20:13,Aishwarya,+91 7124139369,,Walk-in,Chicken Wings (5 pc),No,1,130,karur_kalam,No,0,130,GPay,4,"Loved the combo, perfect spice level"
2026-02-22,18:40,Senthil,+91 7276075988,54,Walk-in,Chicken Wings (5 pc),No,1,130,karur_kalam,No,0,130,GPay,4,
2026-02-22,21:37,Kumar,+91 8953278774,,Walk-in,Chicken Leg (2 pc),No,1,130,karur_kalam,No,0,130,GPay,4,
2026-02-22,20:24,Vidya,+91 6489325288,15,Phone Call,Chicken Leg (2 pc),No,1,130,karur_kalam,No,0,130,PhonePe,4,"Great value for money, fresh and hot"
2026-02-22,19:19,Joseph Prasad,+91 6756551256,59,Walk-in,Chicken Leg (2 pc),No,1,130,karur_kalam,No,0,130,Card,5,"Semma taste bro, chicken romba soft ah irundhuchu"
2026-02-22,18:56,Dinesh,+91 8451076226,49,Phone Call,Chicken Leg (2 pc),No,1,130,karur_kalam,No,0,130,GPay,5,
2026-02-22,19:02,Kumar M,+91 7622444721,25,Walk-in,Chicken Leg (2 pc),No,1,130,karur_kalam,No,0,130,GPay,2,"Too salty, not up to the mark today"
2026-02-22,20:08,Vijay,+91 8396907844,45,Walk-in,Chicken Leg (2 pc),No,2,260,karur_kalam,No,0,260,GPay,4,"Super spicy and juicy, best bbq in area"
2026-02-22,18:10,Nithya Babu,+91 9120826773,33,Walk-in,Chicken Leg (2 pc),No,1,130,karur_kalam,No,0,130,Cash,4,"Semma taste bro, chicken romba soft ah irundhuchu"
2026-02-22,21:53,Vignesh Prasad,+91 8443135182,27,Walk-in,Chicken Leg (2 pc),No,1,130,karur_kalam,No,0,130,,,
2026-02-22,21:59,Joseph Prasad,+91 6756551256,,Phone Call,Chicken Leg (2 pc),No,1,130,karur_kalam,No,0,130,PhonePe,4,"Vera level taste, oru sight ah irundhuchu"
2026-02-22,20:48,Arun Kumar,+91 7387262473,19,Walk-in,Chicken Lollipop (4 pc),No,1,130,karur_kalam,No,0,130,Paytm,4,"Super spicy and juicy, best bbq in area"
2026-02-22,21:46,Ravi Raj,+91 9439464088,25,Walk-in,Chicken Wings (5 pc),No,1,130,karur_kalam,Yes,13,117,Cash,2,
2026-02-22,18:30,Ayesha Raj,+91 6265423511,39,Walk-in,Chicken Lollipop (4 pc),No,1,130,karur_kalam,No,0,130,GPay,5,"Loved the combo, perfect spice level"
2026-02-22,22:09,Swathi Babu,+91 7465579220,30,Walk-in,Chicken Lollipop (4 pc),No,1,130,karur_kalam,Yes,13,117,Cash,4,"Ultimate taste anna, naa daily varen"
2026-02-22,19:00,Prakash K,+91 8121375658,60,Walk-in,Chicken Wings (5 pc),No,1,130,karur_kalam,No,0,130,GPay,3,"Taste romba pramadham illa, sagalama irundhuchu"
2026-02-22,18:44,Yazhini R,+91 9582029702,19,Phone Call,Chicken Leg (2 pc),No,2,260,karur_kalam,No,0,260,GPay,5,"Vera level taste, oru sight ah irundhuchu"
2026-02-22,18:53,Dinesh Babu,+91 8549480831,30,Phone Call,Chicken Leg (2 pc),No,1,130,karur_kalam,No,0,130,GPay,4,"Semma taste bro, chicken romba soft ah irundhuchu"
2026-02-22,20:42,Muthu Kumar,+91 7474246310,34,Walk-in,Chicken Lollipop (4 pc),No,2,260,karur_kalam,No,0,260,PhonePe,4,"Ultimate taste anna, naa daily varen"
2026-02-22,17:14,Iniya Babu,+91 7946902177,33,Walk-in,Chicken Lollipop (4 pc),No,1,130,karur_kalam,Yes,13,117,PhonePe,,"Semma taste bro, chicken romba soft ah irundhuchu"
2026-02-22,21:46,Arun,+91 7339845461,38,Walk-in,Chicken Leg (2 pc),No,2,260,karur_kalam,No,0,260,Cash,,"Wings semma crispy ah irundhuchu, thanks anna"
2026-02-22,20:06,Harish Kumar,+91 9214895134,29,Walk-in,Chicken Wings (5 pc),No,1,130,karur_kalam,No,0,130,Cash,4,"Nalla crispy ah irundhuchu, quantity um super"
2026-02-22,20:27,Anand Prasad,+91 7799650752,46,Walk-in,Chicken Wings (5 pc),No,2,260,karur_kalam,No,0,260,GPay,4,
2026-02-22,19:57,Kumar M,+91 7622444721,25,Phone Call,Chicken Leg (2 pc),No,2,260,karur_kalam,No,0,260,PhonePe,5,"Ultimate taste anna, naa daily varen"
2026-02-22,20:16,Vignesh R,+91 7149190586,57,Phone Call,Chicken Wings (5 pc),No,1,130,karur_kalam,Yes,13,117,PhonePe,5,"Nalla crispy ah irundhuchu, quantity um super"
2026-02-22,17:51,Revathi Raj,+91 8499045301,,Walk-in,Chicken Lollipop (4 pc),No,1,130,karur_kalam,No,0,130,Cash,5,
2026-02-23,19:06,Gowtham R,+91 7405076487,21,Walk-in,Chicken Wings (5 pc),No,1,130,karur_kalam,No,0,130,Cash,,"Freshly grilled and juicy, highly recommend"
2026-02-23,20:40,Elango R,+91 9851604817,38,Phone Call,Chicken Wings (5 pc),No,2,260,karur_kalam,No,0,260,Cash,4,"Chicken leg romba soft ah vekachu irundhuchu, super"
2026-02-23,19:49,Manoj,+91 8909566844,47,Walk-in,Chicken Lollipop (4 pc),No,1,130,karur_kalam,No,0,130,GPay,3,"Average, expected more spice"
2026-02-23,22:35,John Babu,+91 9015430391,20,Walk-in,Chicken Wings (5 pc),No,1,130,karur_kalam,Yes,13,117,GPay,,"Excellent flavour, family panindhalum enjoy pannanga"
2026-02-23,22:07,Ramesh Prasad,+91 6740392519,54,Walk-in,Chicken Lollipop (4 pc),No,1,130,karur_kalam,No,0,130,PhonePe,5,"Nalla crispy ah irundhuchu, quantity um super"
2026-02-23,18:23,Iniya K,+91 9291486528,20,Walk-in,Chicken Lollipop (4 pc),No,1,130,karur_kalam,No,0,130,GPay,,
2026-02-23,21:12,Mary Devi,+91 8053773515,,Phone Call,Chicken Lollipop (4 pc),No,1,130,karur_kalam,No,0,130,PhonePe,5,"Vera level taste, oru sight ah irundhuchu"
2026-02-23,21:39,Sathish Raj,+91 8470488789,52,Walk-in,Chicken Wings (5 pc),No,1,130,karur_kalam,No,0,130,Cash,2,
2026-02-23,19:31,Ramesh M,+91 8377492663,25,Walk-in,Chicken Leg (2 pc),No,1,130,karur_kalam,No,0,130,Cash,,"Great value for money, fresh and hot"
2026-02-23,17:51,Vidya Raj,+91 7474517123,58,Phone Call,Chicken Leg (2 pc),No,1,130,karur_kalam,No,0,130,GPay,,
2026-02-23,21:59,Prakash Prasad,+91 8687833918,43,Walk-in,Chicken Wings (5 pc),No,1,130,karur_kalam,No,0,130,Cash,,
2026-02-23,20:51,Divya Kumar,+91 9057662702,47,Walk-in,Chicken Lollipop (4 pc),No,1,130,karur_kalam,No,0,130,Cash,,"Wings semma crispy ah irundhuchu, thanks anna"
2026-02-23,20:39,Anand S,+91 7477109324,50,Phone Call,Chicken Lollipop (4 pc),No,1,130,karur_kalam,No,0,130,Cash,5,"Semma taste bro, chicken romba soft ah irundhuchu"
2026-02-23,17:17,Pradeep Babu,+91 7462475107,54,Phone Call,Chicken Wings (5 pc),No,1,130,karur_kalam,No,0,130,PhonePe,5,"Best chicken lollipop I've had, will come again"
2026-02-23,21:23,Meena Prasad,+91 7341016668,,Walk-in,Chicken Wings (5 pc),No,1,130,karur_kalam,No,0,130,PhonePe,3,"Average, expected more spice"
2026-02-23,17:19,Saravanan K,+91 8826868764,15,Walk-in,Chicken Leg (2 pc),No,1,130,karur_kalam,Yes,13,117,GPay,4,
2026-02-23,19:19,Muthu Devi,+91 7987787358,35,Walk-in,Chicken Lollipop (4 pc),No,1,130,karur_kalam,No,0,130,Paytm,5,
2026-02-23,18:07,Dinesh Raj,+91 7192622132,16,Walk-in,Chicken Wings (5 pc),No,1,130,karur_kalam,No,0,130,Cash,3,"Not bad, but waiting time konjam adhigama irundhuchu"
2026-02-23,18:47,Farhan K,+91 6179726999,54,Walk-in,Chicken Leg (2 pc),No,2,260,karur_kalam,No,0,260,GPay,5,"Super spicy and juicy, best bbq in area"
2026-02-23,19:11,Deepa Devi,+91 6200053285,27,Walk-in,Chicken Wings (5 pc),No,1,130,karur_kalam,No,0,130,GPay,3,"Okay okay taste, but konjam salt adhigama irundhuchu"
2026-02-23,19:15,Fathima K,+91 6582692990,18,Walk-in,Chicken Lollipop (4 pc),No,2,260,karur_kalam,No,0,260,GPay,4,
2026-02-23,21:00,,+91 9337618518,40,Walk-in,Chicken Wings (5 pc),No,1,130,karur_kalam,No,0,130,Cash,4,"Best chicken lollipop I've had, will come again"
2026-02-23,21:46,Sathish,+91 6037917693,60,Walk-in,Chicken Wings (5 pc),No,1,130,karur_kalam,No,0,130,GPay,4,"Ultimate taste anna, naa daily varen"
2026-02-23,21:44,Nithya Devi,+91 6251778528,55,Walk-in,Chicken Lollipop (4 pc),No,2,260,karur_kalam,No,0,260,Paytm,3,"Decent taste, price sari than"
2026-02-23,18:40,Gopal Babu,+91 7293183933,36,Phone Call,Chicken Lollipop (4 pc),No,2,260,karur_kalam,Yes,26,234,PhonePe,2,
2026-02-23,19:31,Kumar,+91 7797617815,52,Walk-in,Chicken Wings (5 pc),No,2,260,karur_kalam,No,0,260,GPay,5,"Freshly grilled and juicy, highly recommend"
2026-02-23,22:10,Prakash K,+91 9656862959,21,Walk-in,Chicken Wings (5 pc),No,2,260,karur_kalam,Yes,26,234,GPay,4,
2026-02-23,20:38,Naveen K,+91 8991022901,32,Phone Call,Chicken Leg (2 pc),No,1,130,karur_kalam,No,0,130,Paytm,2,
2026-02-23,20:31,Priya Kumar,+91 8283644089,,Walk-in,Chicken Lollipop (4 pc),No,1,130,karur_kalam,No,0,130,GPay,4,"Vera level taste, oru sight ah irundhuchu"
2026-02-23,20:25,Ramesh Raj,+91 9584044997,24,Walk-in,Chicken Wings (5 pc),No,1,130,karur_kalam,No,0,130,GPay,4,"Excellent flavour, family panindhalum enjoy pannanga"
2026-02-23,21:33,,+91 8841438424,54,Phone Call,Chicken Lollipop (4 pc),No,2,260,karur_kalam,No,0,260,GPay,5,"Super spicy and juicy, best bbq in area"
2026-02-23,22:07,Abdul Kareem S,+91 6649804450,53,Walk-in,Chicken Leg (2 pc),No,1,130,karur_kalam,No,0,130,,,Very tasty and quick service too
2026-02-23,20:12,Muthu Devi,+91 9489008248,31,Walk-in,Chicken Wings (5 pc),No,1,130,karur_kalam,No,0,130,PhonePe,3,"Average, expected more spice"
2026-02-23,21:06,Arun,+91 7339845461,38,Phone Call,Chicken Wings (5 pc),No,1,130,karur_kalam,No,0,130,GPay,4,"Ultimate taste anna, naa daily varen"
2026-02-23,22:22,Karthik,+91 9500030566,,Walk-in,Chicken Leg (2 pc),No,1,130,karur_kalam,No,0,130,Cash,,"Ultimate taste anna, naa daily varen"
2026-02-23,19:28,Deepa M,+91 7845115447,53,Phone Call,Chicken Leg (2 pc),No,1,130,karur_kalam,No,0,130,Paytm,4,"Excellent flavour, family panindhalum enjoy pannanga"
2026-02-23,20:02,Naveen,+91 9841459332,45,Phone Call,Chicken Wings (5 pc),No,1,130,karur_kalam,No,0,130,GPay,5,
2026-02-23,18:38,Anand,+91 6993308330,21,Walk-in,Chicken Lollipop (4 pc),No,1,130,karur_kalam,Yes,13,117,Paytm,4,
2026-02-23,22:24,Kavya,+91 8936899809,57,Phone Call,Chicken Leg (2 pc),No,1,130,karur_kalam,No,0,130,Cash,,"Chicken leg romba soft ah vekachu irundhuchu, super"
2026-02-23,21:07,Naveen K,+91 8991022901,32,Phone Call,Chicken Lollipop (4 pc),No,2,260,karur_kalam,No,0,260,Cash,,"Decent taste, price sari than"
2026-02-23,19:34,Ayesha Babu,+91 9947055169,34,Phone Call,Chicken Leg (2 pc),No,1,130,karur_kalam,No,0,130,GPay,5,
2026-02-23,19:31,Naveen K,+91 8991022901,32,Phone Call,Chicken Leg (2 pc),No,1,130,karur_kalam,No,0,130,GPay,3,Quantity konjam kammiya irundhuchu but taste okay
2026-02-23,19:42,Selvam S,+91 7172788957,54,Walk-in,Chicken Lollipop (4 pc),No,1,130,karur_kalam,No,0,130,PhonePe,5,"Ultimate taste anna, naa daily varen"
2026-02-23,20:19,Sowmya Kumar,+91 7772648839,37,Walk-in,Chicken Lollipop (4 pc),No,1,130,karur_kalam,No,0,130,Cash,5,"Great value for money, fresh and hot"
2026-02-23,17:28,Arun Devi,+91 6857591710,36,Walk-in,Chicken Lollipop (4 pc),No,1,130,karur_kalam,No,0,130,Cash,4,
2026-02-23,21:54,Harish K,+91 8965137098,35,Walk-in,Chicken Leg (2 pc),No,1,130,karur_kalam,No,0,130,PhonePe,4,"Nalla crispy ah irundhuchu, quantity um super"
2026-02-23,20:26,Kalaivani,+91 8949734493,,Walk-in,Chicken Leg (2 pc),No,1,130,karur_kalam,No,0,130,Cash,4,"Excellent flavour, family panindhalum enjoy pannanga"
2026-02-23,22:51,Nithya Devi,+91 6251778528,55,Phone Call,Chicken Lollipop (4 pc),No,1,130,karur_kalam,No,0,130,GPay,4,"Semma taste bro, chicken romba soft ah irundhuchu"
2026-02-23,19:07,Suresh K,+91 6531003309,24,Walk-in,Chicken Leg (2 pc),No,1,130,karur_kalam,Yes,13,117,GPay,5,
2026-02-23,19:47,Dinesh Babu,+91 7780189156,58,Walk-in,Chicken Leg (2 pc),No,1,130,karur_kalam,No,0,130,Cash,4,
2026-02-23,20:56,Vidya Kumar,+91 8738299737,41,Walk-in,Chicken Lollipop (4 pc),No,1,130,karur_kalam,No,0,130,GPay,4,"Chicken leg romba soft ah vekachu irundhuchu, super"
2026-02-23,18:45,Selvam M,+91 6010898573,51,Walk-in,Chicken Leg (2 pc),No,1,130,karur_kalam,Yes,13,117,PhonePe,5,"Chicken leg romba soft ah vekachu irundhuchu, super"
2026-02-23,20:39,Aishwarya Raj,+91 9807154516,47,Phone Call,Chicken Lollipop (4 pc),No,1,130,karur_kalam,No,0,130,GPay,4,"Vera level taste, oru sight ah irundhuchu"
2026-02-23,21:22,Murugan Prasad,+91 9527758416,20,Phone Call,Chicken Leg (2 pc),No,1,130,karur_kalam,No,0,130,GPay,4,Very tasty and quick service too
2026-02-23,19:59,Selvam,+91 7179789124,48,Walk-in,Chicken Leg (2 pc),No,1,130,karur_kalam,No,0,130,Paytm,5,"Amazing bbq stall, must try in this area"
2026-02-23,21:10,Muthu Babu,+91 6455623869,58,Phone Call,Chicken Leg (2 pc),No,2,260,karur_kalam,No,0,260,GPay,,
2026-02-23,19:34,,+91 9909670546,41,Phone Call,Chicken Leg (2 pc),No,2,260,karur_kalam,No,0,260,GPay,5,"Best chicken lollipop I've had, will come again"
2026-02-23,20:14,Vijay Raj,+91 8900992177,51,Walk-in,Chicken Leg (2 pc),No,2,260,karur_kalam,Yes,26,234,Paytm,,
2026-02-24,19:08,Anand Prasad,+91 8255341928,30,Walk-in,Chicken Lollipop (4 pc),No,1,130,karur_kalam,No,0,130,PhonePe,4,"Kalakalappa irundhuchu, next time friends oda varen"
2026-02-24,20:44,Saravanan M,+91 7910382974,23,Walk-in,Chicken Leg (2 pc),No,1,130,karur_kalam,No,0,130,GPay,4,"Super spicy and juicy, best bbq in area"
2026-02-24,18:48,Vidya K,+91 6045024373,40,Walk-in,Chicken Leg (2 pc),No,1,130,karur_kalam,Yes,13,117,GPay,,"Kalakalappa irundhuchu, next time friends oda varen"
2026-02-24,18:39,Anand,+91 6993308330,,Phone Call,Chicken Lollipop (4 pc),No,2,260,karur_kalam,No,0,260,GPay,5,
2026-02-24,20:05,Divya Kumar,+91 7752431069,,Phone Call,Chicken Wings (5 pc),No,1,130,karur_kalam,No,0,130,GPay,4,
2026-02-24,18:31,,+91 9925511643,40,Walk-in,Chicken Leg (2 pc),No,2,260,karur_kalam,No,0,260,GPay,4,"Freshly grilled and juicy, highly recommend"
2026-02-24,18:11,,+91 8782911467,48,Phone Call,Chicken Lollipop (4 pc),No,1,130,karur_kalam,No,0,130,GPay,5,"Wings semma crispy ah irundhuchu, thanks anna"
2026-02-24,22:29,Sathish,+91 6656670106,,Walk-in,Chicken Wings (5 pc),No,1,130,karur_kalam,No,0,130,Cash,5,
2026-02-24,19:59,Joseph Raj,+91 9405103880,23,Walk-in,Chicken Lollipop (4 pc),No,1,130,karur_kalam,No,0,130,Cash,,"Not bad, but waiting time konjam adhigama irundhuchu"
2026-02-24,18:01,Gopal Raj,+91 8717464887,,Walk-in,Chicken Wings (5 pc),No,1,130,karur_kalam,No,0,130,Cash,4,"Ultimate taste anna, naa daily varen"
2026-02-24,20:44,Iniya K,+91 9291486528,20,Phone Call,Chicken Leg (2 pc),No,1,130,karur_kalam,No,0,130,PhonePe,5,"Chicken leg romba soft ah vekachu irundhuchu, super"
2026-02-24,21:22,Kumar M,+91 7622444721,25,Phone Call,Chicken Wings (5 pc),No,1,130,karur_kalam,No,0,130,PhonePe,4,
2026-02-24,19:46,Abdul Kareem K,+91 9271743068,50,Walk-in,Chicken Wings (5 pc),No,1,130,karur_kalam,No,0,130,PhonePe,5,Very tasty and quick service too
2026-02-24,19:47,Senthil,+91 7141888059,23,Phone Call,Chicken Wings (5 pc),No,1,130,karur_kalam,No,0,130,GPay,5,"Excellent flavour, family panindhalum enjoy pannanga"
2026-02-24,17:00,Joseph Prasad,+91 6756551256,,Walk-in,Chicken Lollipop (4 pc),No,1,130,karur_kalam,No,0,130,Cash,,"Chicken leg romba soft ah vekachu irundhuchu, super"
2026-02-24,18:16,Rajesh Raj,+91 9886239240,56,Walk-in,Chicken Wings (5 pc),No,2,260,karur_kalam,No,0,260,Cash,5,"Semma taste bro, chicken romba soft ah irundhuchu"
2026-02-24,20:28,Gopal R,+91 7655110475,32,Walk-in,Chicken Wings (5 pc),No,2,260,karur_kalam,No,0,260,Cash,5,
2026-02-24,19:40,Ramesh,+91 6794193245,30,Walk-in,Chicken Lollipop (4 pc),No,1,130,karur_kalam,No,0,130,PhonePe,5,
2026-02-24,22:55,Prakash Raj,+91 7292127799,43,Phone Call,Chicken Wings (5 pc),No,1,130,karur_kalam,Yes,13,117,PhonePe,5,
2026-02-24,19:56,Meena,+91 7606474687,24,Walk-in,Chicken Leg (2 pc),No,1,130,karur_kalam,No,0,130,Cash,5,Very tasty and quick service too
2026-02-24,17:24,Rajesh Raj,+91 7410369711,46,Walk-in,Chicken Wings (5 pc),No,1,130,karur_kalam,No,0,130,GPay,2,"Too salty, not up to the mark today"
2026-02-24,17:38,Sowmya Devi,+91 9177115921,23,Phone Call,Chicken Wings (5 pc),No,1,130,karur_kalam,No,0,130,Cash,5,
2026-02-24,19:51,Elango,+91 6953689005,44,Walk-in,Chicken Lollipop (4 pc),No,1,130,karur_kalam,No,0,130,Cash,4,
2026-02-24,18:06,Vijay,+91 8396907844,45,Walk-in,Chicken Wings (5 pc),No,1,130,karur_kalam,No,0,130,GPay,3,
2026-02-24,17:53,Sowmya,+91 9722104546,,Walk-in,Chicken Lollipop (4 pc),No,1,130,karur_kalam,No,0,130,Card,3,
2026-02-24,21:57,Elango Prasad,+91 6822782489,42,Phone Call,Chicken Lollipop (4 pc),No,1,130,karur_kalam,No,0,130,GPay,3,"Average, expected more spice"
2026-02-24,17:46,Revathi Babu,+91 6783908470,18,Phone Call,Chicken Wings (5 pc),No,1,130,karur_kalam,Yes,13,117,GPay,4,
2026-02-24,18:11,Selvam R,+91 6217659180,29,Walk-in,Chicken Wings (5 pc),No,1,130,karur_kalam,No,0,130,GPay,,
2026-02-24,20:43,Suresh R,+91 7654145868,36,Phone Call,Chicken Leg (2 pc),No,1,130,karur_kalam,No,0,130,GPay,,"Decent taste, price sari than"
2026-02-24,19:48,Anitha M,+91 8160211915,49,Walk-in,Chicken Lollipop (4 pc),No,2,260,karur_kalam,No,0,260,GPay,5,"Nalla crispy ah irundhuchu, quantity um super"
2026-02-24,18:52,Nithya Raj,+91 9868623760,15,Walk-in,Chicken Leg (2 pc),No,1,130,karur_kalam,No,0,130,GPay,,"Loved the combo, perfect spice level"
2026-02-24,17:25,Ravi K,+91 9965328710,,Walk-in,Chicken Wings (5 pc),No,2,260,karur_kalam,No,0,260,GPay,4,
2026-02-24,19:11,Joseph,+91 7534848647,17,Phone Call,Chicken Wings (5 pc),No,1,130,karur_kalam,No,0,130,GPay,,"Taste romba pramadham illa, sagalama irundhuchu"
2026-02-24,22:29,Sathish K,+91 9205503300,,Walk-in,Chicken Wings (5 pc),No,1,130,karur_kalam,Yes,13,117,PhonePe,4,"Best chicken lollipop I've had, will come again"
2026-02-24,17:37,Joseph R,+91 9870568566,24,Walk-in,Chicken Lollipop (4 pc),No,1,130,karur_kalam,No,0,130,Cash,5,
2026-02-24,22:54,Prakash Kumar,+91 7737989790,39,Walk-in,Chicken Lollipop (4 pc),No,1,130,karur_kalam,Yes,13,117,Card,5,
2026-02-24,20:43,Manoj Raj,+91 6824008427,21,Phone Call,Chicken Leg (2 pc),No,1,130,karur_kalam,Yes,13,117,Paytm,2,"Quantity kammiya kudutanga, not worth the price"
2026-02-24,18:16,,+91 6181519854,36,Walk-in,Chicken Lollipop (4 pc),No,2,260,karur_kalam,No,0,260,Card,5,Very tasty and quick service too
2026-02-24,17:03,Anand Devi,+91 9075699944,52,Walk-in,Chicken Leg (2 pc),No,1,130,karur_kalam,No,0,130,Cash,4,
2026-02-24,18:14,John S,+91 6693406088,58,Phone Call,Chicken Leg (2 pc),No,1,130,karur_kalam,No,0,130,Cash,,
2026-02-24,19:59,Karthik,+91 9208581745,23,Walk-in,Chicken Leg (2 pc),No,1,130,karur_kalam,No,0,130,Cash,5,"Great value for money, fresh and hot"
2026-02-24,21:06,Anand S,+91 7477109324,50,Phone Call,Chicken Lollipop (4 pc),No,2,260,karur_kalam,Yes,26,234,Cash,4,
2026-02-24,22:07,Kumar S,+91 8467854458,46,Walk-in,Chicken Leg (2 pc),No,2,260,karur_kalam,No,0,260,GPay,4,"Ultimate taste anna, naa daily varen"
2026-02-24,19:01,Vignesh Raj,+91 6244550229,,Phone Call,Chicken Lollipop (4 pc),No,1,130,karur_kalam,No,0,130,GPay,2,"Too salty, not up to the mark today"
2026-02-24,22:45,Kumar Prasad,+91 6473210469,41,Walk-in,Chicken Lollipop (4 pc),No,2,260,karur_kalam,No,0,260,Paytm,,"Nalla crispy ah irundhuchu, quantity um super"
2026-02-24,21:19,Divya Kumar,+91 7752431069,,Phone Call,Chicken Lollipop (4 pc),No,1,130,karur_kalam,No,0,130,Paytm,5,Very tasty and quick service too
2026-02-24,19:52,Prakash Kumar,+91 9231665876,18,Phone Call,Chicken Lollipop (4 pc),No,2,260,karur_kalam,No,0,260,PhonePe,5,
2026-02-24,21:16,Iniya R,+91 9850542357,27,Phone Call,Chicken Lollipop (4 pc),No,1,130,karur_kalam,No,0,130,GPay,5,
2026-02-24,19:11,Elango S,+91 9872774348,46,Phone Call,Chicken Leg (2 pc),No,1,130,karur_kalam,No,0,130,Cash,,"Super spicy and juicy, best bbq in area"
2026-02-24,19:09,Gopal R,+91 7655110475,,Walk-in,Chicken Leg (2 pc),No,2,260,karur_kalam,No,0,260,GPay,5,"Amazing bbq stall, must try in this area"
2026-02-24,19:29,Saravanan R,+91 7673657661,35,Phone Call,Chicken Leg (2 pc),No,1,130,karur_kalam,No,0,130,PhonePe,4,"Chicken leg romba soft ah vekachu irundhuchu, super"
2026-02-25,20:30,,+91 9851604817,38,Walk-in,Chicken Wings (5 pc),No,1,130,karur_kalam,Yes,13,117,GPay,4,"Amazing bbq stall, must try in this area"
2026-02-25,21:35,Gopal Raj,+91 8717464887,43,Phone Call,Chicken Lollipop (4 pc),No,1,130,karur_kalam,No,0,130,PhonePe,4,"Vera level taste, oru sight ah irundhuchu"
2026-02-25,18:50,John R,+91 9480162456,38,Phone Call,Chicken Wings (5 pc),No,1,130,karur_kalam,No,0,130,Cash,4,"Kalakalappa irundhuchu, next time friends oda varen"
2026-02-25,19:37,Anand Raj,+91 6119738818,24,Walk-in,Chicken Wings (5 pc),No,2,260,karur_kalam,No,0,260,Cash,,"Cold ah kudutanga, expected hot and fresh"
2026-02-25,21:01,Vijay M,+91 6659401399,16,Phone Call,Chicken Lollipop (4 pc),No,1,130,karur_kalam,No,0,130,GPay,4,"Semma taste bro, chicken romba soft ah irundhuchu"
2026-02-25,21:15,Manoj,+91 7543412301,60,Phone Call,Chicken Lollipop (4 pc),No,1,130,karur_kalam,No,0,130,GPay,,"Kalakalappa irundhuchu, next time friends oda varen"
2026-02-25,17:00,Vidya Devi,+91 6032031978,52,Walk-in,Chicken Lollipop (4 pc),No,1,130,karur_kalam,No,0,130,PhonePe,,
2026-02-25,19:41,Deepa S,+91 6112805982,42,Phone Call,Chicken Lollipop (4 pc),No,2,260,karur_kalam,No,0,260,GPay,5,"Loved the combo, perfect spice level"
2026-02-25,22:21,Joseph Devi,+91 7590841947,48,Walk-in,Chicken Leg (2 pc),No,1,130,karur_kalam,No,0,130,Cash,4,"Semma taste bro, chicken romba soft ah irundhuchu"
2026-02-25,20:07,Suresh Prasad,+91 7887807279,18,Walk-in,Chicken Lollipop (4 pc),No,1,130,karur_kalam,No,0,130,Cash,4,
2026-02-25,20:49,Kumar,+91 9193745299,,Phone Call,Chicken Leg (2 pc),No,2,260,karur_kalam,No,0,260,GPay,5,"Ultimate taste anna, naa daily varen"
2026-02-25,20:18,Muthu Prasad,+91 9810248085,37,Walk-in,Chicken Wings (5 pc),No,1,130,karur_kalam,No,0,130,GPay,5,"Semma taste bro, chicken romba soft ah irundhuchu"
2026-02-25,19:42,Abdul Kareem K,+91 7734670656,,Phone Call,Chicken Wings (5 pc),No,1,130,karur_kalam,No,0,130,PhonePe,5,"Wings semma crispy ah irundhuchu, thanks anna"
2026-02-25,19:44,Swathi R,+91 9230913075,41,Phone Call,Chicken Leg (2 pc),No,1,130,karur_kalam,No,0,130,GPay,4,
2026-02-25,22:41,Kavya K,+91 7150164261,15,Walk-in,Chicken Wings (5 pc),No,1,130,karur_kalam,No,0,130,Card,2,"Too salty, not up to the mark today"
2026-02-25,20:18,Arun,+91 6267888610,20,Phone Call,Chicken Leg (2 pc),No,2,260,karur_kalam,No,0,260,PhonePe,5,
2026-02-25,21:20,Ayesha Raj,+91 6265423511,,Phone Call,Chicken Leg (2 pc),No,1,130,karur_kalam,No,0,130,PhonePe,3,"Decent taste, price sari than"
2026-02-25,19:18,,+91 7387262473,19,Phone Call,Chicken Wings (5 pc),No,1,130,karur_kalam,No,0,130,GPay,5,
2026-02-25,20:27,Mary Babu,+91 7481105014,,Walk-in,Chicken Lollipop (4 pc),No,1,130,karur_kalam,No,0,130,PhonePe,5,"Nalla crispy ah irundhuchu, quantity um super"
2026-02-25,22:58,Gopal Raj,+91 8961586578,,Walk-in,Chicken Lollipop (4 pc),No,1,130,karur_kalam,No,0,130,PhonePe,5,"Super spicy and juicy, best bbq in area"
2026-02-25,18:54,Pradeep K,+91 7583132370,38,Walk-in,Chicken Leg (2 pc),No,1,130,karur_kalam,No,0,130,Cash,4,"Excellent flavour, family panindhalum enjoy pannanga"
2026-02-25,18:52,Kalaivani,+91 7602446546,44,Walk-in,Chicken Wings (5 pc),No,1,130,karur_kalam,No,0,130,Cash,2,"Konjam over cooked ah irundhuchu, disappointed"
2026-02-25,21:13,Karthik Devi,+91 9974034471,58,Phone Call,Chicken Leg (2 pc),No,1,130,karur_kalam,No,0,130,GPay,,"Freshly grilled and juicy, highly recommend"
2026-02-25,20:09,Swathi,+91 7741485726,18,Walk-in,Chicken Lollipop (4 pc),No,1,130,karur_kalam,No,0,130,Cash,,
2026-02-25,22:30,Muthu Prasad,+91 9642076327,19,Walk-in,Chicken Lollipop (4 pc),No,1,130,karur_kalam,No,0,130,GPay,,
2026-02-25,20:01,Sowmya Prasad,+91 6104328986,,Phone Call,Chicken Lollipop (4 pc),No,1,130,karur_kalam,No,0,130,GPay,4,
2026-02-25,21:43,,+91 7465787133,19,Walk-in,Chicken Leg (2 pc),No,1,130,karur_kalam,No,0,130,Cash,,
2026-02-25,18:00,Manoj,+91 9567661825,22,Phone Call,Chicken Wings (5 pc),No,1,130,karur_kalam,Yes,13,117,GPay,5,"Ultimate taste anna, naa daily varen"
2026-02-25,20:09,Nithya Prasad,+91 6789775542,42,Walk-in,Chicken Lollipop (4 pc),No,1,130,karur_kalam,No,0,130,PhonePe,4,"Chicken leg romba soft ah vekachu irundhuchu, super"
2026-02-25,22:09,Rajesh M,+91 9504773586,42,Walk-in,Chicken Lollipop (4 pc),No,1,130,karur_kalam,Yes,13,117,Cash,5,
2026-02-25,20:27,Rajesh,+91 6818835523,21,Phone Call,Chicken Lollipop (4 pc),No,1,130,karur_kalam,No,0,130,Cash,5,"Loved the combo, perfect spice level"
2026-02-25,18:23,Divya Prasad,+91 6654051531,52,Phone Call,Chicken Wings (5 pc),No,1,130,karur_kalam,No,0,130,GPay,4,"Chicken leg romba soft ah vekachu irundhuchu, super"
2026-02-25,17:04,Karthik Kumar,+91 7202698014,26,Walk-in,Chicken Wings (5 pc),No,1,130,karur_kalam,No,0,130,GPay,4,
2026-02-25,20:54,Dinesh,+91 9370500493,28,Walk-in,Chicken Leg (2 pc),No,2,260,karur_kalam,No,0,260,Cash,5,"Nalla crispy ah irundhuchu, quantity um super"
2026-02-25,20:47,Saravanan Raj,+91 9840369003,34,Walk-in,Chicken Lollipop (4 pc),No,1,130,karur_kalam,No,0,130,Cash,4,
2026-02-25,18:38,Rajesh Kumar,+91 8339421047,17,Walk-in,Chicken Leg (2 pc),No,1,130,karur_kalam,No,0,130,GPay,4,"Excellent flavour, family panindhalum enjoy pannanga"
2026-02-25,21:14,,+91 7028439599,58,Walk-in,Chicken Wings (5 pc),No,1,130,karur_kalam,No,0,130,GPay,4,"Super spicy and juicy, best bbq in area"
2026-02-25,20:23,Deepa,+91 7667652728,56,Walk-in,Chicken Lollipop (4 pc),No,1,130,karur_kalam,No,0,130,GPay,5,"Ultimate taste anna, naa daily varen"
2026-02-25,21:54,Divya Prasad,+91 6654051531,52,Phone Call,Chicken Lollipop (4 pc),No,1,130,karur_kalam,No,0,130,Card,,
2026-02-25,18:49,Revathi Raj,+91 8499045301,,Phone Call,Chicken Wings (5 pc),No,1,130,karur_kalam,No,0,130,GPay,4,"Chicken leg romba soft ah vekachu irundhuchu, super"
2026-02-25,19:02,Kumar M,+91 6448909322,37,Walk-in,Chicken Lollipop (4 pc),No,1,130,karur_kalam,No,0,130,Cash,4,"Nalla crispy ah irundhuchu, quantity um super"
2026-02-25,18:49,,+91 6935450369,,Walk-in,Chicken Lollipop (4 pc),No,2,260,karur_kalam,No,0,260,Cash,5,"Vera level taste, oru sight ah irundhuchu"
2026-02-26,21:34,Vignesh Devi,+91 9632016328,44,Phone Call,Chicken Wings (5 pc),No,1,130,karur_kalam,No,0,130,GPay,3,Quantity konjam kammiya irundhuchu but taste okay
2026-02-26,20:12,Gopal Raj,+91 8129075965,54,Walk-in,Chicken Wings (5 pc),No,1,130,karur_kalam,No,0,130,Cash,3,"Okay okay taste, but konjam salt adhigama irundhuchu"
2026-02-26,19:05,Sivakumar R,+91 8902787429,42,Walk-in,Chicken Lollipop (4 pc),No,1,130,karur_kalam,No,0,130,PhonePe,,"Wings semma crispy ah irundhuchu, thanks anna"
2026-02-26,17:23,Ravi S,+91 9423536937,50,Phone Call,Chicken Wings (5 pc),No,2,260,karur_kalam,Yes,26,234,PhonePe,,"Decent taste, price sari than"
2026-02-26,18:06,Vijay M,+91 6659401399,16,Phone Call,Chicken Lollipop (4 pc),No,1,130,karur_kalam,No,0,130,Paytm,,Quantity konjam kammiya irundhuchu but taste okay
2026-02-26,21:34,Dinesh,+91 8451076226,49,Phone Call,Chicken Wings (5 pc),No,2,260,karur_kalam,No,0,260,Cash,,"Semma taste bro, chicken romba soft ah irundhuchu"
2026-02-26,19:20,Kalaivani,+91 6699016272,,Phone Call,Chicken Leg (2 pc),No,2,260,karur_kalam,No,0,260,PhonePe,,"Not bad, but waiting time konjam adhigama irundhuchu"
2026-02-26,18:05,Arun M,+91 6430877972,,Walk-in,Chicken Lollipop (4 pc),No,1,130,karur_kalam,No,0,130,Cash,5,"Great value for money, fresh and hot"
2026-02-26,21:00,Iniya R,+91 8477725228,46,Phone Call,Chicken Wings (5 pc),No,1,130,karur_kalam,No,0,130,,5,"Excellent flavour, family panindhalum enjoy pannanga"
2026-02-26,20:35,Suresh,+91 9873395004,46,Phone Call,Chicken Leg (2 pc),No,1,130,karur_kalam,No,0,130,PhonePe,4,"Best chicken lollipop I've had, will come again"
2026-02-26,21:44,Selvam,+91 8784640858,37,Walk-in,Chicken Leg (2 pc),No,1,130,karur_kalam,No,0,130,Cash,4,
2026-02-26,21:00,,+91 8672925435,38,Walk-in,Chicken Leg (2 pc),No,1,130,karur_kalam,Yes,13,117,Cash,,
2026-02-26,19:18,Joseph Devi,+91 7472863942,56,Walk-in,Chicken Wings (5 pc),No,1,130,karur_kalam,Yes,13,117,Cash,5,"Nalla crispy ah irundhuchu, quantity um super"
2026-02-26,17:53,,+91 9627026604,36,Walk-in,Chicken Wings (5 pc),No,1,130,karur_kalam,No,0,130,Cash,2,
2026-02-26,18:39,Revathi S,+91 6080132677,28,Walk-in,Chicken Lollipop (4 pc),No,1,130,karur_kalam,Yes,13,117,Cash,5,
2026-02-26,19:53,Vijay,+91 7600608277,57,Walk-in,Chicken Wings (5 pc),No,1,130,karur_kalam,Yes,13,117,GPay,4,"Wings semma crispy ah irundhuchu, thanks anna"
2026-02-26,18:07,Meena Raj,+91 7850095372,27,Walk-in,Chicken Lollipop (4 pc),No,2,260,karur_kalam,No,0,260,Cash,3,Quantity konjam kammiya irundhuchu but taste okay
2026-02-26,19:12,Muthu Devi,+91 6983584168,43,Phone Call,Chicken Wings (5 pc),No,1,130,karur_kalam,No,0,130,Paytm,4,
2026-02-26,20:24,Meena Prasad,+91 7341016668,,Phone Call,Chicken Wings (5 pc),No,1,130,karur_kalam,No,0,130,GPay,5,
2026-02-26,18:02,Divya Kumar,+91 7752431069,16,Phone Call,Chicken Leg (2 pc),No,1,130,karur_kalam,Yes,13,117,PhonePe,5,"Best chicken lollipop I've had, will come again"
2026-02-26,21:39,Kumar M,+91 7622444721,25,Walk-in,Chicken Leg (2 pc),No,1,130,karur_kalam,No,0,130,Cash,4,
2026-02-26,19:16,Muthu,+91 8837444172,,Walk-in,Chicken Wings (5 pc),No,1,130,karur_kalam,No,0,130,GPay,4,"Great value for money, fresh and hot"
2026-02-26,22:00,Rajesh S,+91 8362689047,26,Walk-in,Chicken Lollipop (4 pc),No,1,130,karur_kalam,No,0,130,,4,
2026-02-26,20:03,Joseph Babu,+91 9421643599,16,Walk-in,Chicken Leg (2 pc),No,1,130,karur_kalam,No,0,130,Cash,2,"Too salty, not up to the mark today"
2026-02-26,19:29,Vidya Devi,+91 9908740640,28,Phone Call,Chicken Leg (2 pc),No,1,130,karur_kalam,Yes,13,117,GPay,4,"Excellent flavour, family panindhalum enjoy pannanga"
2026-02-26,22:54,Divya Kumar,+91 7752431069,16,Walk-in,Chicken Lollipop (4 pc),No,1,130,karur_kalam,No,0,130,Cash,5,"Chicken leg romba soft ah vekachu irundhuchu, super"
2026-02-26,20:56,Vignesh Kumar,+91 8957885685,,Phone Call,Chicken Lollipop (4 pc),No,1,130,karur_kalam,No,0,130,Cash,,
2026-02-26,17:15,Murugan M,+91 6027729108,34,Walk-in,Chicken Wings (5 pc),No,1,130,karur_kalam,No,0,130,GPay,5,"Freshly grilled and juicy, highly recommend"
2026-02-26,20:15,Kalaivani R,+91 8740748217,37,Phone Call,Chicken Leg (2 pc),No,1,130,karur_kalam,No,0,130,Paytm,,"Best chicken lollipop I've had, will come again"
2026-02-26,18:59,Swathi R,+91 9230913075,41,Phone Call,Chicken Wings (5 pc),No,1,130,karur_kalam,No,0,130,Paytm,5,
2026-02-26,21:28,Kumar M,+91 7622444721,,Phone Call,Chicken Wings (5 pc),No,1,130,karur_kalam,No,0,130,PhonePe,4,"Vera level taste, oru sight ah irundhuchu"
2026-02-26,20:13,Muthu Babu,+91 6455623869,58,Walk-in,Chicken Leg (2 pc),No,1,130,karur_kalam,No,0,130,PhonePe,5,"Semma taste bro, chicken romba soft ah irundhuchu"
2026-02-26,21:34,Vidya Prasad,+91 9055049221,59,Walk-in,Chicken Lollipop (4 pc),No,1,130,karur_kalam,No,0,130,PhonePe,4,"Chicken leg romba soft ah vekachu irundhuchu, super"
2026-02-26,22:57,Abdul Kareem K,+91 7734670656,25,Phone Call,Chicken Leg (2 pc),No,1,130,karur_kalam,No,0,130,GPay,,
2026-02-26,17:27,Ayesha,+91 6982718265,28,Walk-in,Chicken Lollipop (4 pc),No,1,130,karur_kalam,No,0,130,Paytm,4,
2026-02-26,18:56,Sathish,+91 6037917693,60,Phone Call,Chicken Leg (2 pc),No,1,130,karur_kalam,Yes,13,117,Paytm,,"Ultimate taste anna, naa daily varen"
2026-02-26,22:28,John R,+91 9480162456,38,Walk-in,Chicken Wings (5 pc),No,2,260,karur_kalam,No,0,260,GPay,2,"Waiting time mikka adhigama irundhuchu, service slow"
2026-02-26,20:17,Ayesha Raj,+91 9474367136,51,Walk-in,Chicken Lollipop (4 pc),No,1,130,karur_kalam,No,0,130,Card,4,"Semma taste bro, chicken romba soft ah irundhuchu"
2026-02-26,19:34,Elango Prasad,+91 6822782489,42,Phone Call,Chicken Lollipop (4 pc),No,1,130,karur_kalam,No,0,130,PhonePe,5,"Kalakalappa irundhuchu, next time friends oda varen"
2026-02-26,22:41,Karthik Devi,+91 9431589016,56,Walk-in,Chicken Lollipop (4 pc),No,1,130,karur_kalam,No,0,130,GPay,5,
2026-02-26,19:19,Dinesh,+91 8451076226,49,Phone Call,Chicken Wings (5 pc),No,1,130,karur_kalam,No,0,130,Paytm,,"Okay okay taste, but konjam salt adhigama irundhuchu"
2026-02-26,17:10,Rajesh Raj,+91 9886239240,56,Phone Call,Chicken Lollipop (4 pc),No,2,260,karur_kalam,No,0,260,Paytm,2,
2026-02-26,20:48,Bala S,+91 6988516560,33,Walk-in,Chicken Lollipop (4 pc),No,1,130,karur_kalam,No,0,130,Cash,,Very tasty and quick service too
2026-02-26,20:05,Ayesha Babu,+91 9947055169,34,Walk-in,Chicken Wings (5 pc),No,1,130,karur_kalam,No,0,130,GPay,,"Ultimate taste anna, naa daily varen"
2026-02-26,18:30,Pradeep K,+91 7583132370,,Phone Call,Chicken Lollipop (4 pc),No,1,130,karur_kalam,No,0,130,PhonePe,,"Amazing bbq stall, must try in this area"
2026-02-26,21:11,Sowmya Prasad,+91 6104328986,,Walk-in,Chicken Leg (2 pc),No,1,130,karur_kalam,Yes,13,117,Cash,2,"Quantity kammiya kudutanga, not worth the price"
2026-02-26,18:10,Anand Raj,+91 7596245870,20,Walk-in,Chicken Lollipop (4 pc),No,1,130,karur_kalam,No,0,130,Paytm,5,
2026-02-27,19:28,Harish Kumar,+91 9214895134,,Walk-in,Chicken Lollipop (4 pc),No,1,130,karur_kalam,No,0,130,GPay,,"Best chicken lollipop I've had, will come again"
2026-02-27,18:48,Senthil S,+91 7028439599,58,Walk-in,Chicken Lollipop (4 pc),No,1,130,karur_kalam,No,0,130,Cash,,
2026-02-27,19:23,Priya Raj,+91 6193802620,40,Walk-in,Chicken Leg (2 pc),No,1,130,karur_kalam,No,0,130,GPay,4,
2026-02-27,17:25,,+91 7159773854,60,Phone Call,Chicken Lollipop (4 pc),No,2,260,karur_kalam,No,0,260,GPay,3,
2026-02-27,20:11,Arun Kumar,+91 7675869261,46,Phone Call,Chicken Leg (2 pc),No,1,130,karur_kalam,No,0,130,PhonePe,4,"Loved the combo, perfect spice level"
2026-02-27,19:25,Kavya Kumar,+91 6515220472,60,Phone Call,Chicken Wings (5 pc),No,2,260,karur_kalam,No,0,260,Cash,3,
2026-02-27,22:38,Saravanan R,+91 7673657661,35,Phone Call,Chicken Lollipop (4 pc),No,2,260,karur_kalam,No,0,260,GPay,5,"Wings semma crispy ah irundhuchu, thanks anna"
2026-02-27,18:33,Gopal K,+91 7358768877,43,Walk-in,Chicken Wings (5 pc),No,1,130,karur_kalam,No,0,130,Cash,4,Very tasty and quick service too
2026-02-27,22:44,Ravi M,+91 7153983912,23,Walk-in,Chicken Wings (5 pc),No,1,130,karur_kalam,No,0,130,Cash,2,"Konjam over cooked ah irundhuchu, disappointed"
2026-02-27,21:55,Manoj S,+91 9823004786,,Phone Call,Chicken Leg (2 pc),No,1,130,karur_kalam,No,0,130,PhonePe,5,
2026-02-27,20:08,Saravanan,+91 8190496631,52,Walk-in,Chicken Lollipop (4 pc),No,1,130,karur_kalam,No,0,130,GPay,4,
2026-02-27,19:51,Divya Raj,+91 7240592082,29,Walk-in,Chicken Lollipop (4 pc),No,1,130,karur_kalam,No,0,130,Card,4,"Ultimate taste anna, naa daily varen"
2026-02-27,22:02,Gopal K,+91 6607337543,29,Phone Call,Chicken Lollipop (4 pc),No,1,130,karur_kalam,No,0,130,Paytm,4,"Chicken leg romba soft ah vekachu irundhuchu, super"
2026-02-27,20:26,,+91 7389083863,,Phone Call,Chicken Leg (2 pc),No,1,130,karur_kalam,Yes,13,117,Cash,5,
2026-02-27,19:00,Prakash R,+91 8043474125,29,Walk-in,Chicken Lollipop (4 pc),No,1,130,karur_kalam,No,0,130,Cash,5,"Loved the combo, perfect spice level"
2026-02-27,21:48,Elango S,+91 9872774348,46,Walk-in,Chicken Lollipop (4 pc),No,1,130,karur_kalam,Yes,13,117,Cash,5,"Great value for money, fresh and hot"
2026-02-27,18:30,Gopal,+91 7219693792,29,Phone Call,Chicken Wings (5 pc),No,2,260,karur_kalam,No,0,260,Cash,,"Ultimate taste anna, naa daily varen"
2026-02-27,20:00,Gowtham Babu,+91 9139718707,23,Walk-in,Chicken Wings (5 pc),No,1,130,karur_kalam,No,0,130,GPay,,"Vera level taste, oru sight ah irundhuchu"
2026-02-27,22:00,Rajesh Raj,+91 7410369711,46,Walk-in,Chicken Leg (2 pc),No,1,130,karur_kalam,No,0,130,Cash,3,"Average, expected more spice"
2026-02-27,20:49,Kumar Kumar,+91 6190790306,43,Walk-in,Chicken Leg (2 pc),No,1,130,karur_kalam,No,0,130,Paytm,5,"Freshly grilled and juicy, highly recommend"
2026-02-27,18:16,Ayesha Babu,+91 9947055169,34,Walk-in,Chicken Lollipop (4 pc),No,1,130,karur_kalam,No,0,130,Cash,4,"Great value for money, fresh and hot"
2026-02-27,19:53,Joseph,+91 6433218196,17,Phone Call,Chicken Wings (5 pc),No,1,130,karur_kalam,No,0,130,PhonePe,4,"Super spicy and juicy, best bbq in area"
2026-02-27,19:19,Meena R,+91 8391607700,,Walk-in,Chicken Leg (2 pc),No,1,130,karur_kalam,Yes,13,117,PhonePe,4,"Chicken leg romba soft ah vekachu irundhuchu, super"
2026-02-27,22:40,Kumar M,+91 7218039662,17,Walk-in,Chicken Lollipop (4 pc),No,2,260,karur_kalam,No,0,260,Cash,,
2026-02-27,22:18,Arun Babu,+91 8940781618,33,Phone Call,Chicken Wings (5 pc),No,1,130,karur_kalam,No,0,130,Cash,4,"Ultimate taste anna, naa daily varen"
2026-02-27,18:29,Saravanan,+91 8190496631,52,Walk-in,Chicken Leg (2 pc),No,1,130,karur_kalam,No,0,130,Cash,4,
2026-02-27,21:38,John Devi,+91 7229270653,43,Phone Call,Chicken Leg (2 pc),No,2,260,karur_kalam,No,0,260,Cash,,
2026-02-27,20:46,Elango S,+91 9872774348,46,Phone Call,Chicken Leg (2 pc),No,2,260,karur_kalam,Yes,26,234,PhonePe,,"Super spicy and juicy, best bbq in area"
2026-02-27,19:17,Kumar,+91 9193745299,60,Walk-in,Chicken Leg (2 pc),No,2,260,karur_kalam,No,0,260,Cash,,Very tasty and quick service too
2026-02-27,17:29,Iniya R,+91 8477725228,46,Walk-in,Chicken Leg (2 pc),No,1,130,karur_kalam,No,0,130,GPay,3,"Okay okay taste, but konjam salt adhigama irundhuchu"
2026-02-27,21:18,Nithya Devi,+91 6251778528,55,Phone Call,Chicken Wings (5 pc),No,1,130,karur_kalam,No,0,130,GPay,5,"Loved the combo, perfect spice level"
2026-02-27,19:55,Harish,+91 7171461995,,Walk-in,Chicken Lollipop (4 pc),No,2,260,karur_kalam,No,0,260,Cash,4,Very tasty and quick service too
2026-02-27,19:25,Farhan Devi,+91 6530261840,,Walk-in,Chicken Lollipop (4 pc),No,1,130,karur_kalam,No,0,130,Cash,5,
2026-02-27,18:33,Vignesh Prasad,+91 8443135182,27,Phone Call,Chicken Lollipop (4 pc),No,2,260,karur_kalam,Yes,26,234,GPay,,"Wings semma crispy ah irundhuchu, thanks anna"
2026-02-27,17:07,Rajesh M,+91 9504773586,42,Walk-in,Chicken Wings (5 pc),No,1,130,karur_kalam,Yes,13,117,Cash,4,"Super spicy and juicy, best bbq in area"
2026-02-27,18:29,Ramesh Kumar,+91 8376724238,49,Walk-in,Chicken Wings (5 pc),No,1,130,karur_kalam,Yes,13,117,Cash,3,"Taste romba pramadham illa, sagalama irundhuchu"
2026-02-27,20:34,Kumar M,+91 7622444721,25,Phone Call,Chicken Leg (2 pc),No,1,130,karur_kalam,Yes,13,117,Cash,5,"Nalla crispy ah irundhuchu, quantity um super"
2026-02-27,20:40,Anitha Prasad,+91 8544920548,53,Walk-in,Chicken Lollipop (4 pc),No,1,130,karur_kalam,No,0,130,Cash,4,
2026-02-27,21:25,Rajesh Kumar,+91 8339421047,17,Phone Call,Chicken Wings (5 pc),No,1,130,karur_kalam,No,0,130,PhonePe,4,"Vera level taste, oru sight ah irundhuchu"
2026-02-27,19:00,Dhanush K,+91 6574733848,,Phone Call,Chicken Lollipop (4 pc),No,2,260,karur_kalam,No,0,260,GPay,3,"Taste romba pramadham illa, sagalama irundhuchu"
2026-02-27,20:48,John S,+91 6693406088,,Walk-in,Chicken Lollipop (4 pc),No,1,130,karur_kalam,No,0,130,,4,
2026-02-27,18:00,Iniya R,+91 8477725228,46,Walk-in,Chicken Leg (2 pc),No,1,130,karur_kalam,No,0,130,Cash,4,"Great value for money, fresh and hot"
2026-02-27,19:36,Vijay Devi,+91 9156058790,38,Walk-in,Chicken Lollipop (4 pc),No,1,130,karur_kalam,Yes,13,117,GPay,4,"Super spicy and juicy, best bbq in area"
2026-02-27,20:27,Elango K,+91 8315790571,51,Walk-in,Chicken Lollipop (4 pc),No,1,130,karur_kalam,No,0,130,GPay,,
2026-02-27,19:38,Kavya,+91 8067165726,26,Phone Call,Chicken Leg (2 pc),No,1,130,karur_kalam,No,0,130,Cash,4,"Super spicy and juicy, best bbq in area"
2026-02-27,22:47,Revathi Babu,+91 6783908470,18,Phone Call,Chicken Leg (2 pc),No,1,130,karur_kalam,No,0,130,PhonePe,2,"Cold ah kudutanga, expected hot and fresh"
2026-02-27,20:30,Vijay S,+91 8301922095,,Walk-in,Chicken Leg (2 pc),No,1,130,karur_kalam,No,0,130,GPay,3,Quantity konjam kammiya irundhuchu but taste okay
2026-02-27,22:39,Meena Raj,+91 8028253267,39,Walk-in,Chicken Wings (5 pc),No,1,130,karur_kalam,No,0,130,GPay,4,
2026-02-27,17:44,Kalaivani R,+91 8740748217,37,Phone Call,Chicken Wings (5 pc),No,1,130,karur_kalam,No,0,130,Cash,2,
2026-02-27,20:04,Senthil S,+91 7028439599,58,Walk-in,Chicken Wings (5 pc),No,1,130,karur_kalam,No,0,130,Card,,
2026-02-27,20:08,Yazhini Prasad,+91 9527858549,45,Walk-in,Chicken Wings (5 pc),No,2,260,karur_kalam,No,0,260,PhonePe,5,"Chicken leg romba soft ah vekachu irundhuchu, super"
2026-02-28,21:50,Pradeep Kumar,+91 8841438424,54,Walk-in,Chicken Lollipop (4 pc),No,1,130,karur_kalam,No,0,130,Cash,3,"Average, expected more spice"
2026-02-28,20:29,Nithya S,+91 7634351751,49,Phone Call,Chicken Lollipop (4 pc),No,1,130,karur_kalam,No,0,130,Paytm,5,"Kalakalappa irundhuchu, next time friends oda varen"
2026-02-28,19:59,Prakash Prasad,+91 8687833918,43,Phone Call,Chicken Lollipop (4 pc),No,1,130,karur_kalam,No,0,130,GPay,,"Wings semma crispy ah irundhuchu, thanks anna"
2026-02-28,21:08,Vignesh Prasad,+91 8443135182,27,Walk-in,Chicken Lollipop (4 pc),No,1,130,karur_kalam,No,0,130,GPay,,
2026-02-28,22:53,Joseph Prasad,+91 8027406758,25,Walk-in,Chicken Leg (2 pc),No,1,130,karur_kalam,No,0,130,Cash,,"Great value for money, fresh and hot"
2026-02-28,22:56,Anand M,+91 8698478961,59,Phone Call,Chicken Wings (5 pc),No,1,130,karur_kalam,No,0,130,PhonePe,4,"Great value for money, fresh and hot"
2026-02-28,22:37,Dinesh,+91 8451076226,,Phone Call,Chicken Leg (2 pc),No,1,130,karur_kalam,No,0,130,,4,"Freshly grilled and juicy, highly recommend"
2026-02-28,19:55,Pradeep Raj,+91 6498609955,15,Walk-in,Chicken Leg (2 pc),No,1,130,karur_kalam,No,0,130,Cash,4,Very tasty and quick service too
2026-02-28,21:37,Anand Prasad,+91 7799650752,46,Walk-in,Chicken Leg (2 pc),No,1,130,karur_kalam,No,0,130,Cash,4,"Wings semma crispy ah irundhuchu, thanks anna"
2026-02-28,21:33,Lakshmi M,+91 8853400127,42,Walk-in,Chicken Wings (5 pc),No,1,130,karur_kalam,No,0,130,Paytm,5,"Amazing bbq stall, must try in this area"
2026-02-28,20:31,Dinesh K,+91 9401489025,16,Walk-in,Chicken Leg (2 pc),No,2,260,karur_kalam,No,0,260,GPay,5,"Great value for money, fresh and hot"
2026-02-28,22:18,Pradeep Kumar,+91 8160607159,42,Walk-in,Chicken Wings (5 pc),No,2,260,karur_kalam,No,0,260,GPay,4,"Loved the combo, perfect spice level"
2026-02-28,19:29,Revathi S,+91 6080132677,28,Walk-in,Chicken Lollipop (4 pc),No,1,130,karur_kalam,No,0,130,GPay,3,"It was fine, nothing special"
2026-02-28,21:03,Priya S,+91 9794963830,,Walk-in,Chicken Leg (2 pc),No,1,130,karur_kalam,No,0,130,Cash,4,"Best chicken lollipop I've had, will come again"
2026-02-28,20:26,Suresh R,+91 7654145868,36,Phone Call,Chicken Wings (5 pc),No,1,130,karur_kalam,Yes,13,117,PhonePe,4,"Great value for money, fresh and hot"
2026-02-28,19:33,,+91 8575124764,15,Walk-in,Chicken Leg (2 pc),No,1,130,karur_kalam,Yes,13,117,PhonePe,4,
2026-02-28,21:16,Bala S,+91 6988516560,33,Walk-in,Chicken Lollipop (4 pc),No,1,130,karur_kalam,No,0,130,Paytm,4,
2026-02-28,19:32,Manoj S,+91 6801006231,60,Phone Call,Chicken Lollipop (4 pc),No,2,260,karur_kalam,No,0,260,GPay,3,"Taste romba pramadham illa, sagalama irundhuchu"
2026-02-28,21:34,Elango,+91 9036309442,28,Walk-in,Chicken Lollipop (4 pc),No,1,130,karur_kalam,No,0,130,GPay,4,
2026-02-28,19:04,Sivakumar R,+91 8902787429,42,Phone Call,Chicken Wings (5 pc),No,1,130,karur_kalam,No,0,130,GPay,,
2026-02-28,19:49,Farhan Prasad,+91 7452841356,54,Walk-in,Chicken Leg (2 pc),No,1,130,karur_kalam,No,0,130,GPay,,"Waiting time mikka adhigama irundhuchu, service slow"
2026-02-28,20:56,Arun Babu,+91 8940781618,33,Phone Call,Chicken Leg (2 pc),No,1,130,karur_kalam,No,0,130,GPay,4,
2026-02-28,19:02,Karthik,+91 8420315892,36,Walk-in,Chicken Lollipop (4 pc),No,1,130,karur_kalam,No,0,130,Cash,,"Chicken leg romba soft ah vekachu irundhuchu, super"
2026-02-28,22:42,Deepa,+91 7696816453,36,Walk-in,Chicken Wings (5 pc),No,1,130,karur_kalam,No,0,130,Cash,4,"Loved the combo, perfect spice level"
2026-02-28,20:46,Senthil Raj,+91 7618324210,25,Walk-in,Chicken Lollipop (4 pc),No,1,130,karur_kalam,No,0,130,Cash,5,"Kalakalappa irundhuchu, next time friends oda varen"
2026-02-28,18:49,Revathi Babu,+91 6783908470,,Walk-in,Chicken Lollipop (4 pc),No,1,130,karur_kalam,No,0,130,GPay,5,
2026-02-28,18:26,,+91 9908740640,28,Phone Call,Chicken Wings (5 pc),No,2,260,karur_kalam,No,0,260,PhonePe,5,
2026-02-28,20:42,Arun,+91 6267888610,20,Walk-in,Chicken Leg (2 pc),No,2,260,karur_kalam,No,0,260,Cash,3,"Okay okay taste, but konjam salt adhigama irundhuchu"
2026-02-28,18:08,Swathi,+91 9882426559,34,Walk-in,Chicken Wings (5 pc),No,1,130,karur_kalam,No,0,130,GPay,,"Chicken leg romba soft ah vekachu irundhuchu, super"
2026-02-28,18:43,,+91 8160607159,42,Phone Call,Chicken Lollipop (4 pc),No,1,130,karur_kalam,No,0,130,Paytm,,"Semma taste bro, chicken romba soft ah irundhuchu"
2026-02-28,19:37,Sivakumar Devi,+91 8487084779,35,Walk-in,Chicken Wings (5 pc),No,1,130,karur_kalam,No,0,130,GPay,3,
2026-02-28,21:40,Abdul Kareem S,+91 6737815915,46,Walk-in,Chicken Wings (5 pc),No,2,260,karur_kalam,No,0,260,Card,4,"Vera level taste, oru sight ah irundhuchu"
2026-02-28,18:01,John Devi,+91 7229270653,43,Walk-in,Chicken Lollipop (4 pc),No,1,130,karur_kalam,No,0,130,Cash,4,
2026-02-28,20:40,Pradeep K,+91 7583132370,,Phone Call,Chicken Leg (2 pc),No,1,130,karur_kalam,No,0,130,PhonePe,,"Okay okay taste, but konjam salt adhigama irundhuchu"
2026-02-28,18:35,Arun,+91 9182070669,17,Walk-in,Chicken Lollipop (4 pc),No,1,130,karur_kalam,No,0,130,GPay,2,"Quantity kammiya kudutanga, not worth the price"
2026-02-28,18:12,,+91 9497035067,35,Walk-in,Chicken Lollipop (4 pc),No,1,130,karur_kalam,No,0,130,PhonePe,4,"Chicken leg romba soft ah vekachu irundhuchu, super"
2026-02-28,22:13,Swathi S,+91 7554665905,19,Walk-in,Chicken Leg (2 pc),No,1,130,karur_kalam,No,0,130,PhonePe,,Very tasty and quick service too
2026-02-28,20:33,Fathima K,+91 8419866524,17,Phone Call,Chicken Lollipop (4 pc),No,1,130,karur_kalam,No,0,130,GPay,,"Freshly grilled and juicy, highly recommend"
2026-02-28,18:14,Anand Raj,+91 6458831141,34,Walk-in,Chicken Lollipop (4 pc),No,1,130,karur_kalam,No,0,130,Cash,5,"Freshly grilled and juicy, highly recommend"
2026-02-28,21:38,,+91 6893246095,30,Phone Call,Chicken Leg (2 pc),No,2,260,karur_kalam,No,0,260,PhonePe,3,"It was fine, nothing special"
2026-02-28,22:51,Pradeep Kumar,+91 8160607159,42,Phone Call,Chicken Wings (5 pc),No,1,130,karur_kalam,No,0,130,GPay,4,"Chicken leg romba soft ah vekachu irundhuchu, super"
2026-02-28,22:52,Karthik Devi,+91 9974034471,58,Walk-in,Chicken Leg (2 pc),No,1,130,karur_kalam,No,0,130,Paytm,4,Very tasty and quick service too
2026-02-28,22:42,Ramesh Devi,+91 7295737831,37,Walk-in,Chicken Leg (2 pc),No,2,260,karur_kalam,No,0,260,Cash,4,"Loved the combo, perfect spice level"
2026-02-28,19:23,Murugan Prasad,+91 9527758416,20,Walk-in,Chicken Lollipop (4 pc),No,1,130,karur_kalam,No,0,130,PhonePe,3,"Okay okay taste, but konjam salt adhigama irundhuchu"
2026-02-28,19:50,Senthil Kumar,+91 7416518548,,Walk-in,Chicken Leg (2 pc),No,1,130,karur_kalam,No,0,130,Paytm,5,"Semma taste bro, chicken romba soft ah irundhuchu"
2026-02-28,17:40,Swathi K,+91 8191088398,24,Walk-in,Chicken Leg (2 pc),No,1,130,karur_kalam,Yes,13,117,Cash,5,"Ultimate taste anna, naa daily varen"
2026-02-28,22:06,Mary,+91 9170502218,57,Walk-in,Chicken Leg (2 pc),No,1,130,karur_kalam,Yes,13,117,Paytm,,
2026-02-28,22:12,Divya K,+91 6948377402,52,Walk-in,Chicken Lollipop (4 pc),No,1,130,karur_kalam,No,0,130,GPay,5,"Excellent flavour, family panindhalum enjoy pannanga"
2026-02-28,22:00,,+91 6996218366,,Phone Call,Chicken Wings (5 pc),No,1,130,karur_kalam,No,0,130,GPay,4,
2026-02-28,22:31,Anand,+91 6222349980,,Phone Call,Chicken Lollipop (4 pc),No,1,130,karur_kalam,No,0,130,GPay,3,"Decent taste, price sari than"
2026-02-28,19:23,Mary,+91 8244614409,25,Walk-in,Chicken Lollipop (4 pc),No,1,130,karur_kalam,No,0,130,,5,"Great value for money, fresh and hot"
2026-02-28,20:31,Selvam,+91 9372631995,56,Walk-in,Chicken Leg (2 pc),No,1,130,karur_kalam,No,0,130,,4,"Great value for money, fresh and hot"
2026-03-01,17:30,Gopal S,+91 8025513444,50,Walk-in,Chicken Wings (5 pc),No,1,130,karur_kalam,No,0,130,Cash,3,"Taste romba pramadham illa, sagalama irundhuchu"
2026-03-01,18:08,Vignesh,+91 8749325114,59,Walk-in,Chicken Lollipop (4 pc),No,1,130,karur_kalam,No,0,130,PhonePe,4,"Excellent flavour, family panindhalum enjoy pannanga"
2026-03-01,19:03,Sivakumar,+91 7986800025,45,Walk-in,Chicken Wings (5 pc),No,1,130,karur_kalam,No,0,130,GPay,3,
2026-03-01,18:06,Mary,+91 7431611724,16,Phone Call,Chicken Wings (5 pc),No,1,130,karur_kalam,Yes,13,117,GPay,3,"Average, expected more spice"
2026-03-01,21:26,Anand M,+91 8698478961,59,Walk-in,Chicken Wings (5 pc),No,1,130,karur_kalam,No,0,130,PhonePe,4,"Vera level taste, oru sight ah irundhuchu"
2026-03-01,19:44,Ramesh Babu,+91 8230600230,26,Phone Call,Chicken Lollipop (4 pc),No,1,130,karur_kalam,No,0,130,PhonePe,4,"Great value for money, fresh and hot"
2026-03-01,18:47,Kumar S,+91 8467854458,46,Walk-in,Chicken Wings (5 pc),No,1,130,karur_kalam,No,0,130,,4,
2026-03-01,17:20,Arun,+91 6267888610,20,Phone Call,Chicken Lollipop (4 pc),No,1,130,karur_kalam,No,0,130,GPay,,"Average, expected more spice"
2026-03-01,17:48,Swathi Prasad,+91 7982595269,,Phone Call,Chicken Leg (2 pc),No,1,130,karur_kalam,Yes,13,117,Cash,5,"Kalakalappa irundhuchu, next time friends oda varen"
2026-03-01,18:15,Muthu Devi,+91 6983584168,43,Phone Call,Chicken Leg (2 pc),No,1,130,karur_kalam,No,0,130,Cash,3,"Decent taste, price sari than"
2026-03-01,21:11,Abdul Kareem K,+91 7734670656,25,Walk-in,Chicken Leg (2 pc),No,1,130,karur_kalam,No,0,130,GPay,4,Very tasty and quick service too
2026-03-01,19:11,Elango M,+91 8367734985,26,Walk-in,Chicken Leg (2 pc),No,1,130,karur_kalam,No,0,130,PhonePe,,"Great value for money, fresh and hot"
2026-03-01,19:18,Divya,+91 8380966414,,Walk-in,Chicken Wings (5 pc),No,1,130,karur_kalam,No,0,130,GPay,,"Best chicken lollipop I've had, will come again"
2026-03-01,22:36,Murugan Prasad,+91 9527758416,20,Phone Call,Chicken Leg (2 pc),No,1,130,karur_kalam,No,0,130,PhonePe,5,"Amazing bbq stall, must try in this area"
2026-03-01,19:21,Divya Prasad,+91 7415712763,55,Walk-in,Chicken Leg (2 pc),No,2,260,karur_kalam,No,0,260,GPay,4,"Vera level taste, oru sight ah irundhuchu"
2026-03-01,20:56,,+91 9139718707,23,Phone Call,Chicken Leg (2 pc),No,1,130,karur_kalam,No,0,130,GPay,4,"Loved the combo, perfect spice level"
2026-03-01,21:06,Vidya,+91 6683710307,28,Walk-in,Chicken Lollipop (4 pc),No,2,260,karur_kalam,No,0,260,PhonePe,4,
2026-03-01,19:12,Gowtham Babu,+91 9139718707,23,Phone Call,Chicken Leg (2 pc),No,1,130,karur_kalam,No,0,130,Paytm,,"Average, expected more spice"
2026-03-01,17:25,Murugan M,+91 7645633917,23,Walk-in,Chicken Wings (5 pc),No,1,130,karur_kalam,No,0,130,Paytm,,
2026-03-01,20:26,Gopal Babu,+91 7293183933,36,Phone Call,Chicken Wings (5 pc),No,1,130,karur_kalam,No,0,130,GPay,4,
2026-03-01,21:15,Rajesh,+91 6422842102,15,Phone Call,Chicken Lollipop (4 pc),No,1,130,karur_kalam,Yes,13,117,Cash,,
2026-03-01,18:43,Gopal Raj,+91 8717464887,43,Phone Call,Chicken Wings (5 pc),No,1,130,karur_kalam,No,0,130,PhonePe,5,
2026-03-01,22:05,Arun Kumar,+91 7387262473,19,Walk-in,Chicken Wings (5 pc),No,1,130,karur_kalam,No,0,130,Card,4,"Best chicken lollipop I've had, will come again"
2026-03-01,20:56,Revathi S,+91 9558867533,51,Phone Call,Chicken Wings (5 pc),No,1,130,karur_kalam,No,0,130,Cash,,"Amazing bbq stall, must try in this area"
2026-03-01,18:32,Kumar R,+91 9471027677,28,Walk-in,Chicken Wings (5 pc),No,1,130,karur_kalam,No,0,130,PhonePe,4,
2026-03-01,22:06,Kavya,+91 8936899809,57,Walk-in,Chicken Wings (5 pc),No,1,130,karur_kalam,Yes,13,117,PhonePe,,"Freshly grilled and juicy, highly recommend"
2026-03-01,21:37,,+91 7400499154,44,Walk-in,Chicken Lollipop (4 pc),No,1,130,karur_kalam,No,0,130,Cash,,"Super spicy and juicy, best bbq in area"
2026-03-01,20:54,Vijay Kumar,+91 9506068536,20,Walk-in,Chicken Wings (5 pc),No,1,130,karur_kalam,No,0,130,Cash,5,"Vera level taste, oru sight ah irundhuchu"
2026-03-01,18:04,Naveen K,+91 8991022901,32,Walk-in,Chicken Leg (2 pc),No,1,130,karur_kalam,No,0,130,PhonePe,4,"Loved the combo, perfect spice level"
2026-03-01,20:27,Yazhini Devi,+91 6942321540,19,Walk-in,Chicken Lollipop (4 pc),No,1,130,karur_kalam,No,0,130,,3,"Not bad, but waiting time konjam adhigama irundhuchu"
2026-03-01,18:23,Gopal Raj,+91 8961586578,17,Walk-in,Chicken Lollipop (4 pc),No,1,130,karur_kalam,No,0,130,Cash,5,
2026-03-01,22:58,Anitha Devi,+91 9948993005,21,Walk-in,Chicken Wings (5 pc),No,1,130,karur_kalam,No,0,130,GPay,5,
2026-03-01,21:41,Manoj Prasad,+91 6726625650,31,Walk-in,Chicken Leg (2 pc),No,2,260,karur_kalam,No,0,260,Cash,2,
2026-03-01,22:52,Kumar S,+91 8467854458,,Walk-in,Chicken Wings (5 pc),No,2,260,karur_kalam,No,0,260,,4,Very tasty and quick service too
2026-03-01,18:22,Suresh,+91 8294019655,42,Walk-in,Chicken Lollipop (4 pc),No,1,130,karur_kalam,No,0,130,GPay,2,"Not fresh today, taste changed"
2026-03-01,20:22,Sowmya Raj,+91 6345054156,40,Phone Call,Chicken Lollipop (4 pc),No,1,130,karur_kalam,No,0,130,PhonePe,2,
2026-03-01,20:08,Anand Prasad,+91 6351135053,35,Walk-in,Chicken Leg (2 pc),No,1,130,karur_kalam,No,0,130,PhonePe,,
2026-03-01,17:57,Senthil S,+91 7028439599,58,Phone Call,Chicken Lollipop (4 pc),No,1,130,karur_kalam,No,0,130,Cash,,
2026-03-01,19:30,Senthil S,+91 7028439599,58,Phone Call,Chicken Leg (2 pc),No,1,130,karur_kalam,Yes,13,117,Paytm,5,Very tasty and quick service too
2026-03-01,20:58,Yazhini Prasad,+91 9527858549,,Walk-in,Chicken Leg (2 pc),No,1,130,karur_kalam,No,0,130,PhonePe,4,"Semma taste bro, chicken romba soft ah irundhuchu"
2026-03-01,22:52,Selvam R,+91 6217659180,29,Phone Call,Chicken Lollipop (4 pc),No,1,130,karur_kalam,No,0,130,Paytm,5,"Kalakalappa irundhuchu, next time friends oda varen"
2026-03-01,21:27,Aishwarya Babu,+91 8084290696,51,Walk-in,Chicken Lollipop (4 pc),No,1,130,karur_kalam,No,0,130,,5,
2026-03-01,18:26,Pradeep Kumar,+91 8160607159,42,Walk-in,Chicken Lollipop (4 pc),No,1,130,karur_kalam,No,0,130,Cash,4,"Amazing bbq stall, must try in this area"
2026-03-01,20:54,Anand Prasad,+91 8255341928,30,Walk-in,Chicken Lollipop (4 pc),No,1,130,karur_kalam,No,0,130,GPay,3,
2026-03-01,18:16,,+91 6801006231,,Phone Call,Chicken Leg (2 pc),No,2,260,karur_kalam,No,0,260,GPay,2,"Waiting time mikka adhigama irundhuchu, service slow"
2026-03-01,20:51,Naveen,+91 8536915855,44,Walk-in,Chicken Leg (2 pc),No,1,130,karur_kalam,No,0,130,Cash,5,
2026-03-02,22:54,Ayesha Babu,+91 9947055169,34,Phone Call,Chicken Leg (2 pc),No,2,260,karur_kalam,Yes,26,234,GPay,5,"Freshly grilled and juicy, highly recommend"
2026-03-02,20:28,Dinesh M,+91 7614293968,36,Phone Call,Chicken Wings (5 pc),No,1,130,karur_kalam,Yes,13,117,PhonePe,4,"Nalla crispy ah irundhuchu, quantity um super"
2026-03-02,20:37,Swathi,+91 6812191361,,Walk-in,Chicken Lollipop (4 pc),No,1,130,karur_kalam,No,0,130,Cash,,Very tasty and quick service too
2026-03-02,20:41,Anitha,+91 7139280485,15,Walk-in,Chicken Lollipop (4 pc),No,1,130,karur_kalam,No,0,130,Cash,2,"Konjam over cooked ah irundhuchu, disappointed"
2026-03-02,19:11,Dinesh S,+91 7465787133,,Phone Call,Chicken Leg (2 pc),No,1,130,karur_kalam,No,0,130,GPay,3,"Taste romba pramadham illa, sagalama irundhuchu"
2026-03-02,22:34,Anitha M,+91 8079923045,28,Walk-in,Chicken Leg (2 pc),No,1,130,karur_kalam,Yes,13,117,GPay,4,
2026-03-02,19:43,Manoj Raj,+91 6824008427,21,Phone Call,Chicken Wings (5 pc),No,1,130,karur_kalam,No,0,130,Paytm,,"Super spicy and juicy, best bbq in area"
2026-03-02,22:26,John Raj,+91 8198327315,50,Walk-in,Chicken Wings (5 pc),No,2,260,karur_kalam,No,0,260,GPay,4,"Great value for money, fresh and hot"
2026-03-02,18:15,John S,+91 9798079359,45,Phone Call,Chicken Lollipop (4 pc),No,1,130,karur_kalam,No,0,130,PhonePe,4,"Super spicy and juicy, best bbq in area"
2026-03-02,20:34,John S,+91 9798079359,45,Walk-in,Chicken Lollipop (4 pc),No,1,130,karur_kalam,No,0,130,Cash,,"Average, expected more spice"
2026-03-02,19:09,Joseph Prasad,+91 6756551256,59,Phone Call,Chicken Leg (2 pc),No,1,130,karur_kalam,No,0,130,Cash,4,"Best chicken lollipop I've had, will come again"
2026-03-02,20:55,Dinesh M,+91 7614293968,36,Phone Call,Chicken Leg (2 pc),No,2,260,karur_kalam,No,0,260,GPay,5,"Ultimate taste anna, naa daily varen"
2026-03-02,21:34,Kumar Prasad,+91 6473210469,41,Walk-in,Chicken Lollipop (4 pc),No,1,130,karur_kalam,No,0,130,Card,4,
2026-03-02,18:06,Ayesha Raj,+91 9474367136,51,Phone Call,Chicken Wings (5 pc),No,1,130,karur_kalam,No,0,130,Paytm,,"Great value for money, fresh and hot"
2026-03-02,17:09,Abdul Kareem K,+91 7734670656,,Walk-in,Chicken Wings (5 pc),No,1,130,karur_kalam,No,0,130,Paytm,5,
2026-03-02,21:53,Aishwarya Babu,+91 9569764878,33,Walk-in,Chicken Leg (2 pc),No,2,260,karur_kalam,No,0,260,GPay,3,"Not bad, but waiting time konjam adhigama irundhuchu"
2026-03-02,19:01,Ayesha,+91 9568512062,43,Walk-in,Chicken Wings (5 pc),No,1,130,karur_kalam,No,0,130,Cash,5,"Nalla crispy ah irundhuchu, quantity um super"
2026-03-02,18:50,,+91 8569092755,43,Phone Call,Chicken Leg (2 pc),No,2,260,karur_kalam,Yes,26,234,Paytm,4,
2026-03-02,20:44,Iniya K,+91 9291486528,,Walk-in,Chicken Leg (2 pc),No,1,130,karur_kalam,No,0,130,Cash,4,"Amazing bbq stall, must try in this area"
2026-03-02,18:15,Kumar M,+91 6916998543,57,Phone Call,Chicken Wings (5 pc),No,1,130,karur_kalam,No,0,130,Card,,"Chicken leg romba soft ah vekachu irundhuchu, super"
2026-03-02,17:53,Meena Prasad,+91 9706363286,27,Walk-in,Chicken Lollipop (4 pc),No,1,130,karur_kalam,Yes,13,117,PhonePe,,"Average, expected more spice"
2026-03-02,18:00,Rajesh S,+91 7336796082,59,Walk-in,Chicken Wings (5 pc),No,1,130,karur_kalam,No,0,130,Cash,4,
2026-03-02,22:18,Nithya Raj,+91 6132495193,38,Walk-in,Chicken Leg (2 pc),No,1,130,karur_kalam,Yes,13,117,Cash,,"Amazing bbq stall, must try in this area"
2026-03-02,18:04,Kavya Kumar,+91 6515220472,60,Phone Call,Chicken Wings (5 pc),No,1,130,karur_kalam,No,0,130,Cash,4,Very tasty and quick service too
2026-03-02,20:17,Mary Raj,+91 9383473597,,Walk-in,Chicken Wings (5 pc),No,1,130,karur_kalam,No,0,130,GPay,5,"Chicken leg romba soft ah vekachu irundhuchu, super"
2026-03-02,19:18,Suresh K,+91 6531003309,24,Phone Call,Chicken Leg (2 pc),No,1,130,karur_kalam,Yes,13,117,GPay,5,"Super spicy and juicy, best bbq in area"
2026-03-02,20:27,John,+91 7716988371,42,Walk-in,Chicken Wings (5 pc),No,1,130,karur_kalam,Yes,13,117,Card,,
2026-03-02,19:28,Swathi Kumar,+91 7261705058,28,Walk-in,Chicken Lollipop (4 pc),No,1,130,karur_kalam,No,0,130,GPay,4,"Freshly grilled and juicy, highly recommend"
2026-03-02,19:31,,+91 7426621775,50,Walk-in,Chicken Leg (2 pc),No,2,260,karur_kalam,Yes,26,234,,5,"Excellent flavour, family panindhalum enjoy pannanga"
2026-03-02,20:41,Sathish,+91 6037917693,60,Phone Call,Chicken Lollipop (4 pc),No,1,130,karur_kalam,No,0,130,GPay,,"Loved the combo, perfect spice level"
2026-03-02,21:00,,+91 7854613087,,Walk-in,Chicken Leg (2 pc),No,1,130,karur_kalam,No,0,130,Cash,,
2026-03-02,17:09,Sivakumar,+91 6842527863,,Walk-in,Chicken Leg (2 pc),No,1,130,karur_kalam,No,0,130,Cash,3,"Decent taste, price sari than"
2026-03-02,21:26,Selvam Babu,+91 9771961997,21,Walk-in,Chicken Leg (2 pc),No,1,130,karur_kalam,No,0,130,Cash,,"Wings semma crispy ah irundhuchu, thanks anna"
2026-03-02,18:39,Suresh,+91 8224265379,27,Walk-in,Chicken Wings (5 pc),No,1,130,karur_kalam,No,0,130,Cash,3,Quantity konjam kammiya irundhuchu but taste okay
2026-03-02,22:21,John Babu,+91 9015430391,20,Phone Call,Chicken Lollipop (4 pc),No,1,130,karur_kalam,No,0,130,Cash,,Very tasty and quick service too
2026-03-02,18:18,Nithya,+91 6802658934,44,Walk-in,Chicken Lollipop (4 pc),No,1,130,karur_kalam,No,0,130,PhonePe,4,"Chicken leg romba soft ah vekachu irundhuchu, super"
2026-03-03,22:24,Kumar M,+91 6916998543,57,Phone Call,Chicken Wings (5 pc),No,1,130,karur_kalam,No,0,130,Paytm,4,"Amazing bbq stall, must try in this area"
2026-03-03,20:18,Aishwarya K,+91 7665282468,36,Walk-in,Chicken Leg (2 pc),No,1,130,karur_kalam,No,0,130,PhonePe,5,
2026-03-03,21:17,Swathi R,+91 9230913075,41,Walk-in,Chicken Lollipop (4 pc),No,1,130,karur_kalam,No,0,130,Cash,5,"Great value for money, fresh and hot"
2026-03-03,18:35,Vignesh K,+91 7356369301,18,Walk-in,Chicken Lollipop (4 pc),No,1,130,karur_kalam,Yes,13,117,GPay,2,"Konjam over cooked ah irundhuchu, disappointed"
2026-03-03,20:11,Vignesh Kumar,+91 8957885685,37,Walk-in,Chicken Lollipop (4 pc),No,1,130,karur_kalam,No,0,130,Paytm,,"Super spicy and juicy, best bbq in area"
2026-03-03,20:32,Bala S,+91 6988516560,33,Walk-in,Chicken Lollipop (4 pc),No,1,130,karur_kalam,No,0,130,GPay,4,
2026-03-03,19:00,Senthil S,+91 7028439599,58,Phone Call,Chicken Lollipop (4 pc),No,1,130,karur_kalam,No,0,130,GPay,5,"Amazing bbq stall, must try in this area"
2026-03-03,18:27,Dinesh R,+91 7096739798,33,Phone Call,Chicken Leg (2 pc),No,2,260,karur_kalam,No,0,260,PhonePe,3,
2026-03-03,20:22,Arun Devi,+91 9671877628,49,Walk-in,Chicken Leg (2 pc),No,1,130,karur_kalam,No,0,130,GPay,3,
2026-03-03,20:12,Kavya,+91 8936899809,57,Phone Call,Chicken Lollipop (4 pc),No,1,130,karur_kalam,No,0,130,Cash,4,"Chicken leg romba soft ah vekachu irundhuchu, super"
2026-03-03,19:37,Muthu Devi,+91 6983584168,43,Phone Call,Chicken Lollipop (4 pc),No,1,130,karur_kalam,No,0,130,Cash,5,"Excellent flavour, family panindhalum enjoy pannanga"
2026-03-03,17:53,Prakash Raj,+91 7292127799,,Phone Call,Chicken Leg (2 pc),No,1,130,karur_kalam,No,0,130,GPay,4,
2026-03-03,17:34,Dhanush,+91 9165789391,23,Walk-in,Chicken Leg (2 pc),No,2,260,karur_kalam,No,0,260,Cash,5,"Great value for money, fresh and hot"
2026-03-03,21:37,Kavya,+91 6924492878,46,Walk-in,Chicken Wings (5 pc),No,1,130,karur_kalam,No,0,130,GPay,4,"Semma taste bro, chicken romba soft ah irundhuchu"
2026-03-03,21:01,Muthu Devi,+91 6983584168,43,Phone Call,Chicken Lollipop (4 pc),No,1,130,karur_kalam,No,0,130,Cash,5,"Semma taste bro, chicken romba soft ah irundhuchu"
2026-03-03,21:08,Nithya M,+91 7180620073,16,Walk-in,Chicken Wings (5 pc),No,1,130,karur_kalam,No,0,130,Cash,5,
2026-03-03,20:13,Joseph Raj,+91 6571446956,58,Walk-in,Chicken Leg (2 pc),No,1,130,karur_kalam,No,0,130,GPay,4,"Semma taste bro, chicken romba soft ah irundhuchu"
2026-03-03,20:27,Anand Devi,+91 9886583483,33,Walk-in,Chicken Leg (2 pc),No,1,130,karur_kalam,No,0,130,Cash,5,"Freshly grilled and juicy, highly recommend"
2026-03-03,20:42,Swathi Babu,+91 7207758708,53,Walk-in,Chicken Lollipop (4 pc),No,2,260,karur_kalam,No,0,260,PhonePe,3,
2026-03-03,19:58,Abdul Kareem,+91 8045050928,32,Walk-in,Chicken Wings (5 pc),No,2,260,karur_kalam,No,0,260,GPay,,Quantity konjam kammiya irundhuchu but taste okay
2026-03-03,20:00,Aishwarya,+91 8450380162,,Walk-in,Chicken Lollipop (4 pc),No,1,130,karur_kalam,No,0,130,Cash,4,"Great value for money, fresh and hot"
2026-03-03,20:52,Vidya Kumar,+91 8738299737,41,Phone Call,Chicken Wings (5 pc),No,1,130,karur_kalam,Yes,13,117,PhonePe,,
2026-03-03,18:42,Arun,+91 7359042652,44,Walk-in,Chicken Leg (2 pc),No,1,130,karur_kalam,No,0,130,Cash,,"Decent taste, price sari than"
2026-03-03,22:51,Sathish Kumar,+91 8843443757,37,Walk-in,Chicken Wings (5 pc),No,1,130,karur_kalam,No,0,130,PhonePe,4,"Super spicy and juicy, best bbq in area"
2026-03-03,21:54,Naveen Babu,+91 8537062728,21,Walk-in,Chicken Lollipop (4 pc),No,1,130,karur_kalam,No,0,130,Cash,3,"Decent taste, price sari than"
2026-03-03,22:27,Murugan,+91 9412608481,47,Walk-in,Chicken Wings (5 pc),No,1,130,karur_kalam,No,0,130,GPay,5,"Wings semma crispy ah irundhuchu, thanks anna"
2026-03-03,19:02,Kumar R,+91 9471027677,28,Phone Call,Chicken Lollipop (4 pc),No,1,130,karur_kalam,No,0,130,Paytm,5,"Wings semma crispy ah irundhuchu, thanks anna"
2026-03-03,18:19,,+91 7438880485,20,Walk-in,Chicken Leg (2 pc),No,1,130,karur_kalam,No,0,130,GPay,5,"Semma taste bro, chicken romba soft ah irundhuchu"
2026-03-03,17:45,Harish M,+91 8527177449,18,Phone Call,Chicken Wings (5 pc),No,1,130,karur_kalam,No,0,130,PhonePe,,"Wings semma crispy ah irundhuchu, thanks anna"
2026-03-03,20:14,Sathish Raj,+91 7098050097,47,Walk-in,Chicken Wings (5 pc),No,1,130,karur_kalam,No,0,130,GPay,5,"Freshly grilled and juicy, highly recommend"
2026-03-03,18:39,Arun Babu,+91 6629179265,19,Walk-in,Chicken Lollipop (4 pc),No,1,130,karur_kalam,No,0,130,PhonePe,3,
2026-03-03,19:49,Karthik M,+91 8777520471,19,Walk-in,Chicken Wings (5 pc),No,1,130,karur_kalam,No,0,130,Cash,5,
2026-03-03,21:03,Karthik R,+91 9603859770,28,Phone Call,Chicken Wings (5 pc),No,1,130,karur_kalam,No,0,130,Cash,4,"Ultimate taste anna, naa daily varen"
2026-03-03,20:03,Divya K,+91 7878903450,25,Walk-in,Chicken Wings (5 pc),No,1,130,karur_kalam,No,0,130,Cash,4,
2026-03-03,19:32,Rajesh Kumar,+91 8339421047,17,Phone Call,Chicken Wings (5 pc),No,1,130,karur_kalam,No,0,130,GPay,3,"It was fine, nothing special"
2026-03-03,19:09,Divya Kumar,+91 7752431069,16,Walk-in,Chicken Lollipop (4 pc),No,1,130,karur_kalam,No,0,130,Cash,4,"Vera level taste, oru sight ah irundhuchu"
2026-03-03,18:24,Murugan Kumar,+91 6681636038,51,Walk-in,Chicken Lollipop (4 pc),No,1,130,karur_kalam,No,0,130,GPay,5,"Freshly grilled and juicy, highly recommend"
2026-03-03,17:30,Karthik R,+91 6845146270,31,Phone Call,Chicken Wings (5 pc),No,1,130,karur_kalam,Yes,13,117,Cash,3,"Not bad, but waiting time konjam adhigama irundhuchu"
2026-03-04,17:23,Swathi Prasad,+91 7982595269,34,Walk-in,Chicken Lollipop (4 pc),No,2,260,karur_kalam,No,0,260,Cash,5,"Great value for money, fresh and hot"
2026-03-04,19:52,Selvam M,+91 6334123281,,Walk-in,Chicken Wings (5 pc),No,1,130,karur_kalam,No,0,130,Cash,4,
2026-03-04,21:54,Gowtham Babu,+91 9139718707,23,Phone Call,Chicken Lollipop (4 pc),No,1,130,karur_kalam,No,0,130,GPay,3,Quantity konjam kammiya irundhuchu but taste okay
2026-03-04,19:13,Dinesh M,+91 7614293968,,Walk-in,Chicken Leg (2 pc),No,1,130,karur_kalam,No,0,130,Cash,5,"Excellent flavour, family panindhalum enjoy pannanga"
2026-03-04,20:04,Swathi K,+91 8191088398,,Phone Call,Chicken Lollipop (4 pc),No,1,130,karur_kalam,Yes,13,117,Paytm,5,"Amazing bbq stall, must try in this area"
2026-03-04,18:59,Karthik Raj,+91 6176142152,33,Phone Call,Chicken Wings (5 pc),No,1,130,karur_kalam,No,0,130,PhonePe,3,
2026-03-04,20:49,Deepa M,+91 7845115447,53,Phone Call,Chicken Wings (5 pc),No,1,130,karur_kalam,No,0,130,GPay,4,
2026-03-04,20:11,Muthu Devi,+91 6983584168,43,Phone Call,Chicken Lollipop (4 pc),No,1,130,karur_kalam,No,0,130,PhonePe,5,"Kalakalappa irundhuchu, next time friends oda varen"
2026-03-04,21:43,Muthu Babu,+91 6455623869,58,Phone Call,Chicken Lollipop (4 pc),No,1,130,karur_kalam,No,0,130,Cash,4,"Semma taste bro, chicken romba soft ah irundhuchu"
2026-03-04,20:49,Sivakumar R,+91 8902787429,42,Walk-in,Chicken Lollipop (4 pc),No,1,130,karur_kalam,No,0,130,Cash,4,"Semma taste bro, chicken romba soft ah irundhuchu"
2026-03-04,20:26,Elango S,+91 8974997990,35,Walk-in,Chicken Lollipop (4 pc),No,1,130,karur_kalam,No,0,130,Cash,,"Super spicy and juicy, best bbq in area"
2026-03-04,20:43,Gowtham Prasad,+91 8980841241,21,Phone Call,Chicken Wings (5 pc),No,1,130,karur_kalam,No,0,130,GPay,5,
2026-03-04,18:55,Pradeep Babu,+91 7462475107,54,Phone Call,Chicken Wings (5 pc),No,2,260,karur_kalam,No,0,260,GPay,4,"Great value for money, fresh and hot"
2026-03-04,20:37,Murugan Prasad,+91 9527758416,20,Phone Call,Chicken Wings (5 pc),No,1,130,karur_kalam,No,0,130,GPay,3,Quantity konjam kammiya irundhuchu but taste okay
2026-03-04,18:43,Vignesh R,+91 7149190586,,Phone Call,Chicken Lollipop (4 pc),No,1,130,karur_kalam,No,0,130,GPay,,
2026-03-04,17:54,Rajesh M,+91 9504773586,,Phone Call,Chicken Lollipop (4 pc),No,1,130,karur_kalam,No,0,130,GPay,4,"Chicken leg romba soft ah vekachu irundhuchu, super"
2026-03-04,19:52,Manoj S,+91 9823004786,49,Phone Call,Chicken Wings (5 pc),No,1,130,karur_kalam,No,0,130,GPay,4,"Great value for money, fresh and hot"
2026-03-04,22:16,,+91 7255174192,35,Walk-in,Chicken Lollipop (4 pc),No,2,260,karur_kalam,No,0,260,Card,5,"Freshly grilled and juicy, highly recommend"
2026-03-04,18:52,Prakash R,+91 7691669784,,Phone Call,Chicken Lollipop (4 pc),No,1,130,karur_kalam,Yes,13,117,GPay,4,"Best chicken lollipop I've had, will come again"
2026-03-04,19:42,Nithya S,+91 7634351751,49,Phone Call,Chicken Leg (2 pc),No,1,130,karur_kalam,Yes,13,117,GPay,4,
2026-03-04,20:47,Kumar S,+91 8467854458,46,Walk-in,Chicken Wings (5 pc),No,1,130,karur_kalam,No,0,130,PhonePe,4,"Freshly grilled and juicy, highly recommend"
2026-03-04,20:45,Lakshmi R,+91 6668113397,27,Walk-in,Chicken Lollipop (4 pc),No,1,130,karur_kalam,No,0,130,Cash,4,"Loved the combo, perfect spice level"
2026-03-04,19:35,Anand,+91 7063236540,21,Walk-in,Chicken Wings (5 pc),No,1,130,karur_kalam,No,0,130,Cash,3,Quantity konjam kammiya irundhuchu but taste okay
2026-03-04,19:39,Kavya,+91 8765118615,41,Walk-in,Chicken Leg (2 pc),No,1,130,karur_kalam,No,0,130,Cash,,"Quantity kammiya kudutanga, not worth the price"
2026-03-04,20:11,Bala Raj,+91 8190826110,56,Walk-in,Chicken Lollipop (4 pc),No,1,130,karur_kalam,No,0,130,PhonePe,4,"Ultimate taste anna, naa daily varen"
2026-03-04,18:34,Gopal K,+91 6974993097,25,Phone Call,Chicken Lollipop (4 pc),No,1,130,karur_kalam,No,0,130,GPay,4,"Nalla crispy ah irundhuchu, quantity um super"
2026-03-04,21:08,Kumar Kumar,+91 6190790306,43,Phone Call,Chicken Wings (5 pc),No,1,130,karur_kalam,No,0,130,GPay,5,"Chicken leg romba soft ah vekachu irundhuchu, super"
2026-03-04,20:14,Manoj,+91 9567661825,22,Phone Call,Chicken Leg (2 pc),No,1,130,karur_kalam,No,0,130,PhonePe,4,"Best chicken lollipop I've had, will come again"
2026-03-04,19:13,Divya Devi,+91 8086542438,26,Walk-in,Chicken Leg (2 pc),No,2,260,karur_kalam,No,0,260,,5,"Nalla crispy ah irundhuchu, quantity um super"
2026-03-04,18:35,Sowmya R,+91 6396964535,53,Walk-in,Chicken Wings (5 pc),No,1,130,karur_kalam,Yes,13,117,Cash,5,
2026-03-04,19:24,Farhan Devi,+91 9416052975,20,Phone Call,Chicken Lollipop (4 pc),No,1,130,karur_kalam,No,0,130,PhonePe,4,
2026-03-04,21:37,Murugan S,+91 7449353487,31,Walk-in,Chicken Leg (2 pc),No,1,130,karur_kalam,No,0,130,PhonePe,5,"Freshly grilled and juicy, highly recommend"
2026-03-04,17:31,Swathi Raj,+91 9156756650,56,Walk-in,Chicken Wings (5 pc),No,1,130,karur_kalam,No,0,130,Cash,4,
2026-03-04,18:45,Kavya M,+91 9985045056,41,Walk-in,Chicken Leg (2 pc),No,1,130,karur_kalam,No,0,130,Cash,4,
2026-03-04,18:03,Selvam S,+91 7172788957,,Walk-in,Chicken Leg (2 pc),No,1,130,karur_kalam,No,0,130,Cash,5,"Super spicy and juicy, best bbq in area"
2026-03-04,21:33,Mary Devi,+91 8053773515,49,Walk-in,Chicken Leg (2 pc),No,1,130,karur_kalam,No,0,130,Cash,4,
2026-03-04,20:00,Yazhini Devi,+91 7585301012,43,Walk-in,Chicken Leg (2 pc),No,2,260,karur_kalam,No,0,260,PhonePe,4,
2026-03-04,22:47,Senthil S,+91 7028439599,58,Walk-in,Chicken Wings (5 pc),No,1,130,karur_kalam,No,0,130,Cash,,"Wings semma crispy ah irundhuchu, thanks anna"
2026-03-04,18:04,Anand M,+91 8698478961,59,Phone Call,Chicken Leg (2 pc),No,1,130,karur_kalam,No,0,130,GPay,4,"Kalakalappa irundhuchu, next time friends oda varen"
2026-03-04,22:19,Priya,+91 9122753046,30,Phone Call,Chicken Leg (2 pc),No,1,130,karur_kalam,No,0,130,PhonePe,5,"Loved the combo, perfect spice level"
2026-03-04,20:41,Divya Kumar,+91 9785089897,46,Walk-in,Chicken Leg (2 pc),No,1,130,karur_kalam,No,0,130,GPay,4,Very tasty and quick service too
2026-03-04,18:24,Deepa,+91 7696816453,36,Walk-in,Chicken Leg (2 pc),No,1,130,karur_kalam,No,0,130,PhonePe,,"Chicken leg romba soft ah vekachu irundhuchu, super"
2026-03-04,19:04,John S,+91 9798079359,45,Phone Call,Chicken Lollipop (4 pc),No,1,130,karur_kalam,No,0,130,GPay,4,"Vera level taste, oru sight ah irundhuchu"
2026-03-04,19:32,Vidya,+91 6489325288,15,Phone Call,Chicken Leg (2 pc),No,1,130,karur_kalam,No,0,130,GPay,,"Semma taste bro, chicken romba soft ah irundhuchu"
2026-03-04,19:01,Lakshmi R,+91 9535232660,55,Walk-in,Chicken Leg (2 pc),No,1,130,karur_kalam,No,0,130,Paytm,5,Very tasty and quick service too
2026-03-04,20:36,Divya Kumar,+91 7752431069,,Walk-in,Chicken Wings (5 pc),No,1,130,karur_kalam,No,0,130,,5,"Super spicy and juicy, best bbq in area"
2026-03-04,20:17,Priya S,+91 7746614477,,Walk-in,Chicken Wings (5 pc),No,1,130,karur_kalam,No,0,130,GPay,4,Very tasty and quick service too
2026-03-04,20:23,Vijay,+91 8396907844,45,Walk-in,Chicken Leg (2 pc),No,1,130,karur_kalam,Yes,13,117,Cash,,"Nalla crispy ah irundhuchu, quantity um super"
2026-03-04,17:04,Karthik K,+91 7927640547,58,Walk-in,Chicken Lollipop (4 pc),No,1,130,karur_kalam,No,0,130,Cash,4,
2026-03-04,20:10,Manoj Raj,+91 6824008427,21,Walk-in,Chicken Lollipop (4 pc),No,1,130,karur_kalam,No,0,130,PhonePe,,"Super spicy and juicy, best bbq in area"
2026-03-04,21:50,Joseph Prasad,+91 6756551256,59,Phone Call,Chicken Wings (5 pc),No,1,130,karur_kalam,Yes,13,117,Cash,5,
2026-03-04,21:34,Aishwarya Prasad,+91 8131351830,24,Walk-in,Chicken Leg (2 pc),No,1,130,karur_kalam,No,0,130,Card,4,"Vera level taste, oru sight ah irundhuchu"
2026-03-04,21:24,Aishwarya S,+91 8599098412,,Walk-in,Chicken Wings (5 pc),No,1,130,karur_kalam,No,0,130,Paytm,4,Very tasty and quick service too
2026-03-05,20:23,Farhan,+91 6038146342,60,Walk-in,Chicken Lollipop (4 pc),No,1,130,karur_kalam,No,0,130,Cash,5,"Vera level taste, oru sight ah irundhuchu"
2026-03-05,19:12,Harish Kumar,+91 9214895134,29,Phone Call,Chicken Lollipop (4 pc),No,1,130,karur_kalam,No,0,130,GPay,3,
2026-03-05,19:35,Priya Kumar,+91 6304407781,57,Phone Call,Chicken Lollipop (4 pc),No,1,130,karur_kalam,No,0,130,PhonePe,5,"Ultimate taste anna, naa daily varen"
2026-03-05,19:43,Kumar K,+91 8541829912,41,Walk-in,Chicken Leg (2 pc),No,1,130,karur_kalam,No,0,130,,5,
2026-03-05,20:31,Iniya Devi,+91 6008224216,,Walk-in,Chicken Lollipop (4 pc),No,2,260,karur_kalam,Yes,26,234,GPay,,"Amazing bbq stall, must try in this area"
2026-03-05,21:45,Iniya Babu,+91 6643171390,18,Phone Call,Chicken Leg (2 pc),No,1,130,karur_kalam,No,0,130,GPay,2,"Too salty, not up to the mark today"
2026-03-05,19:31,Joseph R,+91 8722870322,16,Walk-in,Chicken Lollipop (4 pc),No,1,130,karur_kalam,Yes,13,117,Cash,5,
2026-03-05,20:32,Rajesh Kumar,+91 8339421047,17,Phone Call,Chicken Leg (2 pc),No,2,260,karur_kalam,Yes,26,234,Cash,,"Amazing bbq stall, must try in this area"
2026-03-05,21:54,Aishwarya Raj,+91 9807154516,47,Walk-in,Chicken Lollipop (4 pc),No,1,130,karur_kalam,No,0,130,Cash,,
2026-03-05,19:44,Sivakumar Devi,+91 7867749649,54,Phone Call,Chicken Leg (2 pc),No,1,130,karur_kalam,No,0,130,GPay,5,"Kalakalappa irundhuchu, next time friends oda varen"
2026-03-05,19:56,Prakash,+91 7875099770,,Phone Call,Chicken Leg (2 pc),No,1,130,karur_kalam,Yes,13,117,Paytm,4,
2026-03-05,17:36,Nithya R,+91 7290113860,32,Walk-in,Chicken Leg (2 pc),No,1,130,karur_kalam,No,0,130,Paytm,4,
2026-03-05,19:35,Ravi S,+91 8382944191,31,Phone Call,Chicken Lollipop (4 pc),No,1,130,karur_kalam,No,0,130,GPay,4,
2026-03-05,17:35,Meena Prasad,+91 7341016668,,Phone Call,Chicken Leg (2 pc),No,1,130,karur_kalam,No,0,130,GPay,5,
2026-03-05,20:42,Anand,+91 6993308330,21,Walk-in,Chicken Leg (2 pc),No,1,130,karur_kalam,No,0,130,GPay,4,"Nalla crispy ah irundhuchu, quantity um super"
2026-03-05,19:34,Elango S,+91 8987769453,20,Phone Call,Chicken Leg (2 pc),No,1,130,karur_kalam,No,0,130,GPay,4,"Semma taste bro, chicken romba soft ah irundhuchu"
2026-03-05,19:20,Sowmya Devi,+91 9177115921,23,Phone Call,Chicken Leg (2 pc),No,1,130,karur_kalam,No,0,130,GPay,5,"Best chicken lollipop I've had, will come again"
2026-03-05,20:10,Meena,+91 7606474687,24,Phone Call,Chicken Wings (5 pc),No,1,130,karur_kalam,No,0,130,PhonePe,4,
2026-03-05,22:27,Dhanush K,+91 6574733848,59,Walk-in,Chicken Leg (2 pc),No,2,260,karur_kalam,Yes,26,234,Paytm,5,"Excellent flavour, family panindhalum enjoy pannanga"
2026-03-05,20:19,Senthil Raj,+91 7618324210,25,Walk-in,Chicken Wings (5 pc),No,1,130,karur_kalam,No,0,130,Cash,4,"Great value for money, fresh and hot"
2026-03-05,18:17,Selvam M,+91 7582016301,35,Walk-in,Chicken Wings (5 pc),No,1,130,karur_kalam,No,0,130,Cash,5,"Nalla crispy ah irundhuchu, quantity um super"
2026-03-05,22:51,John Babu,+91 9015430391,,Phone Call,Chicken Leg (2 pc),No,1,130,karur_kalam,No,0,130,PhonePe,,"Vera level taste, oru sight ah irundhuchu"
2026-03-05,19:56,Suresh,+91 7389083863,43,Walk-in,Chicken Wings (5 pc),No,1,130,karur_kalam,Yes,13,117,PhonePe,,"Chicken leg romba soft ah vekachu irundhuchu, super"
2026-03-05,19:54,Joseph M,+91 8931034131,39,Walk-in,Chicken Lollipop (4 pc),No,1,130,karur_kalam,No,0,130,GPay,4,
2026-03-05,18:44,Saravanan,+91 8190496631,52,Walk-in,Chicken Leg (2 pc),No,1,130,karur_kalam,No,0,130,GPay,5,Very tasty and quick service too
2026-03-05,18:11,Prakash S,+91 8021553830,58,Walk-in,Chicken Leg (2 pc),No,1,130,karur_kalam,No,0,130,Cash,4,"Great value for money, fresh and hot"
2026-03-05,20:21,Manoj S,+91 9823004786,49,Phone Call,Chicken Leg (2 pc),No,1,130,karur_kalam,No,0,130,Cash,4,"Ultimate taste anna, naa daily varen"
2026-03-05,20:10,Sathish,+91 6656670106,36,Walk-in,Chicken Wings (5 pc),No,1,130,karur_kalam,No,0,130,PhonePe,,
2026-03-05,19:50,Kumar S,+91 8974776565,52,Walk-in,Chicken Leg (2 pc),No,1,130,karur_kalam,No,0,130,PhonePe,4,
2026-03-05,19:39,Deepa Babu,+91 8527111161,38,Phone Call,Chicken Leg (2 pc),No,1,130,karur_kalam,No,0,130,PhonePe,3,"Average, expected more spice"
2026-03-05,18:21,Vignesh R,+91 7149190586,57,Phone Call,Chicken Wings (5 pc),No,1,130,karur_kalam,No,0,130,PhonePe,4,
2026-03-05,18:23,Gopal K,+91 6974993097,25,Phone Call,Chicken Wings (5 pc),No,1,130,karur_kalam,Yes,13,117,GPay,5,
2026-03-05,19:13,Gowtham Babu,+91 9139718707,23,Phone Call,Chicken Leg (2 pc),No,1,130,karur_kalam,No,0,130,PhonePe,4,"Wings semma crispy ah irundhuchu, thanks anna"
2026-03-05,20:49,Anitha S,+91 6957947581,56,Walk-in,Chicken Leg (2 pc),No,1,130,karur_kalam,No,0,130,Cash,2,"Quantity kammiya kudutanga, not worth the price"
2026-03-05,21:16,Prakash Raj,+91 7292127799,43,Phone Call,Chicken Lollipop (4 pc),No,1,130,karur_kalam,Yes,13,117,GPay,4,"Ultimate taste anna, naa daily varen"
2026-03-05,22:23,Rajesh Kumar,+91 8339421047,17,Phone Call,Chicken Wings (5 pc),No,2,260,karur_kalam,No,0,260,GPay,4,
2026-03-05,21:11,Arun,+91 6759001706,44,Walk-in,Chicken Lollipop (4 pc),No,1,130,karur_kalam,No,0,130,GPay,5,"Ultimate taste anna, naa daily varen"
2026-03-05,19:08,Ayesha Kumar,+91 9763536735,58,Walk-in,Chicken Wings (5 pc),No,1,130,karur_kalam,No,0,130,GPay,5,
2026-03-05,19:54,,+91 7449353487,,Walk-in,Chicken Leg (2 pc),No,1,130,karur_kalam,No,0,130,Cash,4,"Super spicy and juicy, best bbq in area"
2026-03-05,20:53,Senthil Babu,+91 9967148030,57,Walk-in,Chicken Leg (2 pc),No,1,130,karur_kalam,Yes,13,117,Cash,4,"Kalakalappa irundhuchu, next time friends oda varen"
2026-03-05,21:04,Yazhini Devi,+91 7794128866,52,Walk-in,Chicken Wings (5 pc),No,1,130,karur_kalam,Yes,13,117,Cash,5,"Freshly grilled and juicy, highly recommend"
2026-03-05,21:55,Lakshmi,+91 9449251925,34,Phone Call,Chicken Leg (2 pc),No,1,130,karur_kalam,No,0,130,PhonePe,4,Very tasty and quick service too
2026-03-05,17:49,Arun Kumar,+91 7675869261,46,Phone Call,Chicken Wings (5 pc),No,1,130,karur_kalam,No,0,130,Cash,4,"Vera level taste, oru sight ah irundhuchu"
2026-03-05,20:44,Joseph M,+91 8931034131,39,Phone Call,Chicken Wings (5 pc),No,2,260,karur_kalam,No,0,260,PhonePe,3,
2026-03-05,18:13,Aishwarya,+91 8622014833,30,Walk-in,Chicken Lollipop (4 pc),No,1,130,karur_kalam,No,0,130,Cash,5,
2026-03-05,20:30,Karthik R,+91 9603859770,28,Phone Call,Chicken Lollipop (4 pc),No,2,260,karur_kalam,No,0,260,Card,,
2026-03-05,18:06,Joseph,+91 6433218196,17,Phone Call,Chicken Lollipop (4 pc),No,1,130,karur_kalam,No,0,130,PhonePe,,
2026-03-05,17:45,Arun S,+91 9930326456,,Walk-in,Chicken Lollipop (4 pc),No,1,130,karur_kalam,No,0,130,Cash,4,"Super spicy and juicy, best bbq in area"
2026-03-06,22:09,Sivakumar Prasad,+91 6342519701,50,Walk-in,Chicken Lollipop (4 pc),No,2,260,karur_kalam,Yes,26,234,Cash,5,
2026-03-06,19:17,Kumar,+91 7625260221,42,Walk-in,Chicken Lollipop (4 pc),No,1,130,karur_kalam,No,0,130,,5,"Semma taste bro, chicken romba soft ah irundhuchu"
2026-03-06,18:56,Naveen Kumar,+91 6065735174,36,Walk-in,Chicken Lollipop (4 pc),No,1,130,karur_kalam,No,0,130,PhonePe,,"Best chicken lollipop I've had, will come again"
2026-03-06,20:37,Kalaivani,+91 6699016272,18,Phone Call,Chicken Lollipop (4 pc),No,1,130,karur_kalam,Yes,13,117,GPay,4,"Excellent flavour, family panindhalum enjoy pannanga"
2026-03-06,17:36,Swathi S,+91 7554665905,,Phone Call,Chicken Lollipop (4 pc),No,2,260,karur_kalam,No,0,260,GPay,3,"Not bad, but waiting time konjam adhigama irundhuchu"
2026-03-06,19:15,Anitha Kumar,+91 8024026811,45,Phone Call,Chicken Wings (5 pc),No,1,130,karur_kalam,No,0,130,GPay,5,
2026-03-06,19:41,Rajesh,+91 6818835523,21,Walk-in,Chicken Wings (5 pc),No,1,130,karur_kalam,No,0,130,Cash,4,"Semma taste bro, chicken romba soft ah irundhuchu"
2026-03-06,19:53,Harish M,+91 8527177449,,Walk-in,Chicken Wings (5 pc),No,1,130,karur_kalam,No,0,130,GPay,,"Too salty, not up to the mark today"
2026-03-06,19:55,Elango Kumar,+91 6469901398,28,Phone Call,Chicken Leg (2 pc),No,2,260,karur_kalam,Yes,26,234,Cash,4,
2026-03-06,21:57,Kumar M,+91 7622444721,25,Walk-in,Chicken Lollipop (4 pc),No,2,260,karur_kalam,No,0,260,GPay,4,"Loved the combo, perfect spice level"
2026-03-06,19:21,Kumar R,+91 8569092755,43,Walk-in,Chicken Leg (2 pc),No,1,130,karur_kalam,No,0,130,GPay,,"Loved the combo, perfect spice level"
2026-03-06,17:32,Anand S,+91 7477109324,50,Walk-in,Chicken Lollipop (4 pc),No,1,130,karur_kalam,No,0,130,Cash,,"Freshly grilled and juicy, highly recommend"
2026-03-06,21:04,Prakash Prasad,+91 8687833918,43,Phone Call,Chicken Leg (2 pc),No,1,130,karur_kalam,No,0,130,PhonePe,,"Amazing bbq stall, must try in this area"
2026-03-06,21:28,Revathi Prasad,+91 9795703996,24,Walk-in,Chicken Leg (2 pc),No,1,130,karur_kalam,No,0,130,PhonePe,4,"Ultimate taste anna, naa daily varen"
2026-03-06,22:41,Pradeep Prasad,+91 6430305486,49,Phone Call,Chicken Lollipop (4 pc),No,2,260,karur_kalam,No,0,260,GPay,3,"It was fine, nothing special"
2026-03-06,19:22,Selvam,+91 7993446060,39,Walk-in,Chicken Leg (2 pc),No,1,130,karur_kalam,No,0,130,Paytm,5,
2026-03-06,17:24,Ramesh Raj,+91 9584044997,24,Phone Call,Chicken Leg (2 pc),No,1,130,karur_kalam,Yes,13,117,PhonePe,,"Best chicken lollipop I've had, will come again"
2026-03-06,17:10,Murugan S,+91 7449353487,31,Phone Call,Chicken Leg (2 pc),No,1,130,karur_kalam,Yes,13,117,GPay,4,Very tasty and quick service too
2026-03-06,18:07,Nithya Raj,+91 7550786887,49,Walk-in,Chicken Leg (2 pc),No,1,130,karur_kalam,No,0,130,GPay,5,"Semma taste bro, chicken romba soft ah irundhuchu"
2026-03-06,19:36,Dinesh M,+91 7879872873,59,Walk-in,Chicken Lollipop (4 pc),No,1,130,karur_kalam,Yes,13,117,Cash,5,Very tasty and quick service too
2026-03-06,19:44,Ravi Devi,+91 8375564641,45,Walk-in,Chicken Lollipop (4 pc),No,1,130,karur_kalam,No,0,130,Cash,,"Excellent flavour, family panindhalum enjoy pannanga"
2026-03-06,21:31,Anand Prasad,+91 8255341928,30,Phone Call,Chicken Lollipop (4 pc),No,1,130,karur_kalam,Yes,13,117,Cash,,"It was fine, nothing special"
2026-03-06,19:55,John S,+91 6693406088,58,Phone Call,Chicken Wings (5 pc),No,1,130,karur_kalam,No,0,130,GPay,5,"Semma taste bro, chicken romba soft ah irundhuchu"
2026-03-06,20:31,Revathi Raj,+91 8203607854,,Walk-in,Chicken Wings (5 pc),No,1,130,karur_kalam,No,0,130,Card,,"Best chicken lollipop I've had, will come again"
2026-03-06,17:06,Ravi Babu,+91 9923267148,36,Walk-in,Chicken Lollipop (4 pc),No,1,130,karur_kalam,No,0,130,Cash,3,
2026-03-06,19:15,Arun Kumar,+91 7387262473,19,Walk-in,Chicken Wings (5 pc),No,1,130,karur_kalam,No,0,130,PhonePe,2,"Quantity kammiya kudutanga, not worth the price"
2026-03-06,20:01,Sivakumar Prasad,+91 8829158551,19,Walk-in,Chicken Lollipop (4 pc),No,1,130,karur_kalam,No,0,130,Cash,3,"Taste romba pramadham illa, sagalama irundhuchu"
2026-03-06,22:50,Manoj Raj,+91 9396262591,,Walk-in,Chicken Leg (2 pc),No,2,260,karur_kalam,No,0,260,GPay,4,"Super spicy and juicy, best bbq in area"
2026-03-06,22:55,Elango S,+91 9872774348,46,Phone Call,Chicken Leg (2 pc),No,1,130,karur_kalam,No,0,130,Cash,4,
2026-03-06,20:53,Anand M,+91 8698478961,59,Phone Call,Chicken Wings (5 pc),No,1,130,karur_kalam,No,0,130,PhonePe,5,"Best chicken lollipop I've had, will come again"
2026-03-06,20:46,Muthu Devi,+91 6983584168,43,Phone Call,Chicken Lollipop (4 pc),No,2,260,karur_kalam,No,0,260,Paytm,4,"Ultimate taste anna, naa daily varen"
2026-03-06,22:53,Elango Devi,+91 9837770143,40,Phone Call,Chicken Wings (5 pc),No,1,130,karur_kalam,No,0,130,,3,"Average, expected more spice"
2026-03-06,21:03,Sowmya Kumar,+91 8403317393,40,Phone Call,Chicken Leg (2 pc),No,2,260,karur_kalam,No,0,260,GPay,2,
2026-03-06,21:13,Sivakumar Prasad,+91 7264147569,,Walk-in,Chicken Wings (5 pc),No,1,130,karur_kalam,No,0,130,,5,"Excellent flavour, family panindhalum enjoy pannanga"
2026-03-06,19:26,John R,+91 9480162456,38,Phone Call,Chicken Leg (2 pc),No,1,130,karur_kalam,No,0,130,GPay,5,
2026-03-06,21:25,Elango S,+91 9872774348,,Phone Call,Chicken Lollipop (4 pc),No,2,260,karur_kalam,No,0,260,GPay,5,"Nalla crispy ah irundhuchu, quantity um super"
2026-03-06,17:58,,+91 9476144278,46,Walk-in,Chicken Wings (5 pc),No,1,130,karur_kalam,No,0,130,GPay,,
2026-03-06,21:37,Murugan,+91 9754939343,58,Walk-in,Chicken Leg (2 pc),No,1,130,karur_kalam,No,0,130,Cash,4,
2026-03-06,18:59,Farhan Devi,+91 9416052975,20,Phone Call,Chicken Leg (2 pc),No,1,130,karur_kalam,No,0,130,Paytm,5,
2026-03-06,19:04,Deepa Raj,+91 6224740985,27,Walk-in,Chicken Leg (2 pc),No,1,130,karur_kalam,No,0,130,Cash,4,
2026-03-06,21:17,Ravi K,+91 7054932966,47,Phone Call,Chicken Lollipop (4 pc),No,1,130,karur_kalam,Yes,13,117,GPay,,
2026-03-06,21:04,Harish Raj,+91 8641199255,20,Walk-in,Chicken Wings (5 pc),No,2,260,karur_kalam,Yes,26,234,Paytm,4,Very tasty and quick service too
2026-03-06,21:30,Anand,+91 6993308330,21,Phone Call,Chicken Lollipop (4 pc),No,1,130,karur_kalam,No,0,130,Cash,5,"Amazing bbq stall, must try in this area"
2026-03-06,19:45,Meena Devi,+91 7282463061,41,Walk-in,Chicken Wings (5 pc),No,2,260,karur_kalam,Yes,26,234,GPay,,"Freshly grilled and juicy, highly recommend"
2026-03-06,22:01,Priya,+91 8205986856,53,Walk-in,Chicken Leg (2 pc),No,1,130,karur_kalam,No,0,130,Cash,5,"Vera level taste, oru sight ah irundhuchu"
2026-03-07,20:32,Kumar Kumar,+91 6190790306,,Phone Call,Chicken Wings (5 pc),No,1,130,karur_kalam,No,0,130,GPay,3,"Okay okay taste, but konjam salt adhigama irundhuchu"
2026-03-07,17:22,Meena R,+91 6638816878,37,Walk-in,Chicken Wings (5 pc),No,1,130,karur_kalam,Yes,13,117,Paytm,5,"Great value for money, fresh and hot"
2026-03-07,21:10,Vignesh Devi,+91 9632016328,44,Walk-in,Chicken Lollipop (4 pc),No,1,130,karur_kalam,No,0,130,Paytm,3,
2026-03-07,21:49,Deepa,+91 7696816453,,Phone Call,Chicken Wings (5 pc),No,1,130,karur_kalam,No,0,130,GPay,,
2026-03-07,22:38,Nithya Devi,+91 6251778528,55,Walk-in,Chicken Lollipop (4 pc),No,2,260,karur_kalam,No,0,260,Cash,5,"Great value for money, fresh and hot"
2026-03-07,17:35,Prakash R,+91 7691669784,50,Phone Call,Chicken Lollipop (4 pc),No,1,130,karur_kalam,No,0,130,GPay,4,"Excellent flavour, family panindhalum enjoy pannanga"
2026-03-07,22:05,Prakash Devi,+91 7689702838,,Walk-in,Chicken Wings (5 pc),No,1,130,karur_kalam,No,0,130,Cash,4,
2026-03-07,18:30,Rajesh Kumar,+91 8339421047,17,Walk-in,Chicken Lollipop (4 pc),No,1,130,karur_kalam,No,0,130,PhonePe,5,
2026-03-07,19:30,Sowmya Raj,+91 6345054156,40,Phone Call,Chicken Lollipop (4 pc),No,1,130,karur_kalam,No,0,130,Cash,4,
2026-03-07,19:37,,+91 7675869261,46,Walk-in,Chicken Lollipop (4 pc),No,1,130,karur_kalam,No,0,130,Cash,4,"Great value for money, fresh and hot"
2026-03-07,18:50,Vijay Kumar,+91 9506068536,,Walk-in,Chicken Lollipop (4 pc),No,1,130,karur_kalam,No,0,130,Cash,3,
2026-03-07,17:44,,+91 9603859770,28,Phone Call,Chicken Leg (2 pc),No,1,130,karur_kalam,No,0,130,GPay,3,"Not bad, but waiting time konjam adhigama irundhuchu"
2026-03-07,20:51,Kumar Kumar,+91 6190790306,43,Phone Call,Chicken Wings (5 pc),No,1,130,karur_kalam,No,0,130,GPay,4,"Loved the combo, perfect spice level"
2026-03-07,19:23,Dinesh S,+91 7465787133,19,Walk-in,Chicken Leg (2 pc),No,1,130,karur_kalam,Yes,13,117,Paytm,3,"Okay okay taste, but konjam salt adhigama irundhuchu"
2026-03-07,20:31,Swathi M,+91 6418280516,40,Walk-in,Chicken Wings (5 pc),No,1,130,karur_kalam,No,0,130,Cash,5,
2026-03-07,20:51,Ravi Devi,+91 8375564641,45,Walk-in,Chicken Leg (2 pc),No,1,130,karur_kalam,No,0,130,Cash,4,
2026-03-07,21:58,Ravi K,+91 7488631373,44,Walk-in,Chicken Wings (5 pc),No,1,130,karur_kalam,Yes,13,117,PhonePe,,"Best chicken lollipop I've had, will come again"
2026-03-07,21:08,Ravi,+91 7960610471,47,Walk-in,Chicken Lollipop (4 pc),No,1,130,karur_kalam,No,0,130,GPay,5,"Chicken leg romba soft ah vekachu irundhuchu, super"
2026-03-07,17:48,Nithya S,+91 7634351751,49,Walk-in,Chicken Leg (2 pc),No,1,130,karur_kalam,No,0,130,Cash,3,"Okay okay taste, but konjam salt adhigama irundhuchu"
2026-03-07,21:57,Lakshmi,+91 7251790447,17,Walk-in,Chicken Wings (5 pc),No,1,130,karur_kalam,No,0,130,PhonePe,4,"Ultimate taste anna, naa daily varen"
2026-03-07,19:08,Suresh K,+91 6531003309,24,Phone Call,Chicken Wings (5 pc),No,1,130,karur_kalam,Yes,13,117,GPay,5,"Great value for money, fresh and hot"
2026-03-07,18:47,Kalaivani K,+91 8033744999,48,Walk-in,Chicken Leg (2 pc),No,1,130,karur_kalam,No,0,130,Cash,,"Best chicken lollipop I've had, will come again"
2026-03-07,18:04,Divya K,+91 7185016315,,Phone Call,Chicken Wings (5 pc),No,2,260,karur_kalam,No,0,260,GPay,4,"Wings semma crispy ah irundhuchu, thanks anna"
2026-03-07,20:18,Swathi,+91 6812191361,51,Phone Call,Chicken Lollipop (4 pc),No,2,260,karur_kalam,No,0,260,PhonePe,,"Konjam over cooked ah irundhuchu, disappointed"
2026-03-07,17:00,Suresh,+91 8748679486,55,Walk-in,Chicken Lollipop (4 pc),No,1,130,karur_kalam,No,0,130,Cash,,
2026-03-07,18:30,Prakash Raj,+91 7292127799,43,Phone Call,Chicken Lollipop (4 pc),No,2,260,karur_kalam,Yes,26,234,PhonePe,3,
2026-03-07,17:39,Arun Kumar,+91 7387262473,19,Phone Call,Chicken Leg (2 pc),No,1,130,karur_kalam,No,0,130,Cash,4,
2026-03-07,20:43,Anitha Babu,+91 9743338496,59,Walk-in,Chicken Lollipop (4 pc),No,1,130,karur_kalam,No,0,130,Card,4,
2026-03-07,20:09,Naveen M,+91 7665361977,30,Walk-in,Chicken Lollipop (4 pc),No,2,260,karur_kalam,Yes,26,234,PhonePe,4,"Ultimate taste anna, naa daily varen"
2026-03-07,21:35,Muthu Babu,+91 6455623869,,Walk-in,Chicken Leg (2 pc),No,1,130,karur_kalam,No,0,130,GPay,4,
2026-03-07,20:07,Anand M,+91 7179670605,38,Walk-in,Chicken Wings (5 pc),No,2,260,karur_kalam,No,0,260,Cash,3,Quantity konjam kammiya irundhuchu but taste okay
2026-03-07,19:00,Fathima M,+91 7546463989,43,Phone Call,Chicken Lollipop (4 pc),No,1,130,karur_kalam,Yes,13,117,PhonePe,5,"Freshly grilled and juicy, highly recommend"
2026-03-07,21:50,Arun K,+91 9692552905,16,Walk-in,Chicken Lollipop (4 pc),No,1,130,karur_kalam,No,0,130,GPay,3,
2026-03-07,20:32,Swathi Devi,+91 6447394731,23,Walk-in,Chicken Lollipop (4 pc),No,1,130,karur_kalam,No,0,130,PhonePe,4,Very tasty and quick service too
2026-03-07,21:39,John S,+91 6693406088,58,Walk-in,Chicken Lollipop (4 pc),No,1,130,karur_kalam,No,0,130,Card,3,
2026-03-07,18:08,Ramesh,+91 8481773655,41,Walk-in,Chicken Lollipop (4 pc),No,1,130,karur_kalam,Yes,13,117,GPay,3,
2026-03-07,18:16,Gopal Babu,+91 7293183933,,Walk-in,Chicken Lollipop (4 pc),No,1,130,karur_kalam,Yes,13,117,Cash,5,"Kalakalappa irundhuchu, next time friends oda varen"
2026-03-07,18:50,Pradeep K,+91 7583132370,38,Walk-in,Chicken Lollipop (4 pc),No,1,130,karur_kalam,Yes,13,117,PhonePe,,"Wings semma crispy ah irundhuchu, thanks anna"
2026-03-07,19:58,,+91 9712693794,53,Walk-in,Chicken Wings (5 pc),No,1,130,karur_kalam,No,0,130,Paytm,4,"Chicken leg romba soft ah vekachu irundhuchu, super"
2026-03-07,21:56,Manoj S,+91 9823004786,49,Phone Call,Chicken Leg (2 pc),No,1,130,karur_kalam,No,0,130,GPay,,
2026-03-07,19:22,Ravi K,+91 7054932966,47,Phone Call,Chicken Wings (5 pc),No,1,130,karur_kalam,No,0,130,PhonePe,,"Loved the combo, perfect spice level"
2026-03-07,21:17,,+91 7992299590,16,Walk-in,Chicken Wings (5 pc),No,1,130,karur_kalam,Yes,13,117,Cash,,
2026-03-07,21:11,Prakash Prasad,+91 8687833918,43,Phone Call,Chicken Leg (2 pc),No,1,130,karur_kalam,Yes,13,117,Cash,3,
2026-03-07,18:25,Gopal M,+91 7957955192,31,Walk-in,Chicken Leg (2 pc),No,1,130,karur_kalam,No,0,130,GPay,4,"Super spicy and juicy, best bbq in area"
2026-03-07,18:10,Arun,+91 7584233008,17,Walk-in,Chicken Wings (5 pc),No,1,130,karur_kalam,No,0,130,GPay,5,
2026-03-07,18:04,Gowtham,+91 6788312736,37,Walk-in,Chicken Leg (2 pc),No,1,130,karur_kalam,No,0,130,Cash,4,"Great value for money, fresh and hot"
2026-03-07,22:02,Deepa R,+91 7796365129,,Walk-in,Chicken Wings (5 pc),No,1,130,karur_kalam,No,0,130,Paytm,,"It was fine, nothing special"
2026-03-07,18:15,,+91 8714345581,23,Phone Call,Chicken Wings (5 pc),No,1,130,karur_kalam,No,0,130,Card,2,"Too salty, not up to the mark today"
2026-03-07,19:57,Joseph Raj,+91 7753916928,16,Walk-in,Chicken Leg (2 pc),No,1,130,karur_kalam,No,0,130,Cash,3,
2026-03-07,22:24,Karthik M,+91 8777520471,19,Walk-in,Chicken Leg (2 pc),No,1,130,karur_kalam,No,0,130,Cash,2,"Waiting time mikka adhigama irundhuchu, service slow"
2026-03-07,17:52,Lakshmi S,+91 6151764296,,Walk-in,Chicken Leg (2 pc),No,1,130,karur_kalam,No,0,130,Cash,2,"Too salty, not up to the mark today"
2026-03-07,20:35,Vignesh Devi,+91 9632016328,44,Walk-in,Chicken Leg (2 pc),No,1,130,karur_kalam,No,0,130,Cash,,"Kalakalappa irundhuchu, next time friends oda varen"
2026-03-07,20:53,Vignesh K,+91 8762539501,20,Walk-in,Chicken Leg (2 pc),No,2,260,karur_kalam,Yes,26,234,Cash,4,
2026-03-07,22:57,Ramesh Prasad,+91 7715518844,25,Phone Call,Chicken Leg (2 pc),No,2,260,karur_kalam,Yes,26,234,GPay,4,"Vera level taste, oru sight ah irundhuchu"
2026-03-07,17:43,Bala,+91 7554592055,51,Walk-in,Chicken Leg (2 pc),No,1,130,karur_kalam,No,0,130,Card,4,"Loved the combo, perfect spice level"
2026-03-08,22:00,Elango K,+91 7561595148,34,Phone Call,Chicken Lollipop (4 pc),No,1,130,karur_kalam,No,0,130,Cash,4,
2026-03-08,20:56,Gowtham,+91 6336896008,27,Walk-in,Chicken Wings (5 pc),No,2,260,karur_kalam,No,0,260,GPay,4,
2026-03-08,21:56,Murugan,+91 7997992715,,Walk-in,Chicken Lollipop (4 pc),No,1,130,karur_kalam,No,0,130,GPay,2,"Too salty, not up to the mark today"
2026-03-08,20:18,Fathima M,+91 9818439763,18,Walk-in,Chicken Leg (2 pc),No,1,130,karur_kalam,No,0,130,GPay,5,"Semma taste bro, chicken romba soft ah irundhuchu"
2026-03-08,19:22,Yazhini Raj,+91 8410769262,39,Walk-in,Chicken Leg (2 pc),No,1,130,karur_kalam,No,0,130,Cash,,"Vera level taste, oru sight ah irundhuchu"
2026-03-08,21:47,Rajesh Raj,+91 9886239240,56,Phone Call,Chicken Wings (5 pc),No,1,130,karur_kalam,No,0,130,PhonePe,,
2026-03-08,20:06,Harish Prasad,+91 8681678434,58,Walk-in,Chicken Lollipop (4 pc),No,1,130,karur_kalam,Yes,13,117,Card,5,"Kalakalappa irundhuchu, next time friends oda varen"
2026-03-08,18:37,Sathish Babu,+91 6078836922,27,Walk-in,Chicken Lollipop (4 pc),No,2,260,karur_kalam,No,0,260,Cash,5,"Great value for money, fresh and hot"
2026-03-08,19:12,Abdul Kareem K,+91 7734670656,25,Phone Call,Chicken Leg (2 pc),No,1,130,karur_kalam,No,0,130,PhonePe,,"Nalla crispy ah irundhuchu, quantity um super"
2026-03-08,18:30,Pradeep Kumar,+91 8160607159,,Walk-in,Chicken Leg (2 pc),No,1,130,karur_kalam,No,0,130,Card,,
2026-03-08,22:09,Ravi K,+91 7054932966,47,Phone Call,Chicken Wings (5 pc),No,2,260,karur_kalam,No,0,260,Card,,"Kalakalappa irundhuchu, next time friends oda varen"
2026-03-08,21:07,Revathi S,+91 9558867533,51,Phone Call,Chicken Lollipop (4 pc),No,1,130,karur_kalam,No,0,130,PhonePe,,
2026-03-08,21:06,Sathish Kumar,+91 8843443757,37,Phone Call,Chicken Lollipop (4 pc),No,2,260,karur_kalam,No,0,260,Cash,5,"Chicken leg romba soft ah vekachu irundhuchu, super"
2026-03-08,19:51,John Raj,+91 8198327315,50,Walk-in,Chicken Leg (2 pc),No,1,130,karur_kalam,No,0,130,Cash,4,"Freshly grilled and juicy, highly recommend"
2026-03-08,22:13,Suresh,+91 7389083863,43,Phone Call,Chicken Wings (5 pc),No,1,130,karur_kalam,No,0,130,PhonePe,4,"Excellent flavour, family panindhalum enjoy pannanga"
2026-03-08,21:25,Karthik Devi,+91 9974034471,58,Phone Call,Chicken Lollipop (4 pc),No,1,130,karur_kalam,No,0,130,PhonePe,4,"Semma taste bro, chicken romba soft ah irundhuchu"
2026-03-08,20:11,Prakash,+91 9550617906,56,Walk-in,Chicken Leg (2 pc),No,1,130,karur_kalam,No,0,130,Paytm,4,"Amazing bbq stall, must try in this area"
2026-03-08,20:12,Nithya Devi,+91 6251778528,55,Walk-in,Chicken Lollipop (4 pc),No,1,130,karur_kalam,No,0,130,PhonePe,3,
2026-03-08,17:11,Sivakumar,+91 7986800025,45,Walk-in,Chicken Lollipop (4 pc),No,1,130,karur_kalam,No,0,130,Cash,3,Quantity konjam kammiya irundhuchu but taste okay
2026-03-08,20:34,Sivakumar R,+91 8902787429,,Walk-in,Chicken Lollipop (4 pc),No,1,130,karur_kalam,No,0,130,GPay,5,
2026-03-08,22:26,,+91 6974993097,25,Walk-in,Chicken Lollipop (4 pc),No,1,130,karur_kalam,No,0,130,Cash,5,
2026-03-08,20:52,Sivakumar,+91 7856543102,46,Phone Call,Chicken Wings (5 pc),No,1,130,karur_kalam,No,0,130,Cash,5,"Vera level taste, oru sight ah irundhuchu"
2026-03-08,20:30,Meena Prasad,+91 7341016668,45,Walk-in,Chicken Wings (5 pc),No,1,130,karur_kalam,No,0,130,GPay,3,"Decent taste, price sari than"
2026-03-08,19:03,John Raj,+91 9577706129,47,Walk-in,Chicken Wings (5 pc),No,1,130,karur_kalam,No,0,130,,4,"Amazing bbq stall, must try in this area"
2026-03-08,17:53,Ravi,+91 9005371860,36,Walk-in,Chicken Lollipop (4 pc),No,1,130,karur_kalam,No,0,130,PhonePe,5,"Excellent flavour, family panindhalum enjoy pannanga"
2026-03-08,19:35,Swathi Devi,+91 6447394731,23,Walk-in,Chicken Leg (2 pc),No,1,130,karur_kalam,No,0,130,PhonePe,5,"Amazing bbq stall, must try in this area"
2026-03-08,17:28,Joseph M,+91 8931034131,39,Phone Call,Chicken Leg (2 pc),No,1,130,karur_kalam,Yes,13,117,,4,
2026-03-08,19:09,Kavya,+91 6771074043,29,Walk-in,Chicken Lollipop (4 pc),No,1,130,karur_kalam,No,0,130,GPay,,
2026-03-08,21:31,Ravi K,+91 9965328710,,Walk-in,Chicken Wings (5 pc),No,1,130,karur_kalam,No,0,130,GPay,4,"Semma taste bro, chicken romba soft ah irundhuchu"
2026-03-08,18:43,Rajesh Kumar,+91 8339421047,17,Phone Call,Chicken Wings (5 pc),No,1,130,karur_kalam,No,0,130,Paytm,4,
2026-03-08,20:48,Kavya M,+91 9475396597,34,Walk-in,Chicken Lollipop (4 pc),No,1,130,karur_kalam,No,0,130,GPay,,"Great value for money, fresh and hot"
2026-03-08,21:05,Elango Kumar,+91 6469901398,28,Phone Call,Chicken Leg (2 pc),No,1,130,karur_kalam,No,0,130,PhonePe,4,"Semma taste bro, chicken romba soft ah irundhuchu"
2026-03-08,20:24,Yazhini R,+91 9582029702,19,Walk-in,Chicken Leg (2 pc),No,1,130,karur_kalam,No,0,130,Cash,5,"Loved the combo, perfect spice level"
2026-03-08,19:25,Kalaivani Raj,+91 6584968814,32,Walk-in,Chicken Wings (5 pc),No,1,130,karur_kalam,No,0,130,PhonePe,,"Konjam over cooked ah irundhuchu, disappointed"
2026-03-08,19:28,,+91 9471027677,28,Walk-in,Chicken Leg (2 pc),No,1,130,karur_kalam,No,0,130,PhonePe,4,
2026-03-08,19:27,Gopal Prasad,+91 7400499154,44,Walk-in,Chicken Wings (5 pc),No,1,130,karur_kalam,No,0,130,GPay,,"Chicken leg romba soft ah vekachu irundhuchu, super"
2026-03-08,20:46,Vidya Raj,+91 7474517123,58,Phone Call,Chicken Wings (5 pc),No,1,130,karur_kalam,No,0,130,Cash,4,
2026-03-08,18:39,Ravi,+91 8972055482,51,Walk-in,Chicken Leg (2 pc),No,1,130,karur_kalam,No,0,130,GPay,5,"Loved the combo, perfect spice level"
2026-03-08,22:30,Dinesh,+91 8451076226,49,Phone Call,Chicken Lollipop (4 pc),No,1,130,karur_kalam,No,0,130,Paytm,2,
2026-03-09,22:27,,+91 8740748217,37,Phone Call,Chicken Lollipop (4 pc),No,1,130,karur_kalam,No,0,130,PhonePe,5,"Great value for money, fresh and hot"
2026-03-09,18:00,Sivakumar R,+91 8902787429,42,Phone Call,Chicken Leg (2 pc),No,2,260,karur_kalam,No,0,260,Paytm,4,"Loved the combo, perfect spice level"
2026-03-09,19:38,Deepa,+91 9519346389,16,Phone Call,Chicken Lollipop (4 pc),No,1,130,karur_kalam,Yes,13,117,GPay,5,"Chicken leg romba soft ah vekachu irundhuchu, super"
2026-03-09,17:51,Manoj S,+91 6801006231,60,Phone Call,Chicken Leg (2 pc),No,2,260,karur_kalam,No,0,260,PhonePe,5,"Kalakalappa irundhuchu, next time friends oda varen"
2026-03-09,17:26,Senthil,+91 9022743303,43,Walk-in,Chicken Wings (5 pc),No,1,130,karur_kalam,No,0,130,Paytm,3,"It was fine, nothing special"
2026-03-09,20:00,Kalaivani,+91 6699016272,18,Walk-in,Chicken Leg (2 pc),No,2,260,karur_kalam,No,0,260,Cash,5,"Super spicy and juicy, best bbq in area"
2026-03-09,19:14,Ayesha Babu,+91 6718702621,45,Phone Call,Chicken Leg (2 pc),No,2,260,karur_kalam,No,0,260,GPay,4,"Ultimate taste anna, naa daily varen"
2026-03-09,21:33,Harish S,+91 7521288669,17,Walk-in,Chicken Wings (5 pc),No,1,130,karur_kalam,No,0,130,,4,"Ultimate taste anna, naa daily varen"
2026-03-09,20:35,Harish Kumar,+91 9214895134,29,Phone Call,Chicken Leg (2 pc),No,1,130,karur_kalam,Yes,13,117,Cash,3,"Average, expected more spice"
2026-03-09,21:30,Meena,+91 7018366752,38,Walk-in,Chicken Lollipop (4 pc),No,2,260,karur_kalam,No,0,260,GPay,4,"Vera level taste, oru sight ah irundhuchu"
2026-03-09,22:30,Rajesh,+91 6818835523,,Walk-in,Chicken Leg (2 pc),No,1,130,karur_kalam,No,0,130,Cash,5,"Kalakalappa irundhuchu, next time friends oda varen"
2026-03-09,21:48,Dinesh Devi,+91 9909670546,41,Walk-in,Chicken Leg (2 pc),No,2,260,karur_kalam,No,0,260,GPay,4,
2026-03-09,21:03,Sivakumar,+91 7986800025,45,Phone Call,Chicken Wings (5 pc),No,2,260,karur_kalam,Yes,26,234,PhonePe,5,"Chicken leg romba soft ah vekachu irundhuchu, super"
2026-03-09,18:35,Lakshmi,+91 7930103105,19,Phone Call,Chicken Leg (2 pc),No,1,130,karur_kalam,No,0,130,PhonePe,,"Best chicken lollipop I've had, will come again"
2026-03-09,20:50,,+91 8191088398,24,Walk-in,Chicken Wings (5 pc),No,1,130,karur_kalam,No,0,130,Cash,,"Great value for money, fresh and hot"
2026-03-09,20:55,John S,+91 9798079359,45,Walk-in,Chicken Lollipop (4 pc),No,1,130,karur_kalam,No,0,130,,4,"Super spicy and juicy, best bbq in area"
2026-03-09,19:34,Lakshmi Devi,+91 6448467332,60,Walk-in,Chicken Leg (2 pc),No,1,130,karur_kalam,No,0,130,,5,"Kalakalappa irundhuchu, next time friends oda varen"
2026-03-09,22:26,Vijay,+91 8396907844,45,Phone Call,Chicken Lollipop (4 pc),No,2,260,karur_kalam,No,0,260,PhonePe,4,"Chicken leg romba soft ah vekachu irundhuchu, super"
2026-03-09,18:46,Revathi Raj,+91 8499045301,,Phone Call,Chicken Wings (5 pc),No,1,130,karur_kalam,Yes,13,117,Cash,5,"Best chicken lollipop I've had, will come again"
2026-03-09,20:01,Lakshmi M,+91 7555625881,35,Phone Call,Chicken Wings (5 pc),No,1,130,karur_kalam,Yes,13,117,Cash,5,"Excellent flavour, family panindhalum enjoy pannanga"
2026-03-09,21:04,Anand M,+91 8698478961,59,Phone Call,Chicken Wings (5 pc),No,1,130,karur_kalam,No,0,130,Cash,3,"It was fine, nothing special"
2026-03-09,21:05,Yazhini Raj,+91 8759599550,36,Walk-in,Chicken Leg (2 pc),No,1,130,karur_kalam,No,0,130,Cash,5,"Kalakalappa irundhuchu, next time friends oda varen"
2026-03-09,21:03,Vignesh Devi,+91 9632016328,44,Phone Call,Chicken Wings (5 pc),No,1,130,karur_kalam,No,0,130,GPay,3,Quantity konjam kammiya irundhuchu but taste okay
2026-03-09,20:45,Sathish,+91 6656670106,36,Walk-in,Chicken Lollipop (4 pc),No,1,130,karur_kalam,No,0,130,Paytm,,
2026-03-09,22:50,Sowmya R,+91 9947308824,18,Walk-in,Chicken Leg (2 pc),No,1,130,karur_kalam,No,0,130,Cash,5,"Freshly grilled and juicy, highly recommend"
2026-03-09,17:01,Deepa Kumar,+91 8094121805,60,Walk-in,Chicken Leg (2 pc),No,1,130,karur_kalam,No,0,130,GPay,3,"Decent taste, price sari than"
2026-03-09,20:43,Prakash Babu,+91 8601891134,29,Walk-in,Chicken Wings (5 pc),No,1,130,karur_kalam,No,0,130,Cash,4,"Great value for money, fresh and hot"
2026-03-09,20:56,,+91 9603859770,,Walk-in,Chicken Leg (2 pc),No,1,130,karur_kalam,No,0,130,PhonePe,3,"Okay okay taste, but konjam salt adhigama irundhuchu"
2026-03-09,20:33,Ramesh Raj,+91 9584044997,24,Phone Call,Chicken Lollipop (4 pc),No,1,130,karur_kalam,No,0,130,Cash,3,"Taste romba pramadham illa, sagalama irundhuchu"
2026-03-09,20:04,Kalaivani,+91 6699016272,,Phone Call,Chicken Wings (5 pc),No,1,130,karur_kalam,Yes,13,117,GPay,4,"Freshly grilled and juicy, highly recommend"
2026-03-09,17:52,Senthil Devi,+91 9704171038,51,Walk-in,Chicken Leg (2 pc),No,1,130,karur_kalam,Yes,13,117,GPay,3,"Taste romba pramadham illa, sagalama irundhuchu"
2026-03-09,20:16,Karthik M,+91 8777520471,19,Walk-in,Chicken Lollipop (4 pc),No,1,130,karur_kalam,No,0,130,Cash,5,"Ultimate taste anna, naa daily varen"
2026-03-09,21:47,Prakash Babu,+91 9231631603,57,Walk-in,Chicken Wings (5 pc),No,1,130,karur_kalam,No,0,130,GPay,5,"Kalakalappa irundhuchu, next time friends oda varen"
2026-03-09,17:38,Iniya Babu,+91 6643171390,18,Walk-in,Chicken Wings (5 pc),No,1,130,karur_kalam,No,0,130,GPay,,"Decent taste, price sari than"
2026-03-09,20:33,Joseph R,+91 9870568566,24,Walk-in,Chicken Leg (2 pc),No,2,260,karur_kalam,No,0,260,Cash,5,"Semma taste bro, chicken romba soft ah irundhuchu"
2026-03-09,19:56,Suresh K,+91 6531003309,24,Phone Call,Chicken Lollipop (4 pc),No,1,130,karur_kalam,No,0,130,PhonePe,3,"Average, expected more spice"
2026-03-09,22:07,Kumar Prasad,+91 8909722858,,Walk-in,Chicken Wings (5 pc),No,1,130,karur_kalam,Yes,13,117,Cash,4,"Great value for money, fresh and hot"
2026-03-09,20:31,Selvam S,+91 7172788957,54,Phone Call,Chicken Lollipop (4 pc),No,2,260,karur_kalam,No,0,260,Paytm,4,"Loved the combo, perfect spice level"
2026-03-09,22:17,Nithya Babu,+91 9120826773,33,Phone Call,Chicken Lollipop (4 pc),No,1,130,karur_kalam,No,0,130,GPay,4,
2026-03-09,18:49,Bala,+91 9317552977,40,Walk-in,Chicken Wings (5 pc),No,1,130,karur_kalam,Yes,13,117,GPay,4,"Excellent flavour, family panindhalum enjoy pannanga"
2026-03-09,19:47,Pradeep Kumar,+91 9116861146,16,Walk-in,Chicken Wings (5 pc),No,1,130,karur_kalam,No,0,130,GPay,5,"Super spicy and juicy, best bbq in area"
2026-03-09,22:49,Selvam M,+91 6334123281,25,Walk-in,Chicken Wings (5 pc),No,1,130,karur_kalam,No,0,130,PhonePe,4,"Best chicken lollipop I've had, will come again"
2026-03-09,20:43,Iniya R,+91 8477725228,46,Walk-in,Chicken Lollipop (4 pc),No,1,130,karur_kalam,No,0,130,Cash,,
2026-03-09,18:51,Iniya,+91 7723869742,59,Walk-in,Chicken Lollipop (4 pc),No,1,130,karur_kalam,Yes,13,117,PhonePe,,Very tasty and quick service too
2026-03-10,22:15,Sathish Raj,+91 6991650811,27,Walk-in,Chicken Wings (5 pc),No,1,130,karur_kalam,No,0,130,PhonePe,5,
2026-03-10,20:56,Anand,+91 6993308330,21,Phone Call,Chicken Wings (5 pc),No,1,130,karur_kalam,No,0,130,PhonePe,5,"Amazing bbq stall, must try in this area"
2026-03-10,21:30,Rajesh,+91 6422842102,15,Phone Call,Chicken Wings (5 pc),No,1,130,karur_kalam,No,0,130,,4,"Nalla crispy ah irundhuchu, quantity um super"
2026-03-10,21:04,Arun Babu,+91 8940781618,33,Phone Call,Chicken Wings (5 pc),No,1,130,karur_kalam,Yes,13,117,Paytm,,"Kalakalappa irundhuchu, next time friends oda varen"
2026-03-10,20:02,Vignesh Babu,+91 7351638326,,Walk-in,Chicken Leg (2 pc),No,1,130,karur_kalam,No,0,130,GPay,4,"Loved the combo, perfect spice level"
2026-03-10,20:56,Dhanush R,+91 8761304948,33,Walk-in,Chicken Lollipop (4 pc),No,1,130,karur_kalam,Yes,13,117,,5,"Vera level taste, oru sight ah irundhuchu"
2026-03-10,20:35,Yazhini Prasad,+91 9527858549,45,Phone Call,Chicken Leg (2 pc),No,1,130,karur_kalam,No,0,130,PhonePe,4,
2026-03-10,20:56,John R,+91 9480162456,38,Phone Call,Chicken Lollipop (4 pc),No,2,260,karur_kalam,No,0,260,GPay,5,"Super spicy and juicy, best bbq in area"
2026-03-10,21:29,Karthik Prasad,+91 6161146446,,Walk-in,Chicken Lollipop (4 pc),No,1,130,karur_kalam,No,0,130,Cash,,"Ultimate taste anna, naa daily varen"
2026-03-10,18:59,Yazhini S,+91 8237748770,,Walk-in,Chicken Leg (2 pc),No,2,260,karur_kalam,No,0,260,Cash,4,"Super spicy and juicy, best bbq in area"
2026-03-10,17:34,Yazhini R,+91 9582029702,19,Phone Call,Chicken Lollipop (4 pc),No,1,130,karur_kalam,No,0,130,GPay,,"Decent taste, price sari than"
2026-03-10,17:00,Anand M,+91 8698478961,59,Phone Call,Chicken Leg (2 pc),No,1,130,karur_kalam,No,0,130,PhonePe,5,"Nalla crispy ah irundhuchu, quantity um super"
2026-03-10,19:09,Aishwarya S,+91 6886693207,,Walk-in,Chicken Lollipop (4 pc),No,1,130,karur_kalam,Yes,13,117,Cash,5,"Amazing bbq stall, must try in this area"
2026-03-10,20:32,Harish,+91 9507445657,23,Walk-in,Chicken Leg (2 pc),No,1,130,karur_kalam,No,0,130,PhonePe,4,"Freshly grilled and juicy, highly recommend"
2026-03-10,18:11,Prakash,+91 7875099770,15,Walk-in,Chicken Wings (5 pc),No,1,130,karur_kalam,Yes,13,117,Cash,4,Very tasty and quick service too
2026-03-10,17:58,Sivakumar Devi,+91 7867749649,54,Phone Call,Chicken Lollipop (4 pc),No,1,130,karur_kalam,No,0,130,GPay,5,"Great value for money, fresh and hot"
2026-03-10,19:08,Rajesh Raj,+91 9886239240,,Phone Call,Chicken Wings (5 pc),No,1,130,karur_kalam,No,0,130,PhonePe,,
2026-03-10,21:14,Dinesh Devi,+91 9933276334,23,Walk-in,Chicken Leg (2 pc),No,1,130,karur_kalam,Yes,13,117,PhonePe,,"Kalakalappa irundhuchu, next time friends oda varen"
2026-03-10,19:12,Dinesh,+91 6337008942,56,Walk-in,Chicken Leg (2 pc),No,1,130,karur_kalam,No,0,130,GPay,5,"Semma taste bro, chicken romba soft ah irundhuchu"
2026-03-10,19:14,Sathish Raj,+91 7098050097,,Phone Call,Chicken Lollipop (4 pc),No,1,130,karur_kalam,Yes,13,117,Paytm,5,
2026-03-10,21:22,Ayesha Babu,+91 9947055169,34,Phone Call,Chicken Wings (5 pc),No,1,130,karur_kalam,No,0,130,GPay,,
2026-03-10,21:40,Anand Prasad,+91 7799650752,46,Walk-in,Chicken Leg (2 pc),No,1,130,karur_kalam,No,0,130,Cash,5,
2026-03-10,20:39,Suresh R,+91 7654145868,36,Phone Call,Chicken Leg (2 pc),No,1,130,karur_kalam,No,0,130,Cash,4,"Freshly grilled and juicy, highly recommend"
2026-03-10,19:22,,+91 8443135182,27,Phone Call,Chicken Leg (2 pc),No,1,130,karur_kalam,No,0,130,PhonePe,4,"Great value for money, fresh and hot"
2026-03-10,19:19,Vidya Devi,+91 9908740640,,Phone Call,Chicken Wings (5 pc),No,1,130,karur_kalam,No,0,130,GPay,4,"Freshly grilled and juicy, highly recommend"
2026-03-10,18:09,Vidya Raj,+91 7474517123,,Walk-in,Chicken Lollipop (4 pc),No,1,130,karur_kalam,No,0,130,GPay,3,
2026-03-10,19:38,Sowmya Devi,+91 9177115921,23,Walk-in,Chicken Lollipop (4 pc),No,1,130,karur_kalam,No,0,130,GPay,5,"Vera level taste, oru sight ah irundhuchu"
2026-03-10,20:12,Rajesh Kumar,+91 8339421047,17,Walk-in,Chicken Leg (2 pc),No,1,130,karur_kalam,No,0,130,PhonePe,,
2026-03-10,22:28,Vijay,+91 7736632567,28,Walk-in,Chicken Wings (5 pc),No,1,130,karur_kalam,No,0,130,Cash,5,
2026-03-10,22:01,Murugan,+91 7226025634,25,Phone Call,Chicken Leg (2 pc),No,1,130,karur_kalam,Yes,13,117,GPay,,"Quantity kammiya kudutanga, not worth the price"
2026-03-10,22:18,Rajesh S,+91 7785954176,18,Walk-in,Chicken Leg (2 pc),No,1,130,karur_kalam,No,0,130,GPay,,"Semma taste bro, chicken romba soft ah irundhuchu"
2026-03-10,20:13,Karthik M,+91 8777520471,19,Phone Call,Chicken Wings (5 pc),No,1,130,karur_kalam,No,0,130,GPay,4,"Ultimate taste anna, naa daily varen"
2026-03-10,20:59,Pradeep Babu,+91 7890566518,27,Walk-in,Chicken Leg (2 pc),No,1,130,karur_kalam,No,0,130,GPay,5,"Vera level taste, oru sight ah irundhuchu"
2026-03-10,19:47,Vidya,+91 6489325288,15,Phone Call,Chicken Leg (2 pc),No,1,130,karur_kalam,No,0,130,GPay,4,
2026-03-10,21:32,Joseph,+91 8343548695,26,Walk-in,Chicken Wings (5 pc),No,1,130,karur_kalam,No,0,130,Cash,3,"Okay okay taste, but konjam salt adhigama irundhuchu"
2026-03-10,19:16,Karthik R,+91 9603859770,28,Phone Call,Chicken Lollipop (4 pc),No,2,260,karur_kalam,No,0,260,Cash,2,
2026-03-10,20:40,Deepa,+91 7215039655,,Walk-in,Chicken Wings (5 pc),No,1,130,karur_kalam,No,0,130,Cash,5,
2026-03-10,18:20,Gopal R,+91 7655110475,32,Phone Call,Chicken Wings (5 pc),No,1,130,karur_kalam,No,0,130,Cash,5,"Freshly grilled and juicy, highly recommend"
2026-03-10,21:54,Kalaivani,+91 9535560932,16,Walk-in,Chicken Wings (5 pc),No,1,130,karur_kalam,No,0,130,PhonePe,3,"Okay okay taste, but konjam salt adhigama irundhuchu"
2026-03-10,21:36,Vijay M,+91 8999136505,36,Walk-in,Chicken Lollipop (4 pc),No,1,130,karur_kalam,Yes,13,117,GPay,,
2026-03-10,21:45,Vidya,+91 6715182037,,Phone Call,Chicken Wings (5 pc),No,1,130,karur_kalam,Yes,13,117,Cash,2,
2026-03-10,19:08,Pradeep K,+91 7583132370,38,Phone Call,Chicken Leg (2 pc),No,1,130,karur_kalam,No,0,130,GPay,5,"Super spicy and juicy, best bbq in area"
2026-03-10,19:45,Sathish Kumar,+91 8843443757,37,Walk-in,Chicken Lollipop (4 pc),No,1,130,karur_kalam,Yes,13,117,GPay,5,"Loved the combo, perfect spice level"
2026-03-10,20:34,,+91 7030695165,46,Walk-in,Chicken Wings (5 pc),No,1,130,karur_kalam,No,0,130,Cash,3,
2026-03-10,18:27,Vidya Raj,+91 7474517123,58,Phone Call,Chicken Lollipop (4 pc),No,1,130,karur_kalam,No,0,130,PhonePe,,Very tasty and quick service too
2026-03-10,22:45,Anand,+91 6993308330,,Phone Call,Chicken Lollipop (4 pc),No,1,130,karur_kalam,No,0,130,PhonePe,4,
2026-03-10,20:25,Swathi,+91 6812191361,51,Walk-in,Chicken Lollipop (4 pc),No,1,130,karur_kalam,Yes,13,117,GPay,,"Chicken leg romba soft ah vekachu irundhuchu, super"
2026-03-10,17:43,Abdul Kareem K,+91 6971408346,51,Walk-in,Chicken Leg (2 pc),No,1,130,karur_kalam,No,0,130,PhonePe,4,
2026-03-11,20:02,Fathima M,+91 8782911467,48,Phone Call,Chicken Lollipop (4 pc),No,1,130,karur_kalam,No,0,130,PhonePe,5,"Freshly grilled and juicy, highly recommend"
2026-03-11,22:11,Joseph M,+91 8931034131,39,Phone Call,Chicken Leg (2 pc),No,1,130,karur_kalam,No,0,130,PhonePe,4,
2026-03-11,19:08,Nithya Devi,+91 6251778528,55,Walk-in,Chicken Leg (2 pc),No,1,130,karur_kalam,No,0,130,PhonePe,3,"Okay okay taste, but konjam salt adhigama irundhuchu"
2026-03-11,19:38,Sowmya Babu,+91 6814124782,42,Phone Call,Chicken Lollipop (4 pc),No,1,130,karur_kalam,No,0,130,Paytm,,"Nalla crispy ah irundhuchu, quantity um super"
2026-03-11,18:23,Abdul Kareem Devi,+91 9034982468,53,Walk-in,Chicken Lollipop (4 pc),No,1,130,karur_kalam,No,0,130,GPay,5,"Freshly grilled and juicy, highly recommend"
2026-03-11,18:09,Harish K,+91 8965137098,35,Walk-in,Chicken Leg (2 pc),No,1,130,karur_kalam,No,0,130,PhonePe,4,
2026-03-11,20:56,Ravi K,+91 9965328710,22,Phone Call,Chicken Leg (2 pc),No,1,130,karur_kalam,Yes,13,117,PhonePe,4,"Chicken leg romba soft ah vekachu irundhuchu, super"
2026-03-11,18:07,Kumar Prasad,+91 6473210469,41,Walk-in,Chicken Lollipop (4 pc),No,1,130,karur_kalam,No,0,130,PhonePe,5,"Best chicken lollipop I've had, will come again"
2026-03-11,19:44,Senthil Raj,+91 7322109129,32,Walk-in,Chicken Wings (5 pc),No,1,130,karur_kalam,No,0,130,PhonePe,5,"Best chicken lollipop I've had, will come again"
2026-03-11,20:34,Iniya R,+91 8477725228,46,Phone Call,Chicken Wings (5 pc),No,1,130,karur_kalam,No,0,130,PhonePe,,"Freshly grilled and juicy, highly recommend"
2026-03-11,20:47,,+91 6104328986,,Phone Call,Chicken Leg (2 pc),No,2,260,karur_kalam,Yes,26,234,GPay,3,"Decent taste, price sari than"
2026-03-11,21:55,Farhan Devi,+91 7426578963,58,Phone Call,Chicken Wings (5 pc),No,2,260,karur_kalam,No,0,260,PhonePe,4,"Loved the combo, perfect spice level"
2026-03-11,17:02,,+91 7544225351,,Walk-in,Chicken Leg (2 pc),No,1,130,karur_kalam,No,0,130,Cash,5,"Freshly grilled and juicy, highly recommend"
2026-03-11,21:34,Suresh,+91 7389083863,43,Phone Call,Chicken Leg (2 pc),No,1,130,karur_kalam,No,0,130,Paytm,4,"Loved the combo, perfect spice level"
2026-03-11,17:41,Revathi,+91 7075313685,53,Walk-in,Chicken Leg (2 pc),No,1,130,karur_kalam,No,0,130,Cash,4,
2026-03-11,20:55,Murugan,+91 7226025634,25,Phone Call,Chicken Wings (5 pc),No,1,130,karur_kalam,Yes,13,117,GPay,4,
2026-03-11,17:13,Dinesh,+91 9115333497,25,Walk-in,Chicken Leg (2 pc),No,1,130,karur_kalam,No,0,130,Cash,5,"Loved the combo, perfect spice level"
2026-03-11,17:33,Ayesha,+91 6651801704,41,Phone Call,Chicken Leg (2 pc),No,1,130,karur_kalam,No,0,130,GPay,5,"Chicken leg romba soft ah vekachu irundhuchu, super"
2026-03-11,22:13,Bala,+91 8992794376,29,Walk-in,Chicken Wings (5 pc),No,1,130,karur_kalam,No,0,130,Cash,4,"Vera level taste, oru sight ah irundhuchu"
2026-03-11,22:47,Revathi R,+91 9797643815,42,Walk-in,Chicken Lollipop (4 pc),No,1,130,karur_kalam,Yes,13,117,Cash,4,"Freshly grilled and juicy, highly recommend"
2026-03-11,20:09,Ravi,+91 9036665600,58,Walk-in,Chicken Leg (2 pc),No,1,130,karur_kalam,No,0,130,PhonePe,4,"Kalakalappa irundhuchu, next time friends oda varen"
2026-03-11,19:50,John S,+91 6893246095,30,Phone Call,Chicken Lollipop (4 pc),No,2,260,karur_kalam,No,0,260,Cash,4,"Vera level taste, oru sight ah irundhuchu"
2026-03-11,19:42,Ramesh Prasad,+91 7715518844,,Phone Call,Chicken Lollipop (4 pc),No,1,130,karur_kalam,No,0,130,Cash,4,"Nalla crispy ah irundhuchu, quantity um super"
2026-03-11,22:05,Karthik Devi,+91 9974034471,58,Phone Call,Chicken Wings (5 pc),No,1,130,karur_kalam,No,0,130,GPay,4,Very tasty and quick service too
2026-03-11,19:45,Bala,+91 8505331586,54,Phone Call,Chicken Wings (5 pc),No,1,130,karur_kalam,Yes,13,117,PhonePe,4,"Best chicken lollipop I've had, will come again"
2026-03-11,22:35,Sathish Raj,+91 7098050097,47,Walk-in,Chicken Wings (5 pc),No,1,130,karur_kalam,No,0,130,Cash,5,"Ultimate taste anna, naa daily varen"
2026-03-11,20:21,Kumar Kumar,+91 6190790306,43,Phone Call,Chicken Wings (5 pc),No,1,130,karur_kalam,No,0,130,Cash,3,Quantity konjam kammiya irundhuchu but taste okay
2026-03-11,21:19,Swathi S,+91 7554665905,19,Phone Call,Chicken Leg (2 pc),No,1,130,karur_kalam,No,0,130,Cash,3,Quantity konjam kammiya irundhuchu but taste okay
2026-03-11,17:05,Fathima,+91 8267233990,58,Walk-in,Chicken Wings (5 pc),No,1,130,karur_kalam,No,0,130,Cash,5,"Super spicy and juicy, best bbq in area"
2026-03-11,22:38,Suresh K,+91 6531003309,24,Walk-in,Chicken Lollipop (4 pc),No,1,130,karur_kalam,No,0,130,Cash,4,"Ultimate taste anna, naa daily varen"
2026-03-11,19:02,,+91 6499157380,39,Walk-in,Chicken Lollipop (4 pc),No,1,130,karur_kalam,No,0,130,Cash,,"Wings semma crispy ah irundhuchu, thanks anna"
2026-03-11,20:28,Meena,+91 7018366752,38,Walk-in,Chicken Wings (5 pc),No,1,130,karur_kalam,No,0,130,PhonePe,5,
2026-03-11,19:52,Mary Kumar,+91 7770115491,44,Walk-in,Chicken Leg (2 pc),No,1,130,karur_kalam,No,0,130,PhonePe,3,
2026-03-11,19:30,Kumar Kumar,+91 6190790306,43,Walk-in,Chicken Leg (2 pc),No,1,130,karur_kalam,No,0,130,Cash,5,"Loved the combo, perfect spice level"
2026-03-11,21:42,Gopal Raj,+91 8717464887,43,Walk-in,Chicken Leg (2 pc),No,2,260,karur_kalam,No,0,260,GPay,2,"Not fresh today, taste changed"
2026-03-11,21:15,Divya Devi,+91 8947155347,31,Walk-in,Chicken Leg (2 pc),No,1,130,karur_kalam,No,0,130,Cash,5,
2026-03-11,20:12,Mary Devi,+91 8394503754,,Walk-in,Chicken Lollipop (4 pc),No,1,130,karur_kalam,No,0,130,Cash,2,"Not fresh today, taste changed"
2026-03-11,19:49,Karthik M,+91 8777520471,19,Phone Call,Chicken Wings (5 pc),No,1,130,karur_kalam,No,0,130,PhonePe,4,
2026-03-11,18:57,Vijay Babu,+91 6632405102,41,Walk-in,Chicken Lollipop (4 pc),No,2,260,karur_kalam,No,0,260,GPay,,
2026-03-11,20:52,Gopal Devi,+91 9033273997,31,Walk-in,Chicken Leg (2 pc),No,1,130,karur_kalam,Yes,13,117,Paytm,,Very tasty and quick service too
2026-03-11,19:33,Vidya,+91 6715182037,43,Phone Call,Chicken Wings (5 pc),No,1,130,karur_kalam,No,0,130,Cash,3,Quantity konjam kammiya irundhuchu but taste okay
2026-03-11,19:55,Vignesh Prasad,+91 8443135182,27,Walk-in,Chicken Leg (2 pc),No,1,130,karur_kalam,No,0,130,Cash,2,
2026-03-11,17:48,Prakash,+91 7875099770,15,Phone Call,Chicken Wings (5 pc),No,2,260,karur_kalam,No,0,260,Cash,5,Very tasty and quick service too
2026-03-11,18:11,Sathish Raj,+91 7098050097,47,Phone Call,Chicken Lollipop (4 pc),No,1,130,karur_kalam,No,0,130,Cash,5,
2026-03-11,18:47,Meena Prasad,+91 6902294131,50,Phone Call,Chicken Lollipop (4 pc),No,1,130,karur_kalam,No,0,130,Paytm,5,"Excellent flavour, family panindhalum enjoy pannanga"
2026-03-11,20:28,Vidya,+91 9910651064,,Walk-in,Chicken Leg (2 pc),No,1,130,karur_kalam,No,0,130,GPay,5,
2026-03-11,21:32,Anitha Prasad,+91 7654044927,26,Walk-in,Chicken Leg (2 pc),No,1,130,karur_kalam,No,0,130,GPay,4,
2026-03-12,20:42,Lakshmi M,+91 7555625881,35,Phone Call,Chicken Leg (2 pc),No,1,130,karur_kalam,No,0,130,Paytm,,"Vera level taste, oru sight ah irundhuchu"
2026-03-12,22:42,Muthu Prasad,+91 8605269901,38,Walk-in,Chicken Leg (2 pc),No,2,260,karur_kalam,No,0,260,Cash,,"Freshly grilled and juicy, highly recommend"
2026-03-12,20:13,,+91 8654030799,22,Walk-in,Chicken Lollipop (4 pc),No,2,260,karur_kalam,No,0,260,PhonePe,,
2026-03-12,18:02,Mary,+91 7431611724,16,Walk-in,Chicken Lollipop (4 pc),No,1,130,karur_kalam,Yes,13,117,Paytm,4,"Best chicken lollipop I've had, will come again"
2026-03-12,20:45,Nithya Babu,+91 9120826773,33,Phone Call,Chicken Lollipop (4 pc),No,1,130,karur_kalam,Yes,13,117,GPay,4,
2026-03-12,19:17,Ayesha S,+91 7455381518,25,Walk-in,Chicken Leg (2 pc),No,1,130,karur_kalam,No,0,130,PhonePe,5,"Best chicken lollipop I've had, will come again"
2026-03-12,17:57,Sivakumar S,+91 8991216558,38,Phone Call,Chicken Leg (2 pc),No,1,130,karur_kalam,No,0,130,PhonePe,4,
2026-03-12,17:36,Mary Babu,+91 8487615048,50,Walk-in,Chicken Wings (5 pc),No,1,130,karur_kalam,No,0,130,Cash,5,"Amazing bbq stall, must try in this area"
2026-03-12,19:49,Suresh Prasad,+91 9955593558,47,Walk-in,Chicken Leg (2 pc),No,1,130,karur_kalam,Yes,13,117,,,Quantity konjam kammiya irundhuchu but taste okay
2026-03-12,20:09,Kumar R,+91 8569092755,43,Phone Call,Chicken Leg (2 pc),No,2,260,karur_kalam,No,0,260,Cash,4,"Amazing bbq stall, must try in this area"
2026-03-12,20:19,Lakshmi,+91 7930103105,19,Walk-in,Chicken Leg (2 pc),No,1,130,karur_kalam,No,0,130,Card,5,"Amazing bbq stall, must try in this area"
2026-03-12,19:37,Sathish Kumar,+91 8843443757,37,Phone Call,Chicken Lollipop (4 pc),No,1,130,karur_kalam,No,0,130,Cash,5,"Freshly grilled and juicy, highly recommend"
2026-03-12,18:09,Kalaivani,+91 9535560932,16,Walk-in,Chicken Leg (2 pc),No,1,130,karur_kalam,Yes,13,117,PhonePe,4,Very tasty and quick service too
2026-03-12,21:59,Saravanan K,+91 7417005455,50,Walk-in,Chicken Wings (5 pc),No,2,260,karur_kalam,No,0,260,Cash,4,
2026-03-12,19:23,Yazhini Prasad,+91 9680895049,20,Walk-in,Chicken Lollipop (4 pc),No,1,130,karur_kalam,Yes,13,117,Cash,4,"Kalakalappa irundhuchu, next time friends oda varen"
2026-03-12,20:15,Swathi Devi,+91 6447394731,23,Phone Call,Chicken Wings (5 pc),No,1,130,karur_kalam,No,0,130,PhonePe,4,"Wings semma crispy ah irundhuchu, thanks anna"
2026-03-12,17:23,Swathi,+91 6812191361,51,Phone Call,Chicken Wings (5 pc),No,1,130,karur_kalam,Yes,13,117,GPay,4,Very tasty and quick service too
2026-03-12,19:31,Ravi K,+91 7054932966,47,Phone Call,Chicken Lollipop (4 pc),No,1,130,karur_kalam,No,0,130,Paytm,,"Best chicken lollipop I've had, will come again"
2026-03-12,20:18,Sowmya Babu,+91 6814124782,42,Phone Call,Chicken Lollipop (4 pc),No,1,130,karur_kalam,No,0,130,PhonePe,5,
2026-03-12,21:16,Anand,+91 6834812426,42,Walk-in,Chicken Lollipop (4 pc),No,1,130,karur_kalam,No,0,130,Cash,4,"Kalakalappa irundhuchu, next time friends oda varen"
2026-03-12,20:35,Naveen K,+91 8991022901,,Phone Call,Chicken Leg (2 pc),No,1,130,karur_kalam,No,0,130,GPay,4,Very tasty and quick service too
2026-03-12,22:36,Gopal K,+91 6974993097,25,Walk-in,Chicken Wings (5 pc),No,1,130,karur_kalam,Yes,13,117,GPay,5,
2026-03-12,19:50,Revathi S,+91 9558867533,51,Walk-in,Chicken Leg (2 pc),No,1,130,karur_kalam,No,0,130,Cash,3,"Not bad, but waiting time konjam adhigama irundhuchu"
2026-03-12,20:35,Swathi,+91 6822923246,50,Walk-in,Chicken Lollipop (4 pc),No,1,130,karur_kalam,No,0,130,Cash,3,"Okay okay taste, but konjam salt adhigama irundhuchu"
2026-03-12,22:50,Anand Devi,+91 9737826398,23,Phone Call,Chicken Wings (5 pc),No,1,130,karur_kalam,No,0,130,GPay,,"Great value for money, fresh and hot"
2026-03-12,19:24,Sowmya Devi,+91 9177115921,,Phone Call,Chicken Leg (2 pc),No,1,130,karur_kalam,No,0,130,PhonePe,5,
2026-03-12,22:51,Meena R,+91 9644943632,44,Phone Call,Chicken Lollipop (4 pc),No,1,130,karur_kalam,Yes,13,117,GPay,4,"Vera level taste, oru sight ah irundhuchu"
2026-03-12,19:23,Deepa Prasad,+91 8715203519,,Walk-in,Chicken Leg (2 pc),No,1,130,karur_kalam,No,0,130,Cash,4,
2026-03-12,21:30,Karthik Devi,+91 9974034471,58,Walk-in,Chicken Lollipop (4 pc),No,1,130,karur_kalam,No,0,130,GPay,5,"Chicken leg romba soft ah vekachu irundhuchu, super"
2026-03-12,20:04,Saravanan,+91 8190496631,52,Phone Call,Chicken Lollipop (4 pc),No,1,130,karur_kalam,No,0,130,PhonePe,2,"Konjam over cooked ah irundhuchu, disappointed"
2026-03-12,20:49,Senthil Raj,+91 7618324210,25,Phone Call,Chicken Lollipop (4 pc),No,1,130,karur_kalam,No,0,130,Paytm,,"Freshly grilled and juicy, highly recommend"
2026-03-12,18:27,,+91 9114358304,15,Walk-in,Chicken Wings (5 pc),No,1,130,karur_kalam,No,0,130,Cash,,
2026-03-12,19:53,,+91 9807154516,47,Phone Call,Chicken Lollipop (4 pc),No,1,130,karur_kalam,No,0,130,GPay,5,"Chicken leg romba soft ah vekachu irundhuchu, super"
2026-03-12,18:25,Swathi,+91 6812191361,51,Walk-in,Chicken Lollipop (4 pc),No,1,130,karur_kalam,No,0,130,Cash,4,"Great value for money, fresh and hot"
2026-03-12,17:15,Farhan Devi,+91 9416052975,20,Phone Call,Chicken Wings (5 pc),No,1,130,karur_kalam,No,0,130,Cash,4,
2026-03-12,22:35,Suresh,+91 7389083863,43,Phone Call,Chicken Lollipop (4 pc),No,1,130,karur_kalam,No,0,130,Paytm,4,"Kalakalappa irundhuchu, next time friends oda varen"
2026-03-12,20:46,Vijay K,+91 6679323539,29,Walk-in,Chicken Wings (5 pc),No,1,130,karur_kalam,No,0,130,Cash,5,"Semma taste bro, chicken romba soft ah irundhuchu"
2026-03-12,17:17,Saravanan Raj,+91 9840369003,34,Walk-in,Chicken Wings (5 pc),No,1,130,karur_kalam,No,0,130,GPay,3,Quantity konjam kammiya irundhuchu but taste okay
2026-03-12,21:46,Murugan,+91 6204115488,,Walk-in,Chicken Leg (2 pc),No,1,130,karur_kalam,No,0,130,Cash,,
2026-03-13,21:16,Gopal Prasad,+91 7400499154,44,Phone Call,Chicken Lollipop (4 pc),No,1,130,karur_kalam,No,0,130,Cash,2,
2026-03-13,21:55,Dinesh M,+91 7614293968,36,Walk-in,Chicken Lollipop (4 pc),No,1,130,karur_kalam,No,0,130,Cash,4,"Semma taste bro, chicken romba soft ah irundhuchu"
2026-03-13,19:22,Gopal R,+91 7655110475,32,Phone Call,Chicken Lollipop (4 pc),No,1,130,karur_kalam,No,0,130,PhonePe,,"Super spicy and juicy, best bbq in area"
2026-03-13,20:45,Selvam R,+91 8591698331,46,Walk-in,Chicken Lollipop (4 pc),No,1,130,karur_kalam,No,0,130,GPay,5,
2026-03-13,20:27,Dhanush Babu,+91 7593570765,15,Walk-in,Chicken Wings (5 pc),No,1,130,karur_kalam,No,0,130,GPay,4,"Chicken leg romba soft ah vekachu irundhuchu, super"
2026-03-13,20:52,Joseph R,+91 9118680109,29,Walk-in,Chicken Lollipop (4 pc),No,1,130,karur_kalam,No,0,130,Cash,2,
2026-03-13,20:33,Anand M,+91 8698478961,59,Phone Call,Chicken Wings (5 pc),No,2,260,karur_kalam,No,0,260,PhonePe,4,"Great value for money, fresh and hot"
2026-03-13,19:41,Suresh,+91 8294019655,,Phone Call,Chicken Wings (5 pc),No,1,130,karur_kalam,No,0,130,Cash,,"Amazing bbq stall, must try in this area"
2026-03-13,20:37,Kumar,+91 9193745299,60,Walk-in,Chicken Leg (2 pc),No,1,130,karur_kalam,No,0,130,PhonePe,5,"Great value for money, fresh and hot"
2026-03-13,21:46,Dinesh K,+91 9498941343,38,Phone Call,Chicken Lollipop (4 pc),No,2,260,karur_kalam,No,0,260,PhonePe,5,"Ultimate taste anna, naa daily varen"
2026-03-13,19:23,Kavya,+91 8936899809,57,Phone Call,Chicken Lollipop (4 pc),No,1,130,karur_kalam,No,0,130,GPay,4,
2026-03-13,21:39,Mary Raj,+91 9383473597,44,Phone Call,Chicken Lollipop (4 pc),No,1,130,karur_kalam,No,0,130,GPay,5,"Loved the combo, perfect spice level"
2026-03-13,17:12,Pradeep K,+91 7583132370,,Walk-in,Chicken Wings (5 pc),No,1,130,karur_kalam,No,0,130,Cash,3,"Not bad, but waiting time konjam adhigama irundhuchu"
2026-03-13,19:25,Saravanan M,+91 6969933530,28,Walk-in,Chicken Wings (5 pc),No,1,130,karur_kalam,No,0,130,Cash,4,"Excellent flavour, family panindhalum enjoy pannanga"
2026-03-13,18:47,Manoj Devi,+91 7029487478,22,Walk-in,Chicken Lollipop (4 pc),No,1,130,karur_kalam,Yes,13,117,GPay,,"Wings semma crispy ah irundhuchu, thanks anna"
2026-03-13,17:15,Anand Prasad,+91 7799650752,,Phone Call,Chicken Wings (5 pc),No,1,130,karur_kalam,Yes,13,117,Paytm,5,"Excellent flavour, family panindhalum enjoy pannanga"
2026-03-13,17:44,Vignesh R,+91 9791743124,28,Walk-in,Chicken Leg (2 pc),No,1,130,karur_kalam,No,0,130,Paytm,4,
2026-03-13,21:23,John Babu,+91 9015430391,,Phone Call,Chicken Wings (5 pc),No,2,260,karur_kalam,No,0,260,GPay,4,"Kalakalappa irundhuchu, next time friends oda varen"
2026-03-13,20:20,Saravanan R,+91 7673657661,35,Phone Call,Chicken Wings (5 pc),No,1,130,karur_kalam,No,0,130,Cash,5,
2026-03-13,20:16,Kumar S,+91 8467854458,46,Phone Call,Chicken Wings (5 pc),No,1,130,karur_kalam,No,0,130,PhonePe,2,
2026-03-13,20:40,Arun S,+91 6889699132,55,Walk-in,Chicken Leg (2 pc),No,1,130,karur_kalam,No,0,130,Cash,4,"Great value for money, fresh and hot"
2026-03-13,19:59,,+91 7696816453,36,Phone Call,Chicken Wings (5 pc),No,1,130,karur_kalam,No,0,130,PhonePe,2,"Konjam over cooked ah irundhuchu, disappointed"
2026-03-13,18:24,Vignesh Devi,+91 9632016328,44,Phone Call,Chicken Leg (2 pc),No,2,260,karur_kalam,Yes,26,234,GPay,3,"Okay okay taste, but konjam salt adhigama irundhuchu"
2026-03-13,19:58,Rajesh M,+91 9504773586,42,Phone Call,Chicken Leg (2 pc),No,1,130,karur_kalam,No,0,130,GPay,5,
2026-03-13,17:36,John Babu,+91 9015430391,20,Phone Call,Chicken Wings (5 pc),No,1,130,karur_kalam,No,0,130,Card,4,"Ultimate taste anna, naa daily varen"
2026-03-13,20:31,Priya Kumar,+91 8283644089,26,Phone Call,Chicken Wings (5 pc),No,1,130,karur_kalam,No,0,130,Cash,5,
2026-03-13,18:12,Dinesh M,+91 7614293968,36,Walk-in,Chicken Leg (2 pc),No,1,130,karur_kalam,Yes,13,117,Cash,,
2026-03-13,18:52,Lakshmi Devi,+91 8817915782,,Walk-in,Chicken Leg (2 pc),No,1,130,karur_kalam,Yes,13,117,GPay,4,
2026-03-13,20:12,Divya Kumar,+91 7752431069,16,Phone Call,Chicken Lollipop (4 pc),No,1,130,karur_kalam,Yes,13,117,GPay,5,"Great value for money, fresh and hot"
2026-03-13,19:04,Pradeep,+91 6740209844,42,Walk-in,Chicken Lollipop (4 pc),No,2,260,karur_kalam,No,0,260,Cash,4,"Excellent flavour, family panindhalum enjoy pannanga"
2026-03-13,19:40,Prakash Devi,+91 7689702838,,Phone Call,Chicken Lollipop (4 pc),No,1,130,karur_kalam,No,0,130,GPay,,
2026-03-13,21:34,Kalaivani,+91 6699016272,18,Walk-in,Chicken Lollipop (4 pc),No,1,130,karur_kalam,Yes,13,117,Cash,4,
2026-03-13,20:28,Elango,+91 7462671320,23,Walk-in,Chicken Leg (2 pc),No,2,260,karur_kalam,No,0,260,Cash,5,Very tasty and quick service too
2026-03-13,20:40,,+91 9139718707,23,Phone Call,Chicken Lollipop (4 pc),No,1,130,karur_kalam,No,0,130,GPay,5,"Amazing bbq stall, must try in this area"
2026-03-13,20:51,Aishwarya Prasad,+91 7107524003,28,Walk-in,Chicken Lollipop (4 pc),No,2,260,karur_kalam,No,0,260,Cash,,"Great value for money, fresh and hot"
2026-03-13,20:34,Vijay M,+91 6659401399,16,Walk-in,Chicken Leg (2 pc),No,1,130,karur_kalam,No,0,130,PhonePe,4,
2026-03-13,18:53,Pradeep K,+91 7985238182,47,Walk-in,Chicken Leg (2 pc),No,1,130,karur_kalam,No,0,130,GPay,5,
2026-03-13,18:45,Kalaivani R,+91 7189959311,42,Walk-in,Chicken Leg (2 pc),No,1,130,karur_kalam,No,0,130,Cash,4,"Freshly grilled and juicy, highly recommend"
2026-03-13,20:39,Suresh,+91 7389083863,43,Phone Call,Chicken Leg (2 pc),No,1,130,karur_kalam,No,0,130,GPay,4,Very tasty and quick service too
2026-03-13,20:21,Nithya,+91 6380595194,50,Walk-in,Chicken Leg (2 pc),No,1,130,karur_kalam,No,0,130,Paytm,4,"Kalakalappa irundhuchu, next time friends oda varen"
2026-03-14,17:26,Ayesha Babu,+91 9947055169,34,Phone Call,Chicken Wings (5 pc),No,1,130,karur_kalam,No,0,130,Paytm,,"It was fine, nothing special"
2026-03-14,21:31,,+91 9590504173,,Walk-in,Chicken Wings (5 pc),No,2,260,karur_kalam,No,0,260,Cash,,
2026-03-14,19:08,Manoj Kumar,+91 6281718993,,Walk-in,Chicken Wings (5 pc),No,2,260,karur_kalam,No,0,260,PhonePe,4,"Loved the combo, perfect spice level"
2026-03-14,21:13,Kumar Kumar,+91 6190790306,43,Walk-in,Chicken Lollipop (4 pc),No,2,260,karur_kalam,No,0,260,Cash,5,"Best chicken lollipop I've had, will come again"
2026-03-14,17:52,Joseph R,+91 9870568566,24,Walk-in,Chicken Lollipop (4 pc),No,1,130,karur_kalam,No,0,130,PhonePe,5,"Amazing bbq stall, must try in this area"
2026-03-14,19:35,Pradeep,+91 6021824140,49,Walk-in,Chicken Lollipop (4 pc),No,1,130,karur_kalam,Yes,13,117,GPay,2,"Quantity kammiya kudutanga, not worth the price"
2026-03-14,19:41,,+91 9798079359,45,Phone Call,Chicken Lollipop (4 pc),No,1,130,karur_kalam,No,0,130,Paytm,5,"Best chicken lollipop I've had, will come again"
2026-03-14,19:04,Vidya,+91 6489325288,15,Phone Call,Chicken Wings (5 pc),No,1,130,karur_kalam,No,0,130,GPay,3,
2026-03-14,22:43,Manoj,+91 9567661825,,Phone Call,Chicken Wings (5 pc),No,1,130,karur_kalam,No,0,130,PhonePe,,
2026-03-14,21:37,Mary Devi,+91 8053773515,49,Phone Call,Chicken Leg (2 pc),No,1,130,karur_kalam,No,0,130,GPay,,"Taste romba pramadham illa, sagalama irundhuchu"
2026-03-14,21:38,Mary Kumar,+91 6746120047,,Phone Call,Chicken Leg (2 pc),No,1,130,karur_kalam,No,0,130,Cash,3,
2026-03-14,19:46,Muthu Raj,+91 9304519455,47,Walk-in,Chicken Lollipop (4 pc),No,1,130,karur_kalam,No,0,130,PhonePe,4,"Chicken leg romba soft ah vekachu irundhuchu, super"
2026-03-14,22:52,Muthu Kumar,+91 6575859391,49,Walk-in,Chicken Leg (2 pc),No,1,130,karur_kalam,No,0,130,Cash,4,"Wings semma crispy ah irundhuchu, thanks anna"
2026-03-14,19:03,Priya Raj,+91 6638567020,44,Walk-in,Chicken Leg (2 pc),No,1,130,karur_kalam,No,0,130,GPay,3,"Not bad, but waiting time konjam adhigama irundhuchu"
2026-03-14,22:06,Anand Raj,+91 6789677888,52,Walk-in,Chicken Leg (2 pc),No,1,130,karur_kalam,No,0,130,Cash,3,
2026-03-14,19:06,Kumar Kumar,+91 6190790306,43,Phone Call,Chicken Wings (5 pc),No,2,260,karur_kalam,No,0,260,PhonePe,4,"Super spicy and juicy, best bbq in area"
2026-03-14,20:16,Anand Prasad,+91 8255341928,30,Phone Call,Chicken Wings (5 pc),No,2,260,karur_kalam,No,0,260,GPay,5,
2026-03-14,17:18,Selvam K,+91 8986711018,44,Walk-in,Chicken Leg (2 pc),No,1,130,karur_kalam,No,0,130,GPay,2,
2026-03-14,18:25,Yazhini Devi,+91 9490304381,,Walk-in,Chicken Leg (2 pc),No,1,130,karur_kalam,No,0,130,GPay,4,"Kalakalappa irundhuchu, next time friends oda varen"
2026-03-14,22:15,Gowtham Prasad,+91 8980841241,21,Walk-in,Chicken Leg (2 pc),No,1,130,karur_kalam,No,0,130,GPay,,"Semma taste bro, chicken romba soft ah irundhuchu"
2026-03-14,17:15,Kumar S,+91 8467854458,46,Walk-in,Chicken Lollipop (4 pc),No,1,130,karur_kalam,Yes,13,117,PhonePe,4,
2026-03-14,19:56,Fathima K,+91 8419866524,17,Walk-in,Chicken Leg (2 pc),No,1,130,karur_kalam,No,0,130,Cash,2,"Cold ah kudutanga, expected hot and fresh"
2026-03-14,17:00,John R,+91 9480162456,,Phone Call,Chicken Lollipop (4 pc),No,1,130,karur_kalam,Yes,13,117,PhonePe,4,"Amazing bbq stall, must try in this area"
2026-03-14,19:59,Gopal K,+91 6607337543,29,Walk-in,Chicken Lollipop (4 pc),No,1,130,karur_kalam,No,0,130,,5,
2026-03-14,21:36,Kavya,+91 8936899809,57,Phone Call,Chicken Leg (2 pc),No,1,130,karur_kalam,Yes,13,117,GPay,5,
2026-03-14,21:42,Abdul Kareem Raj,+91 8537582682,56,Walk-in,Chicken Wings (5 pc),No,1,130,karur_kalam,No,0,130,GPay,3,"Okay okay taste, but konjam salt adhigama irundhuchu"
2026-03-14,22:21,Elango Devi,+91 9837770143,,Walk-in,Chicken Wings (5 pc),No,1,130,karur_kalam,No,0,130,GPay,4,"Kalakalappa irundhuchu, next time friends oda varen"
2026-03-14,22:52,Vidya,+91 6489325288,,Walk-in,Chicken Lollipop (4 pc),No,2,260,karur_kalam,No,0,260,GPay,,
2026-03-14,20:16,Gopal Prasad,+91 7400499154,44,Walk-in,Chicken Leg (2 pc),No,1,130,karur_kalam,No,0,130,Paytm,4,
2026-03-14,19:27,Naveen K,+91 8991022901,32,Phone Call,Chicken Lollipop (4 pc),No,1,130,karur_kalam,Yes,13,117,Cash,4,"Chicken leg romba soft ah vekachu irundhuchu, super"
2026-03-14,20:24,Kumar S,+91 8467854458,46,Phone Call,Chicken Leg (2 pc),No,1,130,karur_kalam,No,0,130,PhonePe,5,"Great value for money, fresh and hot"
2026-03-14,20:02,Prakash Raj,+91 7292127799,43,Phone Call,Chicken Lollipop (4 pc),No,2,260,karur_kalam,No,0,260,PhonePe,,
2026-03-15,21:18,Elango K,+91 7561595148,34,Phone Call,Chicken Lollipop (4 pc),No,1,130,karur_kalam,No,0,130,PhonePe,3,"It was fine, nothing special"
2026-03-15,20:32,Vignesh Kumar,+91 8957885685,37,Phone Call,Chicken Lollipop (4 pc),No,1,130,karur_kalam,No,0,130,GPay,,
2026-03-15,19:12,Deepa,+91 9949645495,60,Walk-in,Chicken Leg (2 pc),No,1,130,karur_kalam,No,0,130,Cash,,
2026-03-15,18:13,Elango Devi,+91 9837770143,40,Walk-in,Chicken Wings (5 pc),No,1,130,karur_kalam,Yes,13,117,Cash,3,
2026-03-15,22:45,Anand K,+91 6404655112,,Phone Call,Chicken Lollipop (4 pc),No,1,130,karur_kalam,No,0,130,GPay,,"Super spicy and juicy, best bbq in area"
2026-03-15,21:08,Suresh,+91 9873395004,,Phone Call,Chicken Lollipop (4 pc),No,1,130,karur_kalam,No,0,130,GPay,,Very tasty and quick service too
2026-03-15,19:46,Priya Raj,+91 6193802620,40,Phone Call,Chicken Lollipop (4 pc),No,1,130,karur_kalam,No,0,130,Card,5,"Best chicken lollipop I've had, will come again"
2026-03-15,20:48,Meena,+91 7606474687,24,Walk-in,Chicken Leg (2 pc),No,1,130,karur_kalam,No,0,130,Cash,,"Semma taste bro, chicken romba soft ah irundhuchu"
2026-03-15,19:01,Divya M,+91 9537155731,16,Walk-in,Chicken Lollipop (4 pc),No,2,260,karur_kalam,No,0,260,Cash,2,"Quantity kammiya kudutanga, not worth the price"
2026-03-15,22:17,Arun,+91 6267888610,20,Phone Call,Chicken Wings (5 pc),No,1,130,karur_kalam,No,0,130,Card,,
2026-03-15,20:01,Arun Kumar,+91 7675869261,46,Walk-in,Chicken Wings (5 pc),No,1,130,karur_kalam,No,0,130,Cash,5,
2026-03-15,21:58,Sowmya,+91 7189452395,51,Walk-in,Chicken Wings (5 pc),No,1,130,karur_kalam,No,0,130,PhonePe,2,"Too salty, not up to the mark today"
2026-03-15,20:50,Kumar R,+91 9471027677,28,Phone Call,Chicken Lollipop (4 pc),No,1,130,karur_kalam,Yes,13,117,GPay,3,"Okay okay taste, but konjam salt adhigama irundhuchu"
2026-03-15,20:34,Ravi S,+91 9423536937,,Phone Call,Chicken Wings (5 pc),No,1,130,karur_kalam,No,0,130,Cash,3,"Average, expected more spice"
2026-03-15,20:58,Suresh,+91 7389083863,43,Walk-in,Chicken Leg (2 pc),No,1,130,karur_kalam,No,0,130,Cash,,
2026-03-15,21:08,,+91 9231665876,18,Phone Call,Chicken Leg (2 pc),No,1,130,karur_kalam,No,0,130,Cash,,"Super spicy and juicy, best bbq in area"
2026-03-15,21:24,Vignesh Raj,+91 9217643493,51,Walk-in,Chicken Wings (5 pc),No,2,260,karur_kalam,No,0,260,Paytm,3,Quantity konjam kammiya irundhuchu but taste okay
2026-03-15,20:28,Vignesh Babu,+91 8749110667,,Walk-in,Chicken Wings (5 pc),No,1,130,karur_kalam,No,0,130,GPay,4,
2026-03-15,20:24,Anand M,+91 7164598243,43,Walk-in,Chicken Leg (2 pc),No,1,130,karur_kalam,No,0,130,GPay,4,"Semma taste bro, chicken romba soft ah irundhuchu"
2026-03-15,21:14,Meena,+91 7018366752,38,Phone Call,Chicken Wings (5 pc),No,1,130,karur_kalam,No,0,130,PhonePe,5,"Nalla crispy ah irundhuchu, quantity um super"
2026-03-15,18:01,Harish K,+91 8965137098,35,Phone Call,Chicken Lollipop (4 pc),No,1,130,karur_kalam,No,0,130,Cash,,
2026-03-15,21:54,Ramesh Raj,+91 9584044997,24,Walk-in,Chicken Wings (5 pc),No,1,130,karur_kalam,No,0,130,GPay,5,
2026-03-15,20:21,Kumar,+91 9193745299,,Phone Call,Chicken Wings (5 pc),No,1,130,karur_kalam,No,0,130,GPay,4,
2026-03-15,17:17,Revathi K,+91 9070600746,21,Walk-in,Chicken Leg (2 pc),No,1,130,karur_kalam,No,0,130,Cash,5,
2026-03-15,22:29,Sathish Raj,+91 7098050097,47,Phone Call,Chicken Lollipop (4 pc),No,1,130,karur_kalam,No,0,130,GPay,5,"Chicken leg romba soft ah vekachu irundhuchu, super"
2026-03-15,20:16,Murugan Babu,+91 8586618248,46,Walk-in,Chicken Lollipop (4 pc),No,1,130,karur_kalam,No,0,130,Paytm,4,
2026-03-15,21:53,Yazhini R,+91 9582029702,19,Walk-in,Chicken Lollipop (4 pc),No,1,130,karur_kalam,No,0,130,Cash,,
2026-03-15,20:24,Saravanan Kumar,+91 7044845677,,Walk-in,Chicken Lollipop (4 pc),No,1,130,karur_kalam,No,0,130,,5,"Vera level taste, oru sight ah irundhuchu"
2026-03-15,17:42,Meena R,+91 8576776576,39,Walk-in,Chicken Wings (5 pc),No,1,130,karur_kalam,No,0,130,Cash,4,"Wings semma crispy ah irundhuchu, thanks anna"
2026-03-15,19:10,Ramesh Prasad,+91 8049988782,,Walk-in,Chicken Leg (2 pc),No,2,260,karur_kalam,No,0,260,Cash,4,"Nalla crispy ah irundhuchu, quantity um super"
2026-03-15,21:17,Fathima M,+91 8782911467,48,Walk-in,Chicken Wings (5 pc),No,1,130,karur_kalam,No,0,130,GPay,4,"Freshly grilled and juicy, highly recommend"
2026-03-15,22:06,,+91 6321430318,59,Walk-in,Chicken Lollipop (4 pc),No,1,130,karur_kalam,No,0,130,PhonePe,4,"Amazing bbq stall, must try in this area"
2026-03-15,20:06,Ayesha Raj,+91 9474367136,51,Phone Call,Chicken Wings (5 pc),No,1,130,karur_kalam,No,0,130,GPay,4,
2026-03-15,21:42,Swathi Kumar,+91 8179838713,36,Walk-in,Chicken Leg (2 pc),No,1,130,karur_kalam,No,0,130,GPay,4,"Wings semma crispy ah irundhuchu, thanks anna"
2026-03-15,18:39,Swathi Prasad,+91 7982595269,34,Walk-in,Chicken Leg (2 pc),No,1,130,karur_kalam,No,0,130,Cash,3,"It was fine, nothing special"
2026-03-15,19:36,Naveen R,+91 9629368426,48,Phone Call,Chicken Lollipop (4 pc),No,2,260,karur_kalam,No,0,260,GPay,5,
2026-03-15,21:10,John,+91 8203872121,38,Walk-in,Chicken Leg (2 pc),No,1,130,karur_kalam,No,0,130,Cash,4,"Freshly grilled and juicy, highly recommend"
2026-03-16,20:18,Elango S,+91 8987769453,,Phone Call,Chicken Lollipop (4 pc),No,1,130,karur_kalam,No,0,130,GPay,4,"Best chicken lollipop I've had, will come again"
2026-03-16,20:33,Vijay M,+91 6659401399,16,Walk-in,Chicken Lollipop (4 pc),No,1,130,karur_kalam,Yes,13,117,Paytm,2,"Not fresh today, taste changed"
2026-03-16,21:47,Karthik S,+91 9131712748,60,Phone Call,Chicken Wings (5 pc),No,1,130,karur_kalam,No,0,130,GPay,5,
2026-03-16,22:12,Deepa M,+91 7845115447,53,Walk-in,Chicken Leg (2 pc),No,2,260,karur_kalam,No,0,260,Cash,4,
2026-03-16,21:30,Vignesh Prasad,+91 8443135182,27,Phone Call,Chicken Lollipop (4 pc),No,1,130,karur_kalam,No,0,130,Cash,5,"Best chicken lollipop I've had, will come again"
2026-03-16,19:59,Vidya Kumar,+91 8738299737,41,Phone Call,Chicken Leg (2 pc),No,1,130,karur_kalam,No,0,130,GPay,,"Loved the combo, perfect spice level"
2026-03-16,20:11,Fathima K,+91 8419866524,17,Phone Call,Chicken Wings (5 pc),No,1,130,karur_kalam,No,0,130,PhonePe,3,
2026-03-16,19:30,Vignesh R,+91 7149190586,57,Phone Call,Chicken Lollipop (4 pc),No,1,130,karur_kalam,No,0,130,GPay,,"Best chicken lollipop I've had, will come again"
2026-03-16,20:23,Sowmya Kumar,+91 7912990371,59,Walk-in,Chicken Wings (5 pc),No,2,260,karur_kalam,No,0,260,Cash,3,
2026-03-16,20:43,Yazhini Prasad,+91 9527858549,45,Phone Call,Chicken Wings (5 pc),No,1,130,karur_kalam,No,0,130,GPay,3,
2026-03-16,21:36,Meena Prasad,+91 6902294131,50,Walk-in,Chicken Wings (5 pc),No,1,130,karur_kalam,No,0,130,PhonePe,,"Vera level taste, oru sight ah irundhuchu"
2026-03-16,22:20,Pradeep,+91 6722768352,44,Walk-in,Chicken Lollipop (4 pc),No,1,130,karur_kalam,No,0,130,Paytm,,
2026-03-16,19:26,Dinesh,+91 6090063258,,Walk-in,Chicken Wings (5 pc),No,1,130,karur_kalam,No,0,130,Cash,4,
2026-03-16,20:48,John Raj,+91 8198327315,50,Walk-in,Chicken Lollipop (4 pc),No,1,130,karur_kalam,No,0,130,Cash,4,
2026-03-16,21:52,Kumar,+91 9193745299,60,Walk-in,Chicken Wings (5 pc),No,1,130,karur_kalam,No,0,130,Card,,"Loved the combo, perfect spice level"
2026-03-16,17:36,Kavya M,+91 9560033752,26,Walk-in,Chicken Wings (5 pc),No,1,130,karur_kalam,No,0,130,GPay,4,
2026-03-16,20:26,Ramesh Prasad,+91 7715518844,25,Phone Call,Chicken Leg (2 pc),No,1,130,karur_kalam,No,0,130,Cash,5,"Best chicken lollipop I've had, will come again"
2026-03-16,18:35,Kumar R,+91 9471027677,28,Walk-in,Chicken Wings (5 pc),No,1,130,karur_kalam,No,0,130,GPay,,"Konjam over cooked ah irundhuchu, disappointed"
2026-03-16,21:12,Sathish M,+91 7295014962,50,Walk-in,Chicken Lollipop (4 pc),No,1,130,karur_kalam,No,0,130,GPay,4,"Wings semma crispy ah irundhuchu, thanks anna"
2026-03-16,19:43,Sivakumar Prasad,+91 9790078244,40,Walk-in,Chicken Wings (5 pc),No,1,130,karur_kalam,No,0,130,GPay,4,
2026-03-16,21:49,Murugan Babu,+91 6855925629,45,Walk-in,Chicken Wings (5 pc),No,1,130,karur_kalam,No,0,130,Cash,4,"Ultimate taste anna, naa daily varen"
2026-03-16,19:03,Dinesh K,+91 9401489025,16,Phone Call,Chicken Leg (2 pc),No,1,130,karur_kalam,No,0,130,PhonePe,5,
2026-03-16,20:35,Ravi R,+91 8666105149,39,Walk-in,Chicken Wings (5 pc),No,1,130,karur_kalam,Yes,13,117,Cash,2,"Not fresh today, taste changed"
2026-03-16,20:39,Sivakumar Devi,+91 7867749649,54,Phone Call,Chicken Wings (5 pc),No,1,130,karur_kalam,No,0,130,PhonePe,5,"Freshly grilled and juicy, highly recommend"
2026-03-16,20:55,Swathi R,+91 9230913075,41,Phone Call,Chicken Wings (5 pc),No,1,130,karur_kalam,No,0,130,GPay,2,
2026-03-16,18:31,Harish M,+91 8527177449,18,Phone Call,Chicken Lollipop (4 pc),No,1,130,karur_kalam,No,0,130,PhonePe,3,"Average, expected more spice"
2026-03-16,20:43,Ramesh Devi,+91 7185200239,21,Walk-in,Chicken Lollipop (4 pc),No,1,130,karur_kalam,No,0,130,PhonePe,3,
2026-03-16,21:11,Dinesh Devi,+91 9909670546,,Phone Call,Chicken Lollipop (4 pc),No,1,130,karur_kalam,No,0,130,Cash,4,
2026-03-16,17:06,Suresh,+91 9873395004,46,Phone Call,Chicken Wings (5 pc),No,1,130,karur_kalam,No,0,130,Cash,5,"Kalakalappa irundhuchu, next time friends oda varen"
2026-03-16,19:40,Sivakumar,+91 8483438715,19,Walk-in,Chicken Lollipop (4 pc),No,1,130,karur_kalam,No,0,130,Cash,5,"Vera level taste, oru sight ah irundhuchu"
2026-03-16,22:46,Abdul Kareem K,+91 7734670656,25,Walk-in,Chicken Wings (5 pc),No,1,130,karur_kalam,No,0,130,Cash,5,
2026-03-16,21:11,Selvam,+91 9400524278,60,Walk-in,Chicken Lollipop (4 pc),No,1,130,karur_kalam,No,0,130,GPay,5,
2026-03-16,18:27,Vignesh Devi,+91 9632016328,44,Phone Call,Chicken Wings (5 pc),No,1,130,karur_kalam,No,0,130,Cash,,
2026-03-16,19:16,Arun K,+91 6678116786,23,Walk-in,Chicken Leg (2 pc),No,1,130,karur_kalam,No,0,130,Cash,,"Waiting time mikka adhigama irundhuchu, service slow"
2026-03-16,20:01,Yazhini R,+91 9582029702,19,Phone Call,Chicken Lollipop (4 pc),No,1,130,karur_kalam,No,0,130,GPay,4,Very tasty and quick service too
2026-03-16,20:10,Swathi R,+91 9230913075,41,Walk-in,Chicken Leg (2 pc),No,1,130,karur_kalam,No,0,130,GPay,4,
2026-03-16,21:01,Meena Prasad,+91 6902294131,50,Phone Call,Chicken Leg (2 pc),No,1,130,karur_kalam,No,0,130,GPay,4,
2026-03-16,18:10,Mary Raj,+91 9383473597,44,Walk-in,Chicken Leg (2 pc),No,1,130,karur_kalam,No,0,130,GPay,4,"Amazing bbq stall, must try in this area"
2026-03-16,18:52,Anand,+91 6993308330,21,Walk-in,Chicken Lollipop (4 pc),No,1,130,karur_kalam,No,0,130,Cash,4,"Semma taste bro, chicken romba soft ah irundhuchu"
2026-03-16,17:43,Kumar R,+91 9471027677,28,Walk-in,Chicken Leg (2 pc),No,1,130,karur_kalam,No,0,130,Cash,4,"Nalla crispy ah irundhuchu, quantity um super"
2026-03-16,19:12,Ayesha Babu,+91 7145623285,48,Phone Call,Chicken Leg (2 pc),No,1,130,karur_kalam,No,0,130,GPay,5,"Ultimate taste anna, naa daily varen"
2026-03-16,19:50,Suresh Raj,+91 8813881901,21,Walk-in,Chicken Lollipop (4 pc),No,1,130,karur_kalam,No,0,130,Cash,5,
2026-03-16,21:28,Senthil Raj,+91 7618324210,25,Phone Call,Chicken Lollipop (4 pc),No,1,130,karur_kalam,No,0,130,GPay,5,"Super spicy and juicy, best bbq in area"
2026-03-16,19:37,Yazhini Kumar,+91 6453478277,57,Walk-in,Chicken Leg (2 pc),No,1,130,karur_kalam,Yes,13,117,GPay,5,
2026-03-16,18:40,Senthil,+91 7141888059,23,Phone Call,Chicken Leg (2 pc),No,1,130,karur_kalam,No,0,130,PhonePe,5,"Nalla crispy ah irundhuchu, quantity um super"
2026-03-17,21:50,,+91 9639846484,32,Walk-in,Chicken Lollipop (4 pc),No,1,130,karur_kalam,Yes,13,117,Cash,4,
2026-03-17,22:14,Gopal K,+91 6974993097,25,Phone Call,Chicken Leg (2 pc),No,1,130,karur_kalam,No,0,130,GPay,3,"Average, expected more spice"
2026-03-17,18:23,Kavya,+91 8936899809,57,Walk-in,Chicken Leg (2 pc),No,1,130,karur_kalam,No,0,130,GPay,4,"Semma taste bro, chicken romba soft ah irundhuchu"
2026-03-17,22:19,Dinesh Devi,+91 7886233570,,Walk-in,Chicken Leg (2 pc),No,1,130,karur_kalam,No,0,130,PhonePe,4,Very tasty and quick service too
2026-03-17,21:05,Kumar R,+91 8569092755,43,Phone Call,Chicken Leg (2 pc),No,1,130,karur_kalam,No,0,130,GPay,,"Great value for money, fresh and hot"
2026-03-17,21:41,Harish K,+91 8965137098,,Phone Call,Chicken Wings (5 pc),No,1,130,karur_kalam,Yes,13,117,GPay,5,"Super spicy and juicy, best bbq in area"
2026-03-17,19:07,Revathi,+91 8735399875,,Walk-in,Chicken Leg (2 pc),No,1,130,karur_kalam,No,0,130,Cash,3,"Average, expected more spice"
2026-03-17,19:47,Dhanush K,+91 6574733848,59,Phone Call,Chicken Wings (5 pc),No,2,260,karur_kalam,No,0,260,GPay,2,"Not fresh today, taste changed"
2026-03-17,18:13,Dinesh K,+91 9498941343,38,Phone Call,Chicken Lollipop (4 pc),No,1,130,karur_kalam,No,0,130,,4,"Freshly grilled and juicy, highly recommend"
2026-03-17,20:15,Manoj,+91 9567661825,22,Walk-in,Chicken Wings (5 pc),No,1,130,karur_kalam,No,0,130,PhonePe,,
2026-03-17,19:05,Gopal Prasad,+91 7400499154,,Phone Call,Chicken Wings (5 pc),No,1,130,karur_kalam,No,0,130,PhonePe,,"Semma taste bro, chicken romba soft ah irundhuchu"
2026-03-17,22:10,Kalaivani,+91 6699016272,18,Phone Call,Chicken Wings (5 pc),No,1,130,karur_kalam,Yes,13,117,Cash,,"Waiting time mikka adhigama irundhuchu, service slow"
2026-03-17,20:09,Joseph Kumar,+91 8714345581,23,Walk-in,Chicken Wings (5 pc),No,1,130,karur_kalam,Yes,13,117,PhonePe,4,"Super spicy and juicy, best bbq in area"
2026-03-17,18:25,Ravi K,+91 9965328710,22,Walk-in,Chicken Wings (5 pc),No,1,130,karur_kalam,No,0,130,PhonePe,5,"Vera level taste, oru sight ah irundhuchu"
2026-03-17,21:38,Deepa,+91 8952859947,35,Walk-in,Chicken Lollipop (4 pc),No,1,130,karur_kalam,No,0,130,Paytm,5,"Best chicken lollipop I've had, will come again"
2026-03-17,19:01,Harish M,+91 8527177449,18,Phone Call,Chicken Lollipop (4 pc),No,1,130,karur_kalam,No,0,130,GPay,4,"Excellent flavour, family panindhalum enjoy pannanga"
2026-03-17,19:45,Abdul Kareem,+91 8043903560,23,Walk-in,Chicken Wings (5 pc),No,1,130,karur_kalam,No,0,130,GPay,5,
2026-03-17,18:01,Meena,+91 9512101842,,Walk-in,Chicken Lollipop (4 pc),No,1,130,karur_kalam,No,0,130,Cash,3,
2026-03-17,21:41,Kumar S,+91 8467854458,46,Walk-in,Chicken Leg (2 pc),No,1,130,karur_kalam,No,0,130,Cash,4,
2026-03-17,21:16,Fathima K,+91 8419866524,17,Phone Call,Chicken Leg (2 pc),No,1,130,karur_kalam,No,0,130,GPay,5,"Great value for money, fresh and hot"
2026-03-17,21:27,Murugan S,+91 8679017522,45,Walk-in,Chicken Leg (2 pc),No,1,130,karur_kalam,No,0,130,GPay,5,
2026-03-17,19:28,Deepa M,+91 7845115447,53,Walk-in,Chicken Leg (2 pc),No,1,130,karur_kalam,No,0,130,GPay,3,
2026-03-17,18:44,Gopal K,+91 6607337543,,Walk-in,Chicken Wings (5 pc),No,1,130,karur_kalam,No,0,130,Paytm,4,
2026-03-17,18:17,Vignesh Devi,+91 9632016328,44,Walk-in,Chicken Wings (5 pc),No,1,130,karur_kalam,No,0,130,GPay,4,"Vera level taste, oru sight ah irundhuchu"
2026-03-17,18:11,Saravanan R,+91 7673657661,35,Phone Call,Chicken Wings (5 pc),No,1,130,karur_kalam,Yes,13,117,Cash,,"Loved the combo, perfect spice level"
2026-03-17,19:15,Gowtham Prasad,+91 8980841241,21,Walk-in,Chicken Leg (2 pc),No,1,130,karur_kalam,No,0,130,Paytm,,
2026-03-17,18:01,Sivakumar,+91 7986800025,,Phone Call,Chicken Lollipop (4 pc),No,1,130,karur_kalam,No,0,130,Cash,4,Very tasty and quick service too
2026-03-17,20:46,Gowtham Babu,+91 9139718707,23,Phone Call,Chicken Lollipop (4 pc),No,2,260,karur_kalam,No,0,260,Paytm,5,"Semma taste bro, chicken romba soft ah irundhuchu"
2026-03-17,18:57,Farhan Devi,+91 9416052975,20,Walk-in,Chicken Lollipop (4 pc),No,2,260,karur_kalam,No,0,260,Paytm,4,
2026-03-17,18:41,Elango,+91 6026939553,30,Walk-in,Chicken Wings (5 pc),No,1,130,karur_kalam,No,0,130,Cash,4,"Kalakalappa irundhuchu, next time friends oda varen"
2026-03-17,21:30,Kalaivani,+91 7640626067,33,Walk-in,Chicken Lollipop (4 pc),No,1,130,karur_kalam,No,0,130,Cash,4,"Super spicy and juicy, best bbq in area"
2026-03-17,18:18,Suresh,+91 8294019655,,Phone Call,Chicken Lollipop (4 pc),No,1,130,karur_kalam,No,0,130,GPay,5,
2026-03-17,20:56,Gowtham Kumar,+91 8893771258,26,Walk-in,Chicken Wings (5 pc),No,1,130,karur_kalam,No,0,130,Paytm,4,
2026-03-17,19:52,Prakash Prasad,+91 8687833918,43,Phone Call,Chicken Leg (2 pc),No,2,260,karur_kalam,No,0,260,GPay,4,"Kalakalappa irundhuchu, next time friends oda varen"
2026-03-17,21:56,Dinesh K,+91 9401489025,16,Phone Call,Chicken Leg (2 pc),No,1,130,karur_kalam,No,0,130,Cash,2,"Konjam over cooked ah irundhuchu, disappointed"
2026-03-17,19:02,Ayesha Raj,+91 6265423511,39,Phone Call,Chicken Leg (2 pc),No,1,130,karur_kalam,No,0,130,GPay,4,
2026-03-17,17:08,Divya Kumar,+91 7752431069,16,Phone Call,Chicken Wings (5 pc),No,1,130,karur_kalam,No,0,130,GPay,4,Very tasty and quick service too
2026-03-17,17:15,Priya,+91 9122753046,30,Walk-in,Chicken Wings (5 pc),No,1,130,karur_kalam,Yes,13,117,PhonePe,5,"Best chicken lollipop I've had, will come again"
2026-03-17,20:53,Kumar R,+91 9471027677,28,Walk-in,Chicken Lollipop (4 pc),No,1,130,karur_kalam,Yes,13,117,Cash,5,"Super spicy and juicy, best bbq in area"
2026-03-17,20:23,Yazhini Kumar,+91 7867851506,40,Walk-in,Chicken Leg (2 pc),No,1,130,karur_kalam,No,0,130,GPay,,
2026-03-17,18:40,Anand Devi,+91 9737826398,23,Phone Call,Chicken Lollipop (4 pc),No,1,130,karur_kalam,No,0,130,GPay,4,"Wings semma crispy ah irundhuchu, thanks anna"
2026-03-17,19:23,Arun Kumar,+91 7387262473,19,Phone Call,Chicken Wings (5 pc),No,1,130,karur_kalam,No,0,130,,4,
2026-03-17,19:53,Yazhini Devi,+91 8648236629,51,Phone Call,Chicken Lollipop (4 pc),No,1,130,karur_kalam,No,0,130,PhonePe,4,"Ultimate taste anna, naa daily varen"
2026-03-17,19:14,Dinesh K,+91 9401489025,16,Phone Call,Chicken Leg (2 pc),No,1,130,karur_kalam,No,0,130,Cash,4,"Wings semma crispy ah irundhuchu, thanks anna"
2026-03-17,21:27,Yazhini R,+91 9582029702,19,Phone Call,Chicken Wings (5 pc),No,1,130,karur_kalam,No,0,130,PhonePe,,"Nalla crispy ah irundhuchu, quantity um super"
2026-03-17,20:36,Revathi Raj,+91 8499045301,44,Walk-in,Chicken Leg (2 pc),No,1,130,karur_kalam,No,0,130,Cash,3,"Decent taste, price sari than"
2026-03-17,17:12,Anitha M,+91 8406409097,33,Phone Call,Chicken Lollipop (4 pc),No,1,130,karur_kalam,No,0,130,Cash,4,"Wings semma crispy ah irundhuchu, thanks anna"
2026-03-17,17:19,Kumar R,+91 9471027677,28,Phone Call,Chicken Leg (2 pc),No,1,130,karur_kalam,No,0,130,PhonePe,3,"Taste romba pramadham illa, sagalama irundhuchu"
2026-03-17,20:24,Divya Kumar,+91 7752431069,16,Phone Call,Chicken Lollipop (4 pc),No,1,130,karur_kalam,Yes,13,117,GPay,5,"Nalla crispy ah irundhuchu, quantity um super"
2026-03-17,21:45,Vijay,+91 7038069586,,Walk-in,Chicken Leg (2 pc),No,1,130,karur_kalam,No,0,130,Card,4,
2026-03-18,19:11,Anitha Kumar,+91 8024026811,45,Phone Call,Chicken Lollipop (4 pc),No,1,130,karur_kalam,No,0,130,Paytm,,"Wings semma crispy ah irundhuchu, thanks anna"
2026-03-18,20:38,,+91 6265423511,39,Phone Call,Chicken Lollipop (4 pc),No,1,130,karur_kalam,No,0,130,PhonePe,5,
2026-03-18,18:23,Yazhini K,+91 6324527567,21,Walk-in,Chicken Wings (5 pc),No,1,130,karur_kalam,No,0,130,PhonePe,4,"Chicken leg romba soft ah vekachu irundhuchu, super"
2026-03-18,22:04,Meena Babu,+91 7494891852,53,Walk-in,Chicken Lollipop (4 pc),No,1,130,karur_kalam,No,0,130,Paytm,4,"Excellent flavour, family panindhalum enjoy pannanga"
2026-03-18,19:32,Manoj Raj,+91 6824008427,21,Walk-in,Chicken Wings (5 pc),No,1,130,karur_kalam,No,0,130,Cash,3,Quantity konjam kammiya irundhuchu but taste okay
2026-03-18,22:58,Farhan R,+91 6294849434,35,Walk-in,Chicken Lollipop (4 pc),No,1,130,karur_kalam,No,0,130,Cash,5,
2026-03-18,21:48,Muthu K,+91 6595678323,51,Walk-in,Chicken Leg (2 pc),No,1,130,karur_kalam,No,0,130,Paytm,5,Very tasty and quick service too
2026-03-18,17:33,Ramesh Kumar,+91 8376724238,,Walk-in,Chicken Lollipop (4 pc),No,1,130,karur_kalam,No,0,130,Cash,3,Quantity konjam kammiya irundhuchu but taste okay
2026-03-18,18:04,Kumar M,+91 7622444721,25,Walk-in,Chicken Wings (5 pc),No,1,130,karur_kalam,No,0,130,Paytm,5,
2026-03-18,20:57,Vignesh Devi,+91 9632016328,44,Walk-in,Chicken Lollipop (4 pc),No,1,130,karur_kalam,No,0,130,PhonePe,3,"Decent taste, price sari than"
2026-03-18,21:54,Priya Raj,+91 6193802620,40,Walk-in,Chicken Wings (5 pc),No,1,130,karur_kalam,Yes,13,117,PhonePe,4,"Chicken leg romba soft ah vekachu irundhuchu, super"
2026-03-18,20:47,Pradeep Kumar,+91 8160607159,42,Walk-in,Chicken Lollipop (4 pc),No,1,130,karur_kalam,No,0,130,GPay,4,"Wings semma crispy ah irundhuchu, thanks anna"
2026-03-18,19:06,Ayesha Babu,+91 7145623285,48,Walk-in,Chicken Wings (5 pc),No,1,130,karur_kalam,No,0,130,PhonePe,,"Excellent flavour, family panindhalum enjoy pannanga"
2026-03-18,17:04,Rajesh S,+91 6095804014,39,Walk-in,Chicken Lollipop (4 pc),No,1,130,karur_kalam,Yes,13,117,PhonePe,,Very tasty and quick service too
2026-03-18,20:36,Ravi Devi,+91 9347436939,55,Walk-in,Chicken Lollipop (4 pc),No,1,130,karur_kalam,No,0,130,Cash,,"Vera level taste, oru sight ah irundhuchu"
2026-03-18,18:40,Anand S,+91 7477109324,,Walk-in,Chicken Lollipop (4 pc),No,1,130,karur_kalam,Yes,13,117,PhonePe,5,
2026-03-18,18:35,Karthik M,+91 8294125979,54,Walk-in,Chicken Lollipop (4 pc),No,1,130,karur_kalam,No,0,130,PhonePe,,
2026-03-18,22:53,Kumar,+91 8953278774,46,Phone Call,Chicken Leg (2 pc),No,2,260,karur_kalam,No,0,260,Paytm,3,"It was fine, nothing special"
2026-03-18,20:43,Sowmya S,+91 7874430818,27,Walk-in,Chicken Lollipop (4 pc),No,1,130,karur_kalam,No,0,130,Cash,3,Quantity konjam kammiya irundhuchu but taste okay
2026-03-18,18:14,Suresh,+91 7389083863,43,Phone Call,Chicken Lollipop (4 pc),No,1,130,karur_kalam,No,0,130,GPay,4,
2026-03-18,21:52,Dinesh,+91 8451076226,,Phone Call,Chicken Wings (5 pc),No,1,130,karur_kalam,No,0,130,Card,4,
2026-03-18,22:15,Saravanan Raj,+91 9840369003,34,Walk-in,Chicken Lollipop (4 pc),No,1,130,karur_kalam,No,0,130,GPay,4,"Semma taste bro, chicken romba soft ah irundhuchu"
2026-03-18,22:24,,+91 9400524278,,Phone Call,Chicken Lollipop (4 pc),No,1,130,karur_kalam,No,0,130,GPay,5,"Vera level taste, oru sight ah irundhuchu"
2026-03-18,18:54,Sowmya Raj,+91 8145375257,,Walk-in,Chicken Wings (5 pc),No,1,130,karur_kalam,No,0,130,GPay,4,
2026-03-18,22:50,Gowtham Prasad,+91 8980841241,21,Walk-in,Chicken Leg (2 pc),No,1,130,karur_kalam,No,0,130,GPay,3,"Okay okay taste, but konjam salt adhigama irundhuchu"
2026-03-18,21:20,Aishwarya,+91 8068098383,19,Walk-in,Chicken Leg (2 pc),No,1,130,karur_kalam,No,0,130,Cash,4,
2026-03-18,21:46,Divya Kumar,+91 7389234952,32,Walk-in,Chicken Lollipop (4 pc),No,1,130,karur_kalam,No,0,130,PhonePe,4,"Great value for money, fresh and hot"
2026-03-18,17:07,Selvam S,+91 7172788957,54,Phone Call,Chicken Lollipop (4 pc),No,1,130,karur_kalam,No,0,130,Cash,5,"Kalakalappa irundhuchu, next time friends oda varen"
2026-03-18,18:30,Vidya Devi,+91 9908740640,28,Walk-in,Chicken Leg (2 pc),No,1,130,karur_kalam,No,0,130,Paytm,4,Very tasty and quick service too
2026-03-18,18:48,Vignesh,+91 9819319229,32,Walk-in,Chicken Wings (5 pc),No,1,130,karur_kalam,Yes,13,117,PhonePe,5,"Nalla crispy ah irundhuchu, quantity um super"
2026-03-18,22:22,Vidya Babu,+91 8554189258,,Walk-in,Chicken Wings (5 pc),No,1,130,karur_kalam,No,0,130,Cash,,"Super spicy and juicy, best bbq in area"
2026-03-18,21:03,,+91 8798657168,52,Walk-in,Chicken Leg (2 pc),No,1,130,karur_kalam,No,0,130,PhonePe,5,
2026-03-18,19:59,Dinesh Raj,+91 9608823092,38,Walk-in,Chicken Leg (2 pc),No,1,130,karur_kalam,No,0,130,GPay,3,
2026-03-18,20:00,Rajesh,+91 6422842102,15,Walk-in,Chicken Leg (2 pc),No,1,130,karur_kalam,Yes,13,117,Paytm,4,"Kalakalappa irundhuchu, next time friends oda varen"
2026-03-18,21:27,Gopal R,+91 9491163430,29,Walk-in,Chicken Leg (2 pc),No,1,130,karur_kalam,No,0,130,Cash,3,"It was fine, nothing special"
2026-03-18,19:10,Joseph,+91 6433218196,17,Phone Call,Chicken Leg (2 pc),No,1,130,karur_kalam,No,0,130,PhonePe,4,"Ultimate taste anna, naa daily varen"
2026-03-18,20:03,Meena,+91 7606474687,24,Phone Call,Chicken Wings (5 pc),No,1,130,karur_kalam,Yes,13,117,Cash,5,Very tasty and quick service too
2026-03-18,19:52,Gopal,+91 7219693792,29,Walk-in,Chicken Leg (2 pc),No,1,130,karur_kalam,No,0,130,PhonePe,5,"Ultimate taste anna, naa daily varen"
2026-03-18,18:04,Divya Prasad,+91 6654051531,52,Phone Call,Chicken Leg (2 pc),No,1,130,karur_kalam,No,0,130,PhonePe,5,
2026-03-18,19:51,Kavya Kumar,+91 6515220472,60,Walk-in,Chicken Wings (5 pc),No,1,130,karur_kalam,No,0,130,PhonePe,,"Kalakalappa irundhuchu, next time friends oda varen"
2026-03-18,21:22,Anitha R,+91 6667148533,57,Walk-in,Chicken Wings (5 pc),No,1,130,karur_kalam,No,0,130,GPay,3,Quantity konjam kammiya irundhuchu but taste okay
2026-03-18,18:52,Manoj,+91 6288152089,58,Walk-in,Chicken Wings (5 pc),No,1,130,karur_kalam,No,0,130,GPay,3,"Decent taste, price sari than"
2026-03-19,19:03,Priya,+91 9122753046,30,Walk-in,Chicken Leg (2 pc),No,1,130,karur_kalam,Yes,13,117,Paytm,,"Ultimate taste anna, naa daily varen"
2026-03-19,19:48,,+91 7339845461,38,Walk-in,Chicken Leg (2 pc),No,1,130,karur_kalam,No,0,130,Card,5,"Excellent flavour, family panindhalum enjoy pannanga"
2026-03-19,18:01,Senthil Raj,+91 7618324210,25,Walk-in,Chicken Leg (2 pc),No,1,130,karur_kalam,No,0,130,GPay,5,Very tasty and quick service too
2026-03-19,19:10,Ayesha R,+91 6850504871,36,Walk-in,Chicken Wings (5 pc),No,1,130,karur_kalam,No,0,130,Paytm,5,"Super spicy and juicy, best bbq in area"
2026-03-19,18:45,Anand,+91 6993308330,21,Phone Call,Chicken Lollipop (4 pc),No,1,130,karur_kalam,No,0,130,GPay,3,"Okay okay taste, but konjam salt adhigama irundhuchu"
2026-03-19,21:54,Vignesh Raj,+91 9573744966,39,Walk-in,Chicken Lollipop (4 pc),No,1,130,karur_kalam,No,0,130,PhonePe,,"Best chicken lollipop I've had, will come again"
2026-03-19,21:50,Ravi Devi,+91 8375564641,45,Phone Call,Chicken Wings (5 pc),No,1,130,karur_kalam,No,0,130,GPay,4,"Excellent flavour, family panindhalum enjoy pannanga"
2026-03-19,20:28,Harish K,+91 8965137098,35,Phone Call,Chicken Wings (5 pc),No,1,130,karur_kalam,Yes,13,117,PhonePe,,"Not fresh today, taste changed"
2026-03-19,22:10,,+91 6636781752,31,Walk-in,Chicken Leg (2 pc),No,2,260,karur_kalam,No,0,260,GPay,4,
2026-03-19,17:39,Anitha Kumar,+91 8260885329,50,Walk-in,Chicken Lollipop (4 pc),No,2,260,karur_kalam,No,0,260,Cash,5,"Vera level taste, oru sight ah irundhuchu"
2026-03-19,22:02,Yazhini Prasad,+91 9527858549,,Walk-in,Chicken Leg (2 pc),No,1,130,karur_kalam,No,0,130,PhonePe,4,"Loved the combo, perfect spice level"
2026-03-19,20:59,Lakshmi M,+91 9739610340,36,Walk-in,Chicken Wings (5 pc),No,1,130,karur_kalam,No,0,130,PhonePe,,"Wings semma crispy ah irundhuchu, thanks anna"
2026-03-19,18:06,Lakshmi M,+91 7555625881,35,Phone Call,Chicken Wings (5 pc),No,2,260,karur_kalam,No,0,260,,,
2026-03-19,22:26,Deepa M,+91 6658723634,19,Walk-in,Chicken Leg (2 pc),No,1,130,karur_kalam,Yes,13,117,Card,4,"Chicken leg romba soft ah vekachu irundhuchu, super"
2026-03-19,21:48,Sathish,+91 6656670106,36,Phone Call,Chicken Lollipop (4 pc),No,1,130,karur_kalam,No,0,130,Cash,3,Quantity konjam kammiya irundhuchu but taste okay
2026-03-19,19:07,Ayesha,+91 9084158553,44,Walk-in,Chicken Wings (5 pc),No,1,130,karur_kalam,No,0,130,GPay,,
2026-03-19,19:19,Divya Kumar,+91 7752431069,,Phone Call,Chicken Leg (2 pc),No,1,130,karur_kalam,No,0,130,PhonePe,,"Excellent flavour, family panindhalum enjoy pannanga"
2026-03-19,21:28,Dinesh K,+91 9498941343,38,Phone Call,Chicken Wings (5 pc),No,1,130,karur_kalam,No,0,130,GPay,,"Semma taste bro, chicken romba soft ah irundhuchu"
2026-03-19,19:13,,+91 9139718707,23,Phone Call,Chicken Leg (2 pc),No,1,130,karur_kalam,No,0,130,GPay,5,"Great value for money, fresh and hot"
2026-03-19,19:52,Iniya R,+91 8477725228,46,Phone Call,Chicken Wings (5 pc),No,2,260,karur_kalam,No,0,260,PhonePe,5,
2026-03-19,18:25,Yazhini K,+91 7710539259,,Walk-in,Chicken Leg (2 pc),No,1,130,karur_kalam,No,0,130,GPay,,"Loved the combo, perfect spice level"
2026-03-19,22:26,Sathish,+91 6037917693,60,Walk-in,Chicken Lollipop (4 pc),No,1,130,karur_kalam,No,0,130,Cash,5,
2026-03-19,20:38,Revathi,+91 7797176350,41,Phone Call,Chicken Lollipop (4 pc),No,1,130,karur_kalam,No,0,130,GPay,,"Nalla crispy ah irundhuchu, quantity um super"
2026-03-19,19:56,Kalaivani Devi,+91 7270254316,55,Walk-in,Chicken Wings (5 pc),No,1,130,karur_kalam,No,0,130,Cash,4,
2026-03-19,19:58,Rajesh Raj,+91 9886239240,56,Walk-in,Chicken Leg (2 pc),No,1,130,karur_kalam,No,0,130,GPay,5,
2026-03-19,18:49,Sivakumar Devi,+91 7867749649,54,Walk-in,Chicken Wings (5 pc),No,1,130,karur_kalam,Yes,13,117,PhonePe,5,"Loved the combo, perfect spice level"
2026-03-19,22:07,Swathi Prasad,+91 7982595269,34,Walk-in,Chicken Lollipop (4 pc),No,1,130,karur_kalam,Yes,13,117,Cash,4,"Freshly grilled and juicy, highly recommend"
2026-03-19,20:04,Senthil,+91 7141888059,23,Phone Call,Chicken Wings (5 pc),No,1,130,karur_kalam,No,0,130,Cash,5,"Loved the combo, perfect spice level"
2026-03-19,19:22,Nithya S,+91 7634351751,49,Phone Call,Chicken Lollipop (4 pc),No,1,130,karur_kalam,No,0,130,PhonePe,5,Very tasty and quick service too
2026-03-19,18:23,Vidya Devi,+91 9908740640,,Walk-in,Chicken Leg (2 pc),No,1,130,karur_kalam,No,0,130,Card,4,"Loved the combo, perfect spice level"
2026-03-19,19:30,Lakshmi R,+91 9258692635,42,Walk-in,Chicken Lollipop (4 pc),No,1,130,karur_kalam,Yes,13,117,Cash,4,"Nalla crispy ah irundhuchu, quantity um super"
2026-03-19,21:16,Ramesh Prasad,+91 7715518844,25,Phone Call,Chicken Wings (5 pc),No,1,130,karur_kalam,No,0,130,Cash,3,"Average, expected more spice"
2026-03-19,22:49,Saravanan Kumar,+91 8616461526,36,Walk-in,Chicken Leg (2 pc),No,1,130,karur_kalam,No,0,130,PhonePe,5,
2026-03-19,20:56,Naveen,+91 9841459332,45,Walk-in,Chicken Lollipop (4 pc),No,1,130,karur_kalam,No,0,130,PhonePe,4,
2026-03-19,20:17,Vidya,+91 9930080588,,Walk-in,Chicken Leg (2 pc),No,1,130,karur_kalam,No,0,130,GPay,,"Cold ah kudutanga, expected hot and fresh"
2026-03-19,22:14,Rajesh M,+91 9504773586,,Walk-in,Chicken Lollipop (4 pc),No,1,130,karur_kalam,No,0,130,Cash,5,
2026-03-19,18:43,Ramesh,+91 9694602124,42,Walk-in,Chicken Leg (2 pc),No,2,260,karur_kalam,No,0,260,GPay,5,Very tasty and quick service too
2026-03-19,19:43,Anand M,+91 8959126092,15,Walk-in,Chicken Leg (2 pc),No,1,130,karur_kalam,No,0,130,GPay,3,Quantity konjam kammiya irundhuchu but taste okay
2026-03-19,19:59,Pradeep Babu,+91 7462475107,54,Phone Call,Chicken Leg (2 pc),No,2,260,karur_kalam,No,0,260,PhonePe,4,
2026-03-19,22:49,Elango K,+91 7561595148,34,Phone Call,Chicken Leg (2 pc),No,1,130,karur_kalam,No,0,130,Cash,5,"Ultimate taste anna, naa daily varen"
2026-03-19,19:32,Fathima Prasad,+91 9412613955,46,Walk-in,Chicken Lollipop (4 pc),No,2,260,karur_kalam,No,0,260,Cash,4,
2026-03-19,20:32,Sivakumar R,+91 8902787429,,Phone Call,Chicken Leg (2 pc),No,1,130,karur_kalam,No,0,130,GPay,5,"Loved the combo, perfect spice level"
2026-03-20,18:15,Swathi R,+91 9230913075,,Phone Call,Chicken Lollipop (4 pc),No,1,130,karur_kalam,No,0,130,GPay,4,"Nalla crispy ah irundhuchu, quantity um super"
2026-03-20,19:36,Saravanan S,+91 7995578022,47,Walk-in,Chicken Lollipop (4 pc),No,1,130,karur_kalam,Yes,13,117,,5,"Loved the combo, perfect spice level"
2026-03-20,22:41,Senthil Raj,+91 7618324210,25,Walk-in,Chicken Wings (5 pc),No,1,130,karur_kalam,No,0,130,Cash,,
2026-03-20,19:36,Gopal Prasad,+91 7400499154,44,Phone Call,Chicken Leg (2 pc),No,1,130,karur_kalam,Yes,13,117,GPay,4,"Chicken leg romba soft ah vekachu irundhuchu, super"
2026-03-20,20:03,Vidya,+91 6715182037,43,Phone Call,Chicken Wings (5 pc),No,2,260,karur_kalam,No,0,260,Cash,3,
2026-03-20,21:50,Sowmya Raj,+91 6345054156,40,Phone Call,Chicken Wings (5 pc),No,1,130,karur_kalam,No,0,130,GPay,,"Konjam over cooked ah irundhuchu, disappointed"
2026-03-20,21:30,Pradeep K,+91 7583132370,38,Walk-in,Chicken Leg (2 pc),No,1,130,karur_kalam,No,0,130,Cash,4,"Nalla crispy ah irundhuchu, quantity um super"
2026-03-20,17:59,Selvam S,+91 7172788957,54,Phone Call,Chicken Leg (2 pc),No,1,130,karur_kalam,No,0,130,GPay,,"Excellent flavour, family panindhalum enjoy pannanga"
2026-03-20,20:19,Elango Devi,+91 9837770143,40,Phone Call,Chicken Wings (5 pc),No,1,130,karur_kalam,No,0,130,GPay,4,Very tasty and quick service too
2026-03-20,22:53,Fathima M,+91 8782911467,,Phone Call,Chicken Lollipop (4 pc),No,1,130,karur_kalam,No,0,130,GPay,,"Semma taste bro, chicken romba soft ah irundhuchu"
2026-03-20,19:42,Elango Prasad,+91 6822782489,,Walk-in,Chicken Leg (2 pc),No,1,130,karur_kalam,No,0,130,Cash,,
2026-03-20,21:47,Ravi S,+91 9423536937,50,Phone Call,Chicken Leg (2 pc),No,1,130,karur_kalam,Yes,13,117,GPay,,
2026-03-20,21:11,Kumar S,+91 8467854458,46,Walk-in,Chicken Lollipop (4 pc),No,1,130,karur_kalam,No,0,130,GPay,,"Super spicy and juicy, best bbq in area"
2026-03-20,19:53,Yazhini R,+91 9582029702,19,Phone Call,Chicken Leg (2 pc),No,1,130,karur_kalam,No,0,130,PhonePe,4,
2026-03-20,19:20,Fathima R,+91 7200810014,26,Walk-in,Chicken Leg (2 pc),No,1,130,karur_kalam,No,0,130,Cash,4,"Wings semma crispy ah irundhuchu, thanks anna"
2026-03-20,20:41,Sivakumar,+91 9710800458,59,Walk-in,Chicken Wings (5 pc),No,2,260,karur_kalam,No,0,260,GPay,3,"Average, expected more spice"
2026-03-20,19:37,Karthik S,+91 9131712748,,Phone Call,Chicken Leg (2 pc),No,1,130,karur_kalam,No,0,130,GPay,3,"Okay okay taste, but konjam salt adhigama irundhuchu"
2026-03-20,20:31,Senthil S,+91 7028439599,58,Phone Call,Chicken Leg (2 pc),No,2,260,karur_kalam,No,0,260,PhonePe,4,"Wings semma crispy ah irundhuchu, thanks anna"
2026-03-20,20:16,,+91 9015430391,20,Phone Call,Chicken Leg (2 pc),No,1,130,karur_kalam,No,0,130,GPay,3,"Not bad, but waiting time konjam adhigama irundhuchu"
2026-03-20,19:25,Kumar S,+91 8467854458,46,Phone Call,Chicken Wings (5 pc),No,2,260,karur_kalam,No,0,260,GPay,,"Ultimate taste anna, naa daily varen"
2026-03-20,22:23,Murugan,+91 9124356683,18,Walk-in,Chicken Leg (2 pc),No,1,130,karur_kalam,No,0,130,Card,4,"Best chicken lollipop I've had, will come again"
2026-03-20,19:43,Aishwarya Kumar,+91 8078107283,56,Walk-in,Chicken Leg (2 pc),No,1,130,karur_kalam,No,0,130,Paytm,5,"Chicken leg romba soft ah vekachu irundhuchu, super"
2026-03-20,19:01,Kumar,+91 9275644390,52,Walk-in,Chicken Lollipop (4 pc),No,1,130,karur_kalam,No,0,130,Paytm,5,"Chicken leg romba soft ah vekachu irundhuchu, super"
2026-03-20,21:51,Elango Prasad,+91 6822782489,42,Walk-in,Chicken Lollipop (4 pc),No,1,130,karur_kalam,No,0,130,GPay,3,"Not bad, but waiting time konjam adhigama irundhuchu"
2026-03-20,19:33,Kavya Kumar,+91 9396527295,52,Walk-in,Chicken Wings (5 pc),No,1,130,karur_kalam,No,0,130,Cash,4,"Loved the combo, perfect spice level"
2026-03-20,20:12,Divya M,+91 6548270029,30,Walk-in,Chicken Wings (5 pc),No,1,130,karur_kalam,No,0,130,Cash,5,"Super spicy and juicy, best bbq in area"
2026-03-20,19:05,Abdul Kareem Raj,+91 6577129184,26,Walk-in,Chicken Wings (5 pc),No,1,130,karur_kalam,No,0,130,Cash,5,
2026-03-20,20:28,Kavya,+91 8870630228,,Walk-in,Chicken Wings (5 pc),No,1,130,karur_kalam,No,0,130,Paytm,5,
2026-03-20,18:00,Iniya Devi,+91 8726847464,,Walk-in,Chicken Lollipop (4 pc),No,1,130,karur_kalam,No,0,130,GPay,2,"Cold ah kudutanga, expected hot and fresh"
2026-03-20,20:41,,+91 9558867533,51,Walk-in,Chicken Lollipop (4 pc),No,1,130,karur_kalam,No,0,130,GPay,5,Very tasty and quick service too
2026-03-20,20:05,,+91 8419866524,17,Phone Call,Chicken Wings (5 pc),No,1,130,karur_kalam,No,0,130,GPay,4,
2026-03-20,21:44,Dhanush Devi,+91 8333477496,29,Walk-in,Chicken Lollipop (4 pc),No,1,130,karur_kalam,No,0,130,Cash,,"Amazing bbq stall, must try in this area"
2026-03-21,19:10,,+91 8190496631,52,Walk-in,Chicken Lollipop (4 pc),No,1,130,karur_kalam,No,0,130,Cash,5,"Best chicken lollipop I've had, will come again"
2026-03-21,20:17,Bala S,+91 6988516560,33,Phone Call,Chicken Wings (5 pc),No,1,130,karur_kalam,Yes,13,117,GPay,4,"Amazing bbq stall, must try in this area"
2026-03-21,21:31,Divya Kumar,+91 7752431069,16,Phone Call,Chicken Wings (5 pc),No,1,130,karur_kalam,No,0,130,Cash,4,"Super spicy and juicy, best bbq in area"
2026-03-21,20:57,Kavya Kumar,+91 6515220472,60,Phone Call,Chicken Lollipop (4 pc),No,1,130,karur_kalam,No,0,130,GPay,,
2026-03-21,17:27,Meena Prasad,+91 6902294131,50,Phone Call,Chicken Wings (5 pc),No,1,130,karur_kalam,No,0,130,Paytm,4,Very tasty and quick service too
2026-03-21,20:28,Sivakumar R,+91 8902787429,42,Walk-in,Chicken Leg (2 pc),No,1,130,karur_kalam,No,0,130,GPay,5,"Super spicy and juicy, best bbq in area"
2026-03-21,17:49,Prakash Devi,+91 7689702838,,Phone Call,Chicken Wings (5 pc),No,1,130,karur_kalam,No,0,130,PhonePe,5,"Nalla crispy ah irundhuchu, quantity um super"
2026-03-21,17:14,Elango Devi,+91 9837770143,40,Walk-in,Chicken Wings (5 pc),No,1,130,karur_kalam,No,0,130,PhonePe,4,
2026-03-21,19:58,Sowmya,+91 7393306533,38,Walk-in,Chicken Leg (2 pc),No,2,260,karur_kalam,No,0,260,,3,
2026-03-21,20:48,Abdul Kareem K,+91 7734670656,25,Phone Call,Chicken Wings (5 pc),No,2,260,karur_kalam,No,0,260,GPay,,"Decent taste, price sari than"
2026-03-21,21:46,Kavya,+91 8936899809,,Phone Call,Chicken Leg (2 pc),No,2,260,karur_kalam,No,0,260,GPay,4,
2026-03-21,17:05,Vidya Babu,+91 8004450729,40,Phone Call,Chicken Lollipop (4 pc),No,1,130,karur_kalam,No,0,130,PhonePe,4,"Kalakalappa irundhuchu, next time friends oda varen"
2026-03-21,19:19,Vidya Raj,+91 7474517123,58,Walk-in,Chicken Lollipop (4 pc),No,1,130,karur_kalam,Yes,13,117,Cash,4,"Great value for money, fresh and hot"
2026-03-21,19:40,Saravanan,+91 8190496631,52,Phone Call,Chicken Wings (5 pc),No,1,130,karur_kalam,No,0,130,GPay,,"Kalakalappa irundhuchu, next time friends oda varen"
2026-03-21,19:49,Naveen,+91 9553805365,54,Walk-in,Chicken Wings (5 pc),No,2,260,karur_kalam,No,0,260,GPay,3,"Taste romba pramadham illa, sagalama irundhuchu"
2026-03-21,20:35,Bala S,+91 6988516560,33,Phone Call,Chicken Wings (5 pc),No,2,260,karur_kalam,No,0,260,GPay,3,"Average, expected more spice"
2026-03-21,18:05,Arun,+91 7339845461,38,Phone Call,Chicken Lollipop (4 pc),No,1,130,karur_kalam,No,0,130,PhonePe,3,"Not bad, but waiting time konjam adhigama irundhuchu"
2026-03-21,19:16,Ravi Devi,+91 8375564641,45,Walk-in,Chicken Lollipop (4 pc),No,2,260,karur_kalam,No,0,260,Cash,5,"Excellent flavour, family panindhalum enjoy pannanga"
2026-03-21,20:59,John S,+91 6893246095,30,Walk-in,Chicken Leg (2 pc),No,1,130,karur_kalam,No,0,130,Cash,,"Wings semma crispy ah irundhuchu, thanks anna"
2026-03-21,19:20,Priya K,+91 9725040258,56,Walk-in,Chicken Wings (5 pc),No,1,130,karur_kalam,No,0,130,GPay,4,"Super spicy and juicy, best bbq in area"
2026-03-21,18:24,Gopal Prasad,+91 7080241041,38,Walk-in,Chicken Leg (2 pc),No,1,130,karur_kalam,Yes,13,117,GPay,4,"Amazing bbq stall, must try in this area"
2026-03-21,19:42,Kumar,+91 8953278774,46,Phone Call,Chicken Wings (5 pc),No,1,130,karur_kalam,No,0,130,Cash,4,"Best chicken lollipop I've had, will come again"
2026-03-21,22:39,Muthu Devi,+91 6983584168,43,Phone Call,Chicken Wings (5 pc),No,1,130,karur_kalam,No,0,130,GPay,3,
2026-03-21,17:43,Sivakumar,+91 7986800025,45,Phone Call,Chicken Wings (5 pc),No,1,130,karur_kalam,No,0,130,GPay,5,"Amazing bbq stall, must try in this area"
2026-03-21,17:46,Selvam S,+91 7172788957,54,Phone Call,Chicken Leg (2 pc),No,1,130,karur_kalam,No,0,130,Cash,4,"Excellent flavour, family panindhalum enjoy pannanga"
2026-03-21,20:49,Sowmya Kumar,+91 8403317393,40,Phone Call,Chicken Leg (2 pc),No,1,130,karur_kalam,No,0,130,GPay,5,"Wings semma crispy ah irundhuchu, thanks anna"
2026-03-21,21:26,Gopal Raj,+91 8717464887,43,Phone Call,Chicken Lollipop (4 pc),No,2,260,karur_kalam,No,0,260,PhonePe,5,"Kalakalappa irundhuchu, next time friends oda varen"
2026-03-21,17:52,Selvam,+91 9400524278,,Phone Call,Chicken Leg (2 pc),No,1,130,karur_kalam,No,0,130,GPay,2,"Quantity kammiya kudutanga, not worth the price"
2026-03-21,22:23,Arun Kumar,+91 6384691281,38,Walk-in,Chicken Lollipop (4 pc),No,2,260,karur_kalam,Yes,26,234,Cash,,"Great value for money, fresh and hot"
2026-03-21,21:56,Anand M,+91 8698478961,59,Phone Call,Chicken Lollipop (4 pc),No,1,130,karur_kalam,No,0,130,Cash,4,"Nalla crispy ah irundhuchu, quantity um super"
2026-03-21,18:14,,+91 8953278774,46,Phone Call,Chicken Leg (2 pc),No,1,130,karur_kalam,No,0,130,GPay,,Very tasty and quick service too
2026-03-21,20:38,Vijay Raj,+91 8716504415,26,Walk-in,Chicken Lollipop (4 pc),No,1,130,karur_kalam,No,0,130,GPay,4,"Great value for money, fresh and hot"
2026-03-21,19:20,,+91 7780498762,,Walk-in,Chicken Leg (2 pc),No,1,130,karur_kalam,No,0,130,Cash,5,
2026-03-21,18:52,Dhanush R,+91 6464402613,37,Walk-in,Chicken Leg (2 pc),No,1,130,karur_kalam,No,0,130,Cash,3,"Not bad, but waiting time konjam adhigama irundhuchu"
2026-03-21,19:56,,+91 6095425275,,Walk-in,Chicken Lollipop (4 pc),No,2,260,karur_kalam,No,0,260,GPay,5,"Excellent flavour, family panindhalum enjoy pannanga"
2026-03-21,20:06,Saravanan,+91 8190496631,52,Phone Call,Chicken Lollipop (4 pc),No,1,130,karur_kalam,No,0,130,GPay,5,"Nalla crispy ah irundhuchu, quantity um super"
2026-03-21,22:21,Saravanan R,+91 7673657661,35,Phone Call,Chicken Lollipop (4 pc),No,1,130,karur_kalam,Yes,13,117,GPay,4,
2026-03-22,18:04,Anand S,+91 7477109324,,Walk-in,Chicken Wings (5 pc),No,1,130,karur_kalam,No,0,130,GPay,3,
2026-03-22,22:45,Elango Devi,+91 9849053667,56,Walk-in,Chicken Leg (2 pc),No,1,130,karur_kalam,No,0,130,Cash,5,"Semma taste bro, chicken romba soft ah irundhuchu"
2026-03-22,21:42,Vignesh R,+91 7149190586,,Walk-in,Chicken Lollipop (4 pc),No,1,130,karur_kalam,No,0,130,GPay,4,
2026-03-22,20:32,Ayesha Raj,+91 6265423511,39,Walk-in,Chicken Lollipop (4 pc),No,1,130,karur_kalam,No,0,130,Cash,,"Excellent flavour, family panindhalum enjoy pannanga"
2026-03-22,18:51,Prakash Devi,+91 7689702838,35,Phone Call,Chicken Wings (5 pc),No,1,130,karur_kalam,No,0,130,GPay,,"Excellent flavour, family panindhalum enjoy pannanga"
2026-03-22,17:09,John Raj,+91 8198327315,50,Walk-in,Chicken Wings (5 pc),No,1,130,karur_kalam,No,0,130,Cash,,"Wings semma crispy ah irundhuchu, thanks anna"
2026-03-22,20:55,Yazhini Devi,+91 8648236629,51,Phone Call,Chicken Leg (2 pc),No,1,130,karur_kalam,No,0,130,GPay,5,
2026-03-22,22:31,Lakshmi,+91 7930103105,19,Phone Call,Chicken Lollipop (4 pc),No,2,260,karur_kalam,No,0,260,PhonePe,2,"Waiting time mikka adhigama irundhuchu, service slow"
2026-03-22,18:18,Sowmya R,+91 8268665083,41,Walk-in,Chicken Lollipop (4 pc),No,1,130,karur_kalam,No,0,130,GPay,5,"Excellent flavour, family panindhalum enjoy pannanga"
2026-03-22,20:40,Vijay Raj,+91 7903909200,36,Walk-in,Chicken Lollipop (4 pc),No,1,130,karur_kalam,No,0,130,PhonePe,5,"Wings semma crispy ah irundhuchu, thanks anna"
2026-03-22,19:34,Vijay Kumar,+91 9506068536,,Walk-in,Chicken Leg (2 pc),No,2,260,karur_kalam,No,0,260,Cash,,"Ultimate taste anna, naa daily varen"
2026-03-22,20:54,Prakash Devi,+91 7689702838,,Walk-in,Chicken Wings (5 pc),No,1,130,karur_kalam,No,0,130,,5,"Great value for money, fresh and hot"
2026-03-22,17:30,John Devi,+91 7229270653,43,Phone Call,Chicken Leg (2 pc),No,1,130,karur_kalam,No,0,130,GPay,,
2026-03-22,22:41,Deepa Babu,+91 8527111161,38,Phone Call,Chicken Leg (2 pc),No,1,130,karur_kalam,No,0,130,GPay,5,"Best chicken lollipop I've had, will come again"
2026-03-22,17:12,Arun Babu,+91 8940781618,33,Phone Call,Chicken Wings (5 pc),No,1,130,karur_kalam,No,0,130,PhonePe,4,"Loved the combo, perfect spice level"
2026-03-22,20:12,,+91 6433315696,31,Walk-in,Chicken Lollipop (4 pc),No,1,130,karur_kalam,Yes,13,117,Cash,,"Waiting time mikka adhigama irundhuchu, service slow"
2026-03-22,17:30,Divya,+91 7164266331,39,Phone Call,Chicken Leg (2 pc),No,2,260,karur_kalam,Yes,26,234,Cash,2,"Quantity kammiya kudutanga, not worth the price"
2026-03-22,21:40,Ravi,+91 8199508190,,Walk-in,Chicken Wings (5 pc),No,1,130,karur_kalam,No,0,130,GPay,,"Great value for money, fresh and hot"
2026-03-22,20:12,Kumar Babu,+91 7413022867,21,Walk-in,Chicken Leg (2 pc),No,1,130,karur_kalam,Yes,13,117,Cash,4,
2026-03-22,21:39,Mary Kumar,+91 6746120047,22,Walk-in,Chicken Leg (2 pc),No,1,130,karur_kalam,No,0,130,PhonePe,,"Best chicken lollipop I've had, will come again"
2026-03-22,18:52,Vijay Kumar,+91 9506068536,20,Phone Call,Chicken Leg (2 pc),No,1,130,karur_kalam,No,0,130,PhonePe,5,"Amazing bbq stall, must try in this area"
2026-03-22,22:30,Vijay,+91 8241248454,41,Walk-in,Chicken Lollipop (4 pc),No,1,130,karur_kalam,No,0,130,GPay,,"It was fine, nothing special"
2026-03-22,21:00,Gopal Raj,+91 8961586578,,Walk-in,Chicken Wings (5 pc),No,1,130,karur_kalam,No,0,130,Cash,5,"Freshly grilled and juicy, highly recommend"
2026-03-22,18:08,Swathi,+91 6812191361,51,Phone Call,Chicken Leg (2 pc),No,2,260,karur_kalam,No,0,260,Cash,4,"Best chicken lollipop I've had, will come again"
2026-03-22,18:01,Manoj Raj,+91 6824008427,21,Walk-in,Chicken Lollipop (4 pc),No,1,130,karur_kalam,No,0,130,PhonePe,4,"Wings semma crispy ah irundhuchu, thanks anna"
2026-03-22,19:56,Pradeep Prasad,+91 7411643424,,Walk-in,Chicken Wings (5 pc),No,1,130,karur_kalam,No,0,130,PhonePe,5,"Chicken leg romba soft ah vekachu irundhuchu, super"
2026-03-22,19:47,,+91 6607337543,29,Phone Call,Chicken Wings (5 pc),No,2,260,karur_kalam,No,0,260,Card,5,
2026-03-22,22:06,John Babu,+91 6592346652,19,Walk-in,Chicken Wings (5 pc),No,1,130,karur_kalam,No,0,130,Cash,4,"Wings semma crispy ah irundhuchu, thanks anna"
2026-03-22,20:59,Selvam R,+91 6217659180,29,Phone Call,Chicken Wings (5 pc),No,1,130,karur_kalam,No,0,130,Card,,"Average, expected more spice"
2026-03-22,19:54,Karthik Prasad,+91 6786957601,50,Walk-in,Chicken Leg (2 pc),No,1,130,karur_kalam,No,0,130,GPay,4,"Semma taste bro, chicken romba soft ah irundhuchu"
2026-03-22,19:38,Dinesh Babu,+91 8549480831,30,Phone Call,Chicken Leg (2 pc),No,1,130,karur_kalam,No,0,130,GPay,5,
2026-03-22,20:47,,+91 9504093701,22,Walk-in,Chicken Wings (5 pc),No,1,130,karur_kalam,No,0,130,GPay,5,"Excellent flavour, family panindhalum enjoy pannanga"
2026-03-22,19:03,Yazhini R,+91 9582029702,19,Phone Call,Chicken Leg (2 pc),No,1,130,karur_kalam,No,0,130,Cash,3,
2026-03-22,22:40,Kumar M,+91 6916998543,57,Phone Call,Chicken Lollipop (4 pc),No,1,130,karur_kalam,No,0,130,PhonePe,,"Semma taste bro, chicken romba soft ah irundhuchu"
2026-03-22,18:42,Vidya Devi,+91 9908740640,28,Phone Call,Chicken Leg (2 pc),No,1,130,karur_kalam,No,0,130,Cash,2,"Quantity kammiya kudutanga, not worth the price"
2026-03-22,20:22,Dinesh K,+91 9401489025,16,Walk-in,Chicken Wings (5 pc),No,2,260,karur_kalam,No,0,260,Cash,3,"Okay okay taste, but konjam salt adhigama irundhuchu"
2026-03-22,21:43,Vignesh,+91 8134277323,35,Walk-in,Chicken Lollipop (4 pc),No,1,130,karur_kalam,No,0,130,Cash,4,"Loved the combo, perfect spice level"
2026-03-22,20:39,Dinesh K,+91 9498941343,38,Phone Call,Chicken Leg (2 pc),No,1,130,karur_kalam,No,0,130,GPay,4,"Great value for money, fresh and hot"
2026-03-22,17:49,Gopal R,+91 7655110475,32,Phone Call,Chicken Leg (2 pc),No,2,260,karur_kalam,No,0,260,PhonePe,,"Chicken leg romba soft ah vekachu irundhuchu, super"
2026-03-22,18:42,Manoj Prasad,+91 7795723816,58,Walk-in,Chicken Leg (2 pc),No,1,130,karur_kalam,No,0,130,Cash,3,
2026-03-22,20:33,Arun Kumar,+91 7675869261,46,Phone Call,Chicken Lollipop (4 pc),No,1,130,karur_kalam,No,0,130,GPay,5,"Nalla crispy ah irundhuchu, quantity um super"
2026-03-22,21:56,Elango Devi,+91 9837770143,40,Phone Call,Chicken Wings (5 pc),No,1,130,karur_kalam,No,0,130,GPay,5,
2026-03-22,20:07,Kavya Kumar,+91 6515220472,60,Phone Call,Chicken Wings (5 pc),No,1,130,karur_kalam,No,0,130,GPay,4,"Loved the combo, perfect spice level"
2026-03-22,18:59,Kumar R,+91 9471027677,28,Walk-in,Chicken Lollipop (4 pc),No,1,130,karur_kalam,No,0,130,Cash,4,"Loved the combo, perfect spice level"
2026-03-22,18:14,John R,+91 9480162456,38,Phone Call,Chicken Wings (5 pc),No,1,130,karur_kalam,No,0,130,GPay,5,
2026-03-22,22:00,Ramesh Raj,+91 9584044997,24,Phone Call,Chicken Lollipop (4 pc),No,1,130,karur_kalam,No,0,130,GPay,4,"Semma taste bro, chicken romba soft ah irundhuchu"
2026-03-22,22:48,Fathima K,+91 6180829385,18,Walk-in,Chicken Leg (2 pc),No,2,260,karur_kalam,No,0,260,GPay,3,"Taste romba pramadham illa, sagalama irundhuchu"
2026-03-22,18:47,Arun Kumar,+91 7675869261,46,Phone Call,Chicken Leg (2 pc),No,1,130,karur_kalam,No,0,130,PhonePe,4,"Great value for money, fresh and hot"
2026-03-22,17:50,Sivakumar S,+91 8991216558,38,Phone Call,Chicken Lollipop (4 pc),No,1,130,karur_kalam,No,0,130,GPay,5,
2026-03-22,17:31,Fathima M,+91 8782911467,48,Phone Call,Chicken Lollipop (4 pc),No,1,130,karur_kalam,No,0,130,GPay,3,"Okay okay taste, but konjam salt adhigama irundhuchu"
2026-03-22,22:18,Kavya,+91 8067165726,26,Phone Call,Chicken Wings (5 pc),No,1,130,karur_kalam,Yes,13,117,PhonePe,3,
2026-03-22,19:30,Dinesh M,+91 7614293968,36,Walk-in,Chicken Leg (2 pc),No,1,130,karur_kalam,No,0,130,GPay,5,
2026-03-22,21:38,Farhan R,+91 6536791207,25,Walk-in,Chicken Leg (2 pc),No,2,260,karur_kalam,No,0,260,GPay,5,
2026-03-22,20:57,Gopal Devi,+91 8456578174,33,Walk-in,Chicken Lollipop (4 pc),No,1,130,karur_kalam,No,0,130,Paytm,2,"Waiting time mikka adhigama irundhuchu, service slow"
2026-03-22,18:59,Swathi K,+91 8191088398,24,Phone Call,Chicken Lollipop (4 pc),No,1,130,karur_kalam,No,0,130,GPay,4,
2026-03-23,19:27,Rajesh,+91 6422842102,15,Phone Call,Chicken Leg (2 pc),No,1,130,karur_kalam,No,0,130,PhonePe,2,
2026-03-23,17:57,Muthu,+91 8645497683,33,Walk-in,Chicken Wings (5 pc),No,1,130,karur_kalam,No,0,130,Cash,4,"Loved the combo, perfect spice level"
2026-03-23,19:05,Kavya,+91 8936899809,57,Walk-in,Chicken Leg (2 pc),No,1,130,karur_kalam,Yes,13,117,GPay,,"Excellent flavour, family panindhalum enjoy pannanga"
2026-03-23,19:01,Prakash Kumar,+91 9231665876,18,Phone Call,Chicken Lollipop (4 pc),No,1,130,karur_kalam,No,0,130,GPay,4,
2026-03-23,20:25,Ramesh Prasad,+91 8164776310,59,Walk-in,Chicken Leg (2 pc),No,2,260,karur_kalam,No,0,260,Cash,4,
2026-03-23,20:57,Karthik R,+91 9603859770,28,Walk-in,Chicken Lollipop (4 pc),No,1,130,karur_kalam,No,0,130,Paytm,4,"Vera level taste, oru sight ah irundhuchu"
2026-03-23,19:33,Ramesh,+91 7724479297,60,Walk-in,Chicken Leg (2 pc),No,1,130,karur_kalam,No,0,130,Paytm,4,
2026-03-23,21:26,Abdul Kareem Raj,+91 9392488780,56,Walk-in,Chicken Wings (5 pc),No,1,130,karur_kalam,No,0,130,GPay,5,"Loved the combo, perfect spice level"
2026-03-23,18:08,,+91 6659401399,,Walk-in,Chicken Wings (5 pc),No,1,130,karur_kalam,No,0,130,GPay,,
2026-03-23,18:12,Kavya,+91 8936899809,57,Phone Call,Chicken Leg (2 pc),No,1,130,karur_kalam,No,0,130,Cash,4,
2026-03-23,17:50,Vignesh R,+91 7149190586,57,Phone Call,Chicken Leg (2 pc),No,1,130,karur_kalam,Yes,13,117,Paytm,4,"Ultimate taste anna, naa daily varen"
2026-03-23,20:26,Swathi Prasad,+91 7982595269,,Phone Call,Chicken Wings (5 pc),No,1,130,karur_kalam,No,0,130,GPay,5,
2026-03-23,20:39,Saravanan Raj,+91 6577025015,,Walk-in,Chicken Wings (5 pc),No,2,260,karur_kalam,No,0,260,PhonePe,4,
2026-03-23,19:21,Lakshmi,+91 9449251925,34,Phone Call,Chicken Wings (5 pc),No,1,130,karur_kalam,No,0,130,GPay,5,"Amazing bbq stall, must try in this area"
2026-03-23,18:24,Vignesh Raj,+91 7050953072,45,Walk-in,Chicken Leg (2 pc),No,1,130,karur_kalam,No,0,130,GPay,4,"Excellent flavour, family panindhalum enjoy pannanga"
2026-03-23,21:52,Murugan R,+91 9603669802,44,Walk-in,Chicken Wings (5 pc),No,1,130,karur_kalam,No,0,130,,5,"Vera level taste, oru sight ah irundhuchu"
2026-03-23,19:33,Revathi Babu,+91 6783908470,18,Phone Call,Chicken Leg (2 pc),No,2,260,karur_kalam,No,0,260,,4,"Best chicken lollipop I've had, will come again"
2026-03-23,21:43,Vidya Kumar,+91 8738299737,41,Phone Call,Chicken Leg (2 pc),No,2,260,karur_kalam,No,0,260,GPay,4,"Freshly grilled and juicy, highly recommend"
2026-03-23,18:30,Rajesh Kumar,+91 8339421047,17,Phone Call,Chicken Leg (2 pc),No,1,130,karur_kalam,No,0,130,GPay,4,"Semma taste bro, chicken romba soft ah irundhuchu"
2026-03-23,20:22,Murugan M,+91 6237432692,32,Walk-in,Chicken Wings (5 pc),No,1,130,karur_kalam,No,0,130,Cash,,"Okay okay taste, but konjam salt adhigama irundhuchu"
2026-03-23,22:57,Karthik Devi,+91 9974034471,58,Phone Call,Chicken Wings (5 pc),No,1,130,karur_kalam,Yes,13,117,,,"Okay okay taste, but konjam salt adhigama irundhuchu"
2026-03-23,22:23,Yazhini Devi,+91 8648236629,51,Phone Call,Chicken Wings (5 pc),No,1,130,karur_kalam,Yes,13,117,Paytm,3,"Average, expected more spice"
2026-03-23,21:47,Karthik R,+91 9603859770,28,Phone Call,Chicken Leg (2 pc),No,1,130,karur_kalam,No,0,130,GPay,4,
2026-03-23,21:46,Ramesh Raj,+91 9584044997,,Walk-in,Chicken Leg (2 pc),No,1,130,karur_kalam,No,0,130,Cash,5,"Great value for money, fresh and hot"
2026-03-23,18:27,,+91 7339845461,,Phone Call,Chicken Leg (2 pc),No,2,260,karur_kalam,Yes,26,234,GPay,3,"Okay okay taste, but konjam salt adhigama irundhuchu"
2026-03-23,22:28,Kumar K,+91 9268779388,,Walk-in,Chicken Leg (2 pc),No,1,130,karur_kalam,No,0,130,PhonePe,5,"Super spicy and juicy, best bbq in area"
2026-03-23,21:38,Vijay,+91 8396907844,45,Walk-in,Chicken Leg (2 pc),No,1,130,karur_kalam,Yes,13,117,,4,"Loved the combo, perfect spice level"
2026-03-23,17:57,Anand Prasad,+91 7799650752,46,Walk-in,Chicken Wings (5 pc),No,1,130,karur_kalam,Yes,13,117,,,"Nalla crispy ah irundhuchu, quantity um super"
2026-03-23,20:01,,+91 7657814963,37,Walk-in,Chicken Lollipop (4 pc),No,1,130,karur_kalam,No,0,130,Paytm,3,"Average, expected more spice"
2026-03-23,17:42,,+91 6916998543,57,Walk-in,Chicken Wings (5 pc),No,1,130,karur_kalam,No,0,130,,4,"Kalakalappa irundhuchu, next time friends oda varen"
2026-03-23,22:36,Aishwarya Kumar,+91 6217373397,55,Walk-in,Chicken Leg (2 pc),No,1,130,karur_kalam,No,0,130,GPay,,Quantity konjam kammiya irundhuchu but taste okay
2026-03-23,19:17,Prakash Prasad,+91 8687833918,43,Phone Call,Chicken Lollipop (4 pc),No,2,260,karur_kalam,No,0,260,GPay,4,"Semma taste bro, chicken romba soft ah irundhuchu"
2026-03-23,22:45,,+91 7580471180,17,Walk-in,Chicken Lollipop (4 pc),No,1,130,karur_kalam,No,0,130,PhonePe,4,"Super spicy and juicy, best bbq in area"
2026-03-23,20:31,Kalaivani,+91 6699016272,,Phone Call,Chicken Wings (5 pc),No,1,130,karur_kalam,No,0,130,Card,5,"Vera level taste, oru sight ah irundhuchu"
2026-03-23,20:48,Lakshmi Devi,+91 7575042246,31,Walk-in,Chicken Lollipop (4 pc),No,2,260,karur_kalam,No,0,260,PhonePe,,"Amazing bbq stall, must try in this area"
2026-03-23,17:03,Nithya S,+91 7634351751,49,Phone Call,Chicken Wings (5 pc),No,1,130,karur_kalam,No,0,130,PhonePe,5,
2026-03-23,18:59,Anitha Prasad,+91 6826786504,32,Walk-in,Chicken Wings (5 pc),No,1,130,karur_kalam,No,0,130,Cash,3,"Not bad, but waiting time konjam adhigama irundhuchu"
2026-03-23,20:26,Anitha M,+91 8406409097,33,Walk-in,Chicken Leg (2 pc),No,1,130,karur_kalam,No,0,130,GPay,,
2026-03-23,22:00,Vidya Kumar,+91 8738299737,41,Walk-in,Chicken Leg (2 pc),No,1,130,karur_kalam,No,0,130,Cash,4,
2026-03-23,20:41,Karthik Devi,+91 9974034471,58,Walk-in,Chicken Lollipop (4 pc),No,1,130,karur_kalam,No,0,130,Paytm,4,"Loved the combo, perfect spice level"
2026-03-23,19:05,Murugan,+91 7226025634,25,Walk-in,Chicken Wings (5 pc),No,1,130,karur_kalam,No,0,130,PhonePe,5,
2026-03-23,19:33,Anitha S,+91 6477005411,54,Phone Call,Chicken Wings (5 pc),No,1,130,karur_kalam,No,0,130,GPay,3,
2026-03-24,18:13,Sathish,+91 6037917693,60,Walk-in,Chicken Lollipop (4 pc),No,1,130,karur_kalam,No,0,130,GPay,3,Quantity konjam kammiya irundhuchu but taste okay
2026-03-24,21:44,Murugan Babu,+91 9833674089,21,Walk-in,Chicken Lollipop (4 pc),No,1,130,karur_kalam,No,0,130,PhonePe,5,"Great value for money, fresh and hot"
2026-03-24,17:35,Kumar Kumar,+91 6190790306,43,Walk-in,Chicken Wings (5 pc),No,1,130,karur_kalam,No,0,130,Cash,3,
2026-03-24,19:26,Iniya,+91 6637035595,54,Walk-in,Chicken Lollipop (4 pc),No,1,130,karur_kalam,Yes,13,117,PhonePe,3,"Decent taste, price sari than"
2026-03-24,22:01,Divya,+91 7536873209,24,Walk-in,Chicken Leg (2 pc),No,2,260,karur_kalam,No,0,260,GPay,5,"Great value for money, fresh and hot"
2026-03-24,18:45,Dinesh R,+91 9183410006,39,Phone Call,Chicken Wings (5 pc),No,1,130,karur_kalam,No,0,130,Paytm,4,"Vera level taste, oru sight ah irundhuchu"
2026-03-24,20:40,Abdul Kareem S,+91 9008484086,26,Walk-in,Chicken Lollipop (4 pc),No,1,130,karur_kalam,No,0,130,GPay,,"Wings semma crispy ah irundhuchu, thanks anna"
2026-03-24,22:47,Suresh,+91 7389083863,43,Phone Call,Chicken Wings (5 pc),No,1,130,karur_kalam,No,0,130,PhonePe,4,"Ultimate taste anna, naa daily varen"
2026-03-24,22:58,Farhan,+91 7764513005,55,Walk-in,Chicken Lollipop (4 pc),No,1,130,karur_kalam,No,0,130,GPay,5,
2026-03-24,19:22,Ramesh Raj,+91 9584044997,,Phone Call,Chicken Wings (5 pc),No,1,130,karur_kalam,Yes,13,117,PhonePe,3,
2026-03-24,19:05,Ayesha Babu,+91 6718702621,,Walk-in,Chicken Leg (2 pc),No,2,260,karur_kalam,No,0,260,Cash,5,"Super spicy and juicy, best bbq in area"
2026-03-24,19:32,Vignesh R,+91 7149190586,57,Walk-in,Chicken Leg (2 pc),No,1,130,karur_kalam,No,0,130,GPay,,"Kalakalappa irundhuchu, next time friends oda varen"
2026-03-24,21:35,Karthik Prasad,+91 8045156993,28,Walk-in,Chicken Wings (5 pc),No,1,130,karur_kalam,No,0,130,Cash,3,
2026-03-24,19:03,Pradeep Devi,+91 7757059640,19,Phone Call,Chicken Wings (5 pc),No,1,130,karur_kalam,No,0,130,PhonePe,5,
2026-03-24,17:41,Arun,+91 7339845461,38,Phone Call,Chicken Leg (2 pc),No,1,130,karur_kalam,No,0,130,GPay,3,"Average, expected more spice"
2026-03-24,22:58,Deepa Raj,+91 7653145945,,Walk-in,Chicken Wings (5 pc),No,1,130,karur_kalam,No,0,130,GPay,3,"Okay okay taste, but konjam salt adhigama irundhuchu"
2026-03-24,17:09,Deepa Babu,+91 8527111161,38,Phone Call,Chicken Leg (2 pc),No,1,130,karur_kalam,No,0,130,Cash,4,"Freshly grilled and juicy, highly recommend"
2026-03-24,20:16,,+91 7389083863,43,Phone Call,Chicken Leg (2 pc),No,1,130,karur_kalam,No,0,130,PhonePe,4,"Ultimate taste anna, naa daily varen"
2026-03-24,18:20,Anand Devi,+91 9737826398,23,Walk-in,Chicken Wings (5 pc),No,2,260,karur_kalam,No,0,260,Cash,5,"Freshly grilled and juicy, highly recommend"
2026-03-24,20:09,Saravanan,+91 8190496631,52,Walk-in,Chicken Lollipop (4 pc),No,1,130,karur_kalam,No,0,130,GPay,4,"Excellent flavour, family panindhalum enjoy pannanga"
2026-03-24,22:53,Abdul Kareem,+91 8770751862,21,Walk-in,Chicken Lollipop (4 pc),No,1,130,karur_kalam,Yes,13,117,GPay,4,"Freshly grilled and juicy, highly recommend"
2026-03-24,22:04,Yazhini R,+91 9582029702,,Phone Call,Chicken Leg (2 pc),No,2,260,karur_kalam,No,0,260,GPay,2,"Not fresh today, taste changed"
2026-03-24,20:38,Senthil Raj,+91 7618324210,25,Phone Call,Chicken Lollipop (4 pc),No,1,130,karur_kalam,No,0,130,PhonePe,4,"Semma taste bro, chicken romba soft ah irundhuchu"
2026-03-24,17:34,Elango S,+91 8987769453,20,Walk-in,Chicken Leg (2 pc),No,2,260,karur_kalam,Yes,26,234,GPay,4,
2026-03-24,22:20,Meena Prasad,+91 7341016668,45,Walk-in,Chicken Leg (2 pc),No,1,130,karur_kalam,No,0,130,Cash,4,
2026-03-24,19:03,Prakash Devi,+91 7689702838,35,Phone Call,Chicken Lollipop (4 pc),No,1,130,karur_kalam,No,0,130,PhonePe,5,"Wings semma crispy ah irundhuchu, thanks anna"
2026-03-24,22:41,Iniya R,+91 9850542357,27,Walk-in,Chicken Leg (2 pc),No,1,130,karur_kalam,No,0,130,GPay,2,"Cold ah kudutanga, expected hot and fresh"
2026-03-24,22:53,Swathi S,+91 9041557813,55,Walk-in,Chicken Leg (2 pc),No,1,130,karur_kalam,No,0,130,Cash,3,
2026-03-24,19:46,Naveen,+91 9841459332,45,Phone Call,Chicken Wings (5 pc),No,1,130,karur_kalam,No,0,130,GPay,3,
2026-03-24,18:00,Dinesh K,+91 9401489025,16,Walk-in,Chicken Wings (5 pc),No,1,130,karur_kalam,Yes,13,117,Paytm,5,"Excellent flavour, family panindhalum enjoy pannanga"
2026-03-24,19:08,Deepa S,+91 6112805982,42,Phone Call,Chicken Wings (5 pc),No,1,130,karur_kalam,No,0,130,PhonePe,,"Excellent flavour, family panindhalum enjoy pannanga"
2026-03-24,18:45,Farhan Devi,+91 9416052975,20,Walk-in,Chicken Leg (2 pc),No,1,130,karur_kalam,No,0,130,GPay,,
2026-03-24,18:26,Nithya S,+91 7634351751,49,Phone Call,Chicken Wings (5 pc),No,1,130,karur_kalam,No,0,130,Paytm,4,"Nalla crispy ah irundhuchu, quantity um super"
2026-03-24,20:41,Yazhini M,+91 9225468629,41,Walk-in,Chicken Lollipop (4 pc),No,1,130,karur_kalam,No,0,130,Cash,5,"Semma taste bro, chicken romba soft ah irundhuchu"
2026-03-24,19:41,Ramesh Raj,+91 9584044997,24,Walk-in,Chicken Wings (5 pc),No,1,130,karur_kalam,No,0,130,Cash,4,
2026-03-24,17:58,Rajesh,+91 6422842102,,Walk-in,Chicken Lollipop (4 pc),No,1,130,karur_kalam,No,0,130,GPay,,"Not fresh today, taste changed"
2026-03-24,18:03,,+91 9230913075,,Phone Call,Chicken Wings (5 pc),No,1,130,karur_kalam,No,0,130,Paytm,4,
2026-03-24,18:25,Elango Raj,+91 7052258987,58,Walk-in,Chicken Wings (5 pc),No,1,130,karur_kalam,No,0,130,Cash,3,
2026-03-24,18:58,Swathi R,+91 9230913075,41,Walk-in,Chicken Wings (5 pc),No,1,130,karur_kalam,No,0,130,GPay,5,
2026-03-24,17:26,Nithya Raj,+91 7494652650,35,Walk-in,Chicken Leg (2 pc),No,1,130,karur_kalam,No,0,130,PhonePe,4,
2026-03-24,22:47,Fathima S,+91 9559875920,31,Walk-in,Chicken Lollipop (4 pc),No,1,130,karur_kalam,No,0,130,Card,5,
2026-03-24,22:29,Vignesh Kumar,+91 8957885685,,Phone Call,Chicken Lollipop (4 pc),No,2,260,karur_kalam,Yes,26,234,Cash,5,
2026-03-24,20:46,Revathi S,+91 9558867533,51,Phone Call,Chicken Leg (2 pc),No,2,260,karur_kalam,No,0,260,Paytm,,"Wings semma crispy ah irundhuchu, thanks anna"
2026-03-24,19:18,Elango Raj,+91 9283419067,55,Walk-in,Chicken Leg (2 pc),No,1,130,karur_kalam,No,0,130,GPay,5,
2026-03-24,20:49,Suresh R,+91 7654145868,36,Walk-in,Chicken Leg (2 pc),No,1,130,karur_kalam,Yes,13,117,Cash,4,"Wings semma crispy ah irundhuchu, thanks anna"
2026-03-24,18:43,Yazhini R,+91 9582029702,,Phone Call,Chicken Lollipop (4 pc),No,1,130,karur_kalam,No,0,130,PhonePe,4,"Chicken leg romba soft ah vekachu irundhuchu, super"
2026-03-24,17:54,Karthik Devi,+91 9974034471,58,Phone Call,Chicken Leg (2 pc),No,1,130,karur_kalam,No,0,130,GPay,5,"Loved the combo, perfect spice level"
2026-03-24,19:01,Gopal Raj,+91 8961586578,17,Phone Call,Chicken Lollipop (4 pc),No,1,130,karur_kalam,No,0,130,GPay,4,
2026-03-25,17:16,Arun Kumar,+91 7387262473,19,Walk-in,Chicken Lollipop (4 pc),No,1,130,karur_kalam,No,0,130,GPay,4,
2026-03-25,20:59,Kumar M,+91 7622444721,25,Phone Call,Chicken Leg (2 pc),No,1,130,karur_kalam,Yes,13,117,PhonePe,2,"Waiting time mikka adhigama irundhuchu, service slow"
2026-03-25,18:49,Ayesha Babu,+91 9947055169,34,Walk-in,Chicken Leg (2 pc),No,1,130,karur_kalam,No,0,130,Cash,5,"Best chicken lollipop I've had, will come again"
2026-03-25,20:21,Kalaivani,+91 9535560932,16,Phone Call,Chicken Lollipop (4 pc),No,1,130,karur_kalam,No,0,130,GPay,5,"Loved the combo, perfect spice level"
2026-03-25,20:14,Sowmya Babu,+91 6814124782,42,Phone Call,Chicken Lollipop (4 pc),No,1,130,karur_kalam,No,0,130,PhonePe,4,"Super spicy and juicy, best bbq in area"
2026-03-25,21:20,Ayesha,+91 7680182422,,Walk-in,Chicken Leg (2 pc),No,1,130,karur_kalam,Yes,13,117,Cash,,"Amazing bbq stall, must try in this area"
2026-03-25,20:49,Muthu Babu,+91 6455623869,58,Walk-in,Chicken Leg (2 pc),No,2,260,karur_kalam,No,0,260,GPay,,"Average, expected more spice"
2026-03-25,22:52,Mary Devi,+91 6765021000,25,Walk-in,Chicken Lollipop (4 pc),No,2,260,karur_kalam,No,0,260,GPay,4,"Freshly grilled and juicy, highly recommend"
2026-03-25,18:39,Mary,+91 7431611724,,Phone Call,Chicken Lollipop (4 pc),No,1,130,karur_kalam,No,0,130,PhonePe,,"Semma taste bro, chicken romba soft ah irundhuchu"
2026-03-25,21:31,Swathi K,+91 8191088398,,Phone Call,Chicken Wings (5 pc),No,2,260,karur_kalam,No,0,260,Cash,,"Amazing bbq stall, must try in this area"
2026-03-25,21:19,Sowmya Babu,+91 7115243872,57,Walk-in,Chicken Leg (2 pc),No,2,260,karur_kalam,Yes,26,234,Cash,4,"Ultimate taste anna, naa daily varen"
2026-03-25,19:12,Sathish Kumar,+91 8843443757,37,Phone Call,Chicken Wings (5 pc),No,1,130,karur_kalam,No,0,130,Cash,5,
2026-03-25,17:28,Ayesha Babu,+91 7145623285,48,Phone Call,Chicken Wings (5 pc),No,2,260,karur_kalam,No,0,260,GPay,5,
2026-03-25,17:22,Ramesh Kumar,+91 8376724238,49,Phone Call,Chicken Wings (5 pc),No,1,130,karur_kalam,No,0,130,Cash,3,"Taste romba pramadham illa, sagalama irundhuchu"
2026-03-25,19:29,Ramesh M,+91 9676015043,,Phone Call,Chicken Wings (5 pc),No,1,130,karur_kalam,No,0,130,GPay,5,"Semma taste bro, chicken romba soft ah irundhuchu"
2026-03-25,18:15,Meena Babu,+91 9329774105,,Walk-in,Chicken Leg (2 pc),No,1,130,karur_kalam,No,0,130,PhonePe,4,"Semma taste bro, chicken romba soft ah irundhuchu"
2026-03-25,22:26,Joseph,+91 9165373053,33,Walk-in,Chicken Wings (5 pc),No,1,130,karur_kalam,No,0,130,Cash,4,"Loved the combo, perfect spice level"
2026-03-25,20:54,Sowmya,+91 6661690367,,Walk-in,Chicken Lollipop (4 pc),No,1,130,karur_kalam,No,0,130,GPay,2,
2026-03-25,19:39,Joseph Prasad,+91 6756551256,59,Walk-in,Chicken Wings (5 pc),No,1,130,karur_kalam,No,0,130,Cash,2,
2026-03-25,19:11,Aishwarya S,+91 8779888243,44,Walk-in,Chicken Lollipop (4 pc),No,1,130,karur_kalam,No,0,130,GPay,4,
2026-03-25,21:05,Muthu M,+91 9154759501,27,Walk-in,Chicken Leg (2 pc),No,1,130,karur_kalam,No,0,130,PhonePe,5,"Best chicken lollipop I've had, will come again"
2026-03-25,20:53,Rajesh Raj,+91 7410369711,46,Phone Call,Chicken Wings (5 pc),No,1,130,karur_kalam,No,0,130,,,"Chicken leg romba soft ah vekachu irundhuchu, super"
2026-03-25,19:36,Sivakumar R,+91 8902787429,,Phone Call,Chicken Lollipop (4 pc),No,1,130,karur_kalam,No,0,130,PhonePe,,
2026-03-25,18:51,Swathi Prasad,+91 7982595269,34,Phone Call,Chicken Leg (2 pc),No,1,130,karur_kalam,No,0,130,Cash,,"Okay okay taste, but konjam salt adhigama irundhuchu"
2026-03-25,21:04,Dhanush M,+91 8058151939,31,Walk-in,Chicken Wings (5 pc),No,1,130,karur_kalam,No,0,130,Card,4,
2026-03-25,22:53,Vignesh Raj,+91 6244550229,57,Phone Call,Chicken Leg (2 pc),No,1,130,karur_kalam,No,0,130,GPay,,
2026-03-25,22:26,Gowtham Prasad,+91 8980841241,21,Phone Call,Chicken Wings (5 pc),No,2,260,karur_kalam,No,0,260,GPay,4,"Nalla crispy ah irundhuchu, quantity um super"
2026-03-25,22:20,Sathish Kumar,+91 8843443757,37,Phone Call,Chicken Lollipop (4 pc),No,1,130,karur_kalam,Yes,13,117,PhonePe,,"Loved the combo, perfect spice level"
2026-03-25,20:38,Harish K,+91 8965137098,35,Phone Call,Chicken Leg (2 pc),No,1,130,karur_kalam,Yes,13,117,GPay,5,"Chicken leg romba soft ah vekachu irundhuchu, super"
2026-03-25,21:59,Karthik Devi,+91 9974034471,58,Phone Call,Chicken Leg (2 pc),No,1,130,karur_kalam,No,0,130,PhonePe,3,"Not bad, but waiting time konjam adhigama irundhuchu"
2026-03-25,19:48,Abdul Kareem S,+91 9008484086,26,Phone Call,Chicken Leg (2 pc),No,1,130,karur_kalam,No,0,130,Card,3,"Taste romba pramadham illa, sagalama irundhuchu"
2026-03-25,21:30,Gowtham Devi,+91 7395543448,26,Walk-in,Chicken Wings (5 pc),No,1,130,karur_kalam,Yes,13,117,Cash,4,
2026-03-25,22:13,Lakshmi M,+91 7555625881,35,Phone Call,Chicken Wings (5 pc),No,2,260,karur_kalam,No,0,260,GPay,,"Great value for money, fresh and hot"
2026-03-25,18:09,Selvam S,+91 7172788957,54,Walk-in,Chicken Wings (5 pc),No,1,130,karur_kalam,No,0,130,Cash,3,"It was fine, nothing special"
2026-03-25,22:19,Priya Devi,+91 7807335006,60,Walk-in,Chicken Lollipop (4 pc),No,1,130,karur_kalam,No,0,130,GPay,,Very tasty and quick service too
2026-03-25,20:55,Sowmya Babu,+91 6814124782,,Phone Call,Chicken Leg (2 pc),No,2,260,karur_kalam,No,0,260,PhonePe,4,"Great value for money, fresh and hot"
2026-03-25,19:08,John Devi,+91 7229270653,43,Walk-in,Chicken Lollipop (4 pc),No,1,130,karur_kalam,No,0,130,Cash,5,
2026-03-25,19:21,,+91 8011532703,34,Walk-in,Chicken Lollipop (4 pc),No,2,260,karur_kalam,No,0,260,Paytm,,
2026-03-25,21:42,Ayesha M,+91 9080538289,50,Walk-in,Chicken Lollipop (4 pc),No,1,130,karur_kalam,No,0,130,GPay,,"Average, expected more spice"
2026-03-25,21:43,Aishwarya Devi,+91 8451256222,15,Walk-in,Chicken Leg (2 pc),No,1,130,karur_kalam,No,0,130,PhonePe,5,"Best chicken lollipop I've had, will come again"
2026-03-25,20:41,Murugan Prasad,+91 9527758416,20,Phone Call,Chicken Leg (2 pc),No,1,130,karur_kalam,No,0,130,GPay,5,
2026-03-25,18:37,Arun,+91 6267888610,20,Phone Call,Chicken Leg (2 pc),No,1,130,karur_kalam,No,0,130,Cash,4,
2026-03-26,18:10,Arun,+91 7630569562,35,Walk-in,Chicken Wings (5 pc),No,1,130,karur_kalam,No,0,130,Cash,5,"Wings semma crispy ah irundhuchu, thanks anna"
2026-03-26,22:13,Kumar M,+91 6916998543,57,Walk-in,Chicken Wings (5 pc),No,1,130,karur_kalam,No,0,130,PhonePe,2,
2026-03-26,21:08,Sowmya Raj,+91 6345054156,,Phone Call,Chicken Lollipop (4 pc),No,1,130,karur_kalam,No,0,130,GPay,,
2026-03-26,22:24,Dinesh S,+91 7191804384,59,Walk-in,Chicken Lollipop (4 pc),No,2,260,karur_kalam,No,0,260,GPay,5,
2026-03-26,18:13,Ramesh S,+91 9472913112,39,Walk-in,Chicken Leg (2 pc),No,1,130,karur_kalam,No,0,130,Cash,,
2026-03-26,18:22,Naveen,+91 7275888118,35,Walk-in,Chicken Lollipop (4 pc),No,1,130,karur_kalam,No,0,130,PhonePe,3,"Decent taste, price sari than"
2026-03-26,18:20,Pradeep Babu,+91 7462475107,54,Phone Call,Chicken Lollipop (4 pc),No,1,130,karur_kalam,No,0,130,PhonePe,2,"Konjam over cooked ah irundhuchu, disappointed"
2026-03-26,22:56,,+91 8987769453,20,Walk-in,Chicken Lollipop (4 pc),No,1,130,karur_kalam,No,0,130,GPay,,
2026-03-26,20:27,Divya M,+91 9136077272,17,Walk-in,Chicken Wings (5 pc),No,2,260,karur_kalam,No,0,260,GPay,4,
2026-03-26,21:36,Sowmya Devi,+91 9177115921,,Phone Call,Chicken Leg (2 pc),No,1,130,karur_kalam,No,0,130,Cash,4,
2026-03-26,17:25,Revathi S,+91 6080132677,28,Walk-in,Chicken Wings (5 pc),No,2,260,karur_kalam,No,0,260,GPay,5,"Super spicy and juicy, best bbq in area"
2026-03-26,18:03,Manoj R,+91 9194311426,60,Phone Call,Chicken Lollipop (4 pc),No,1,130,karur_kalam,No,0,130,GPay,,
2026-03-26,19:25,,+91 7715518844,25,Walk-in,Chicken Leg (2 pc),No,1,130,karur_kalam,No,0,130,PhonePe,,"Kalakalappa irundhuchu, next time friends oda varen"
2026-03-26,21:14,Sowmya Babu,+91 6814124782,42,Walk-in,Chicken Lollipop (4 pc),No,1,130,karur_kalam,No,0,130,Card,3,
2026-03-26,17:47,Iniya,+91 6181902320,21,Walk-in,Chicken Leg (2 pc),No,1,130,karur_kalam,No,0,130,Paytm,4,
2026-03-26,19:01,Manoj,+91 9567661825,22,Phone Call,Chicken Lollipop (4 pc),No,1,130,karur_kalam,No,0,130,GPay,3,
2026-03-26,17:14,Vidya R,+91 8396568872,,Phone Call,Chicken Wings (5 pc),No,1,130,karur_kalam,Yes,13,117,Cash,,
2026-03-26,20:37,Meena Prasad,+91 6902294131,50,Phone Call,Chicken Leg (2 pc),No,1,130,karur_kalam,No,0,130,GPay,3,"It was fine, nothing special"
2026-03-26,17:27,Arun Babu,+91 8940781618,33,Walk-in,Chicken Leg (2 pc),No,1,130,karur_kalam,No,0,130,GPay,5,"Semma taste bro, chicken romba soft ah irundhuchu"
2026-03-26,20:02,Sivakumar Devi,+91 7867749649,54,Phone Call,Chicken Leg (2 pc),No,2,260,karur_kalam,Yes,26,234,GPay,4,"Nalla crispy ah irundhuchu, quantity um super"
2026-03-26,19:28,Karthik Devi,+91 9974034471,58,Walk-in,Chicken Lollipop (4 pc),No,1,130,karur_kalam,No,0,130,PhonePe,5,
2026-03-26,21:28,Gopal,+91 7219693792,29,Phone Call,Chicken Wings (5 pc),No,1,130,karur_kalam,No,0,130,Cash,5,
2026-03-26,20:22,Mary Kumar,+91 6746120047,,Walk-in,Chicken Lollipop (4 pc),No,1,130,karur_kalam,No,0,130,Card,2,
2026-03-26,17:58,Kavya,+91 8067165726,26,Phone Call,Chicken Leg (2 pc),No,1,130,karur_kalam,No,0,130,Paytm,4,"Wings semma crispy ah irundhuchu, thanks anna"
2026-03-26,19:30,Abdul Kareem S,+91 9008484086,,Walk-in,Chicken Leg (2 pc),No,1,130,karur_kalam,Yes,13,117,Cash,5,
2026-03-26,22:19,Selvam M,+91 6334123281,25,Walk-in,Chicken Leg (2 pc),No,1,130,karur_kalam,No,0,130,PhonePe,2,"Cold ah kudutanga, expected hot and fresh"
2026-03-26,18:59,Ayesha,+91 9102855143,48,Walk-in,Chicken Leg (2 pc),No,2,260,karur_kalam,No,0,260,Cash,3,
2026-03-26,17:35,Farhan S,+91 6528390530,42,Walk-in,Chicken Lollipop (4 pc),No,1,130,karur_kalam,No,0,130,Cash,5,
2026-03-26,18:01,Sowmya Devi,+91 9177115921,23,Walk-in,Chicken Wings (5 pc),No,1,130,karur_kalam,No,0,130,PhonePe,,"Chicken leg romba soft ah vekachu irundhuchu, super"
2026-03-26,17:27,Swathi S,+91 7554665905,,Walk-in,Chicken Wings (5 pc),No,1,130,karur_kalam,No,0,130,PhonePe,,"Vera level taste, oru sight ah irundhuchu"
2026-03-26,21:23,Pradeep Prasad,+91 6430305486,49,Phone Call,Chicken Wings (5 pc),No,1,130,karur_kalam,No,0,130,PhonePe,4,Very tasty and quick service too
2026-03-26,19:14,Dinesh Devi,+91 9909670546,41,Phone Call,Chicken Leg (2 pc),No,1,130,karur_kalam,No,0,130,Cash,,"Kalakalappa irundhuchu, next time friends oda varen"
2026-03-26,18:12,Gopal Raj,+91 8961586578,17,Phone Call,Chicken Lollipop (4 pc),No,1,130,karur_kalam,No,0,130,Cash,5,"Amazing bbq stall, must try in this area"
2026-03-26,18:15,Vijay R,+91 9051917024,26,Walk-in,Chicken Lollipop (4 pc),No,1,130,karur_kalam,No,0,130,PhonePe,4,
2026-03-26,18:07,Anitha M,+91 8406409097,33,Phone Call,Chicken Lollipop (4 pc),No,1,130,karur_kalam,No,0,130,PhonePe,4,"Super spicy and juicy, best bbq in area"
2026-03-26,18:52,Rajesh,+91 6818835523,21,Walk-in,Chicken Wings (5 pc),No,1,130,karur_kalam,No,0,130,Cash,5,
2026-03-26,20:01,Revathi Babu,+91 6783908470,,Phone Call,Chicken Leg (2 pc),No,1,130,karur_kalam,No,0,130,GPay,,"Nalla crispy ah irundhuchu, quantity um super"
2026-03-26,19:33,Swathi R,+91 9230913075,41,Walk-in,Chicken Wings (5 pc),No,1,130,karur_kalam,No,0,130,Cash,,"Amazing bbq stall, must try in this area"
2026-03-26,21:53,Dhanush Raj,+91 9288261734,59,Walk-in,Chicken Wings (5 pc),No,1,130,karur_kalam,No,0,130,Cash,5,Very tasty and quick service too
2026-03-26,19:00,Suresh,+91 8294019655,42,Phone Call,Chicken Lollipop (4 pc),No,1,130,karur_kalam,No,0,130,Card,4,"Best chicken lollipop I've had, will come again"
2026-03-26,22:35,Lakshmi,+91 9449251925,34,Phone Call,Chicken Lollipop (4 pc),No,1,130,karur_kalam,No,0,130,GPay,4,"Kalakalappa irundhuchu, next time friends oda varen"
2026-03-26,19:04,,+91 9818155392,,Walk-in,Chicken Lollipop (4 pc),No,1,130,karur_kalam,No,0,130,Cash,4,
2026-03-26,19:01,Sivakumar S,+91 9602874907,,Walk-in,Chicken Lollipop (4 pc),No,1,130,karur_kalam,No,0,130,Cash,5,
2026-03-26,20:14,Manoj Raj,+91 6824008427,21,Phone Call,Chicken Lollipop (4 pc),No,1,130,karur_kalam,No,0,130,GPay,5,
2026-03-27,18:49,Karthik M,+91 8777520471,19,Phone Call,Chicken Lollipop (4 pc),No,1,130,karur_kalam,No,0,130,GPay,4,Very tasty and quick service too
2026-03-27,21:14,Sathish Kumar,+91 8843443757,,Phone Call,Chicken Lollipop (4 pc),No,1,130,karur_kalam,Yes,13,117,PhonePe,4,"Amazing bbq stall, must try in this area"
2026-03-27,18:56,Gopal Babu,+91 7293183933,,Phone Call,Chicken Wings (5 pc),No,1,130,karur_kalam,No,0,130,Cash,5,
2026-03-27,18:52,Kumar Kumar,+91 6190790306,43,Walk-in,Chicken Wings (5 pc),No,1,130,karur_kalam,No,0,130,Cash,4,
2026-03-27,21:39,Manoj S,+91 6801006231,60,Walk-in,Chicken Wings (5 pc),No,1,130,karur_kalam,Yes,13,117,Cash,4,"Wings semma crispy ah irundhuchu, thanks anna"
2026-03-27,20:16,Swathi Devi,+91 6447394731,23,Walk-in,Chicken Wings (5 pc),No,1,130,karur_kalam,Yes,13,117,GPay,,"Loved the combo, perfect spice level"
2026-03-27,19:21,Divya K,+91 7185016315,,Phone Call,Chicken Leg (2 pc),No,1,130,karur_kalam,No,0,130,GPay,4,"Super spicy and juicy, best bbq in area"
2026-03-27,19:17,Anand Babu,+91 7618837448,51,Walk-in,Chicken Leg (2 pc),No,1,130,karur_kalam,No,0,130,Cash,3,
2026-03-27,20:34,Bala,+91 8505331586,,Phone Call,Chicken Wings (5 pc),No,1,130,karur_kalam,No,0,130,PhonePe,5,"Nalla crispy ah irundhuchu, quantity um super"
2026-03-27,17:13,Vignesh Devi,+91 9632016328,,Phone Call,Chicken Lollipop (4 pc),No,1,130,karur_kalam,No,0,130,PhonePe,2,"Quantity kammiya kudutanga, not worth the price"
2026-03-27,21:29,Ayesha Babu,+91 6718702621,45,Phone Call,Chicken Wings (5 pc),No,1,130,karur_kalam,No,0,130,Cash,2,
2026-03-27,18:57,Lakshmi M,+91 7555625881,35,Phone Call,Chicken Lollipop (4 pc),No,1,130,karur_kalam,No,0,130,GPay,3,"Decent taste, price sari than"
2026-03-27,22:31,Vijay Kumar,+91 9506068536,20,Walk-in,Chicken Wings (5 pc),No,1,130,karur_kalam,No,0,130,Cash,5,"Excellent flavour, family panindhalum enjoy pannanga"
2026-03-27,18:36,Divya Kumar,+91 9057662702,47,Phone Call,Chicken Wings (5 pc),No,2,260,karur_kalam,No,0,260,,,"Freshly grilled and juicy, highly recommend"
2026-03-27,19:14,Harish,+91 8317660244,59,Walk-in,Chicken Lollipop (4 pc),No,1,130,karur_kalam,No,0,130,GPay,4,"Kalakalappa irundhuchu, next time friends oda varen"
2026-03-27,20:27,Ravi Devi,+91 6683426053,30,Walk-in,Chicken Leg (2 pc),No,1,130,karur_kalam,No,0,130,GPay,4,"Chicken leg romba soft ah vekachu irundhuchu, super"
2026-03-27,20:15,Swathi S,+91 6414036348,43,Walk-in,Chicken Wings (5 pc),No,1,130,karur_kalam,No,0,130,Cash,,Quantity konjam kammiya irundhuchu but taste okay
2026-03-27,19:50,Dinesh,+91 8431213455,43,Walk-in,Chicken Wings (5 pc),No,1,130,karur_kalam,No,0,130,Cash,4,
2026-03-27,20:06,John Raj,+91 8198327315,50,Phone Call,Chicken Lollipop (4 pc),No,1,130,karur_kalam,No,0,130,Cash,5,"Best chicken lollipop I've had, will come again"
2026-03-27,18:08,Iniya Babu,+91 6643171390,18,Phone Call,Chicken Wings (5 pc),No,1,130,karur_kalam,No,0,130,PhonePe,4,
2026-03-27,17:38,Harish M,+91 8527177449,18,Phone Call,Chicken Leg (2 pc),No,1,130,karur_kalam,No,0,130,PhonePe,5,"Ultimate taste anna, naa daily varen"
2026-03-27,22:15,Vidya Devi,+91 9908740640,28,Phone Call,Chicken Wings (5 pc),No,2,260,karur_kalam,No,0,260,,,"Ultimate taste anna, naa daily varen"
2026-03-27,18:58,Swathi Devi,+91 6447394731,23,Phone Call,Chicken Leg (2 pc),No,1,130,karur_kalam,No,0,130,GPay,5,
2026-03-27,17:38,Dhanush M,+91 6444742707,23,Walk-in,Chicken Wings (5 pc),No,1,130,karur_kalam,No,0,130,GPay,4,
2026-03-27,19:00,Ayesha Babu,+91 6718702621,45,Phone Call,Chicken Leg (2 pc),No,1,130,karur_kalam,No,0,130,Paytm,5,"Best chicken lollipop I've had, will come again"
2026-03-27,20:30,Nithya Devi,+91 6251778528,55,Phone Call,Chicken Leg (2 pc),No,1,130,karur_kalam,No,0,130,PhonePe,3,"Okay okay taste, but konjam salt adhigama irundhuchu"
2026-03-27,19:48,Mary Kumar,+91 7567974631,,Walk-in,Chicken Wings (5 pc),No,1,130,karur_kalam,No,0,130,Cash,3,"Decent taste, price sari than"
2026-03-27,19:31,Meena Kumar,+91 6303262498,41,Walk-in,Chicken Lollipop (4 pc),No,1,130,karur_kalam,No,0,130,PhonePe,4,"Wings semma crispy ah irundhuchu, thanks anna"
2026-03-27,22:58,Kumar Raj,+91 8412176208,56,Walk-in,Chicken Wings (5 pc),No,1,130,karur_kalam,Yes,13,117,GPay,3,"Average, expected more spice"
2026-03-27,20:38,Kumar M,+91 7622444721,25,Walk-in,Chicken Lollipop (4 pc),No,1,130,karur_kalam,No,0,130,GPay,2,"Cold ah kudutanga, expected hot and fresh"
2026-03-27,19:58,Bala Raj,+91 6415758427,42,Walk-in,Chicken Lollipop (4 pc),No,1,130,karur_kalam,No,0,130,Cash,5,
2026-03-27,21:28,Manoj R,+91 9194311426,60,Walk-in,Chicken Lollipop (4 pc),No,1,130,karur_kalam,No,0,130,Cash,,"Semma taste bro, chicken romba soft ah irundhuchu"
2026-03-27,20:23,Pradeep Babu,+91 6641031841,55,Walk-in,Chicken Wings (5 pc),No,2,260,karur_kalam,No,0,260,GPay,5,"Loved the combo, perfect spice level"
2026-03-27,21:39,Kavya Raj,+91 9120384672,42,Walk-in,Chicken Leg (2 pc),No,1,130,karur_kalam,No,0,130,Paytm,5,"Super spicy and juicy, best bbq in area"
2026-03-27,21:54,Lakshmi R,+91 8256286078,20,Walk-in,Chicken Lollipop (4 pc),No,1,130,karur_kalam,No,0,130,PhonePe,4,
2026-03-27,20:03,Vidya Devi,+91 9908740640,28,Phone Call,Chicken Lollipop (4 pc),No,1,130,karur_kalam,No,0,130,Paytm,4,"Amazing bbq stall, must try in this area"
2026-03-27,21:22,,+91 8396907844,45,Walk-in,Chicken Leg (2 pc),No,1,130,karur_kalam,Yes,13,117,GPay,5,"Wings semma crispy ah irundhuchu, thanks anna"
2026-03-27,21:50,Joseph,+91 6433218196,17,Walk-in,Chicken Leg (2 pc),No,1,130,karur_kalam,No,0,130,Cash,4,
2026-03-27,19:59,Swathi Devi,+91 6447394731,23,Phone Call,Chicken Leg (2 pc),No,1,130,karur_kalam,No,0,130,Cash,5,"Kalakalappa irundhuchu, next time friends oda varen"
2026-03-27,18:11,,+91 9483503056,,Phone Call,Chicken Lollipop (4 pc),No,1,130,karur_kalam,No,0,130,PhonePe,4,"Vera level taste, oru sight ah irundhuchu"
2026-03-28,19:31,Anitha M,+91 8406409097,33,Phone Call,Chicken Lollipop (4 pc),No,1,130,karur_kalam,No,0,130,Paytm,,
2026-03-28,20:54,,+91 8310951888,37,Walk-in,Chicken Wings (5 pc),No,1,130,karur_kalam,No,0,130,PhonePe,4,
2026-03-28,21:44,Kumar M,+91 9830189865,55,Walk-in,Chicken Wings (5 pc),No,1,130,karur_kalam,No,0,130,Cash,5,"Freshly grilled and juicy, highly recommend"
2026-03-28,17:34,Manoj S,+91 9823004786,49,Walk-in,Chicken Wings (5 pc),No,1,130,karur_kalam,No,0,130,Cash,4,"Amazing bbq stall, must try in this area"
2026-03-28,22:58,Sivakumar,+91 7856543102,46,Walk-in,Chicken Leg (2 pc),No,1,130,karur_kalam,No,0,130,Cash,,
2026-03-28,17:30,Dinesh M,+91 6648477392,,Walk-in,Chicken Lollipop (4 pc),No,2,260,karur_kalam,Yes,26,234,PhonePe,5,
2026-03-28,20:47,,+91 6190790306,,Walk-in,Chicken Lollipop (4 pc),No,1,130,karur_kalam,No,0,130,GPay,4,
2026-03-28,18:43,Meena Devi,+91 9471079352,43,Walk-in,Chicken Leg (2 pc),No,2,260,karur_kalam,No,0,260,GPay,4,"Kalakalappa irundhuchu, next time friends oda varen"
2026-03-28,19:35,Senthil,+91 6529007416,39,Walk-in,Chicken Lollipop (4 pc),No,1,130,karur_kalam,No,0,130,Cash,4,
2026-03-28,17:25,Karthik S,+91 9131712748,60,Phone Call,Chicken Lollipop (4 pc),No,1,130,karur_kalam,No,0,130,Cash,,
2026-03-28,17:06,Gowtham,+91 8181007290,47,Walk-in,Chicken Lollipop (4 pc),No,1,130,karur_kalam,No,0,130,GPay,4,Very tasty and quick service too
2026-03-28,21:28,John R,+91 9480162456,38,Phone Call,Chicken Wings (5 pc),No,1,130,karur_kalam,No,0,130,GPay,,"Great value for money, fresh and hot"
2026-03-28,17:01,Ramesh Prasad,+91 7715518844,25,Phone Call,Chicken Lollipop (4 pc),No,2,260,karur_kalam,No,0,260,PhonePe,,Very tasty and quick service too
2026-03-28,19:13,Anitha S,+91 6995604661,50,Walk-in,Chicken Leg (2 pc),No,1,130,karur_kalam,No,0,130,Cash,3,Quantity konjam kammiya irundhuchu but taste okay
2026-03-28,19:12,Ravi K,+91 9965328710,22,Phone Call,Chicken Leg (2 pc),No,1,130,karur_kalam,Yes,13,117,GPay,3,Quantity konjam kammiya irundhuchu but taste okay
2026-03-28,20:03,John S,+91 6693406088,,Phone Call,Chicken Lollipop (4 pc),No,2,260,karur_kalam,No,0,260,PhonePe,,Quantity konjam kammiya irundhuchu but taste okay
2026-03-28,17:47,Rajesh,+91 6422842102,15,Walk-in,Chicken Leg (2 pc),No,1,130,karur_kalam,No,0,130,PhonePe,,"Chicken leg romba soft ah vekachu irundhuchu, super"
2026-03-28,20:06,Vidya,+91 8430657721,,Walk-in,Chicken Wings (5 pc),No,1,130,karur_kalam,Yes,13,117,Cash,3,"Decent taste, price sari than"
2026-03-28,17:28,Gopal,+91 7219693792,29,Phone Call,Chicken Lollipop (4 pc),No,2,260,karur_kalam,No,0,260,GPay,4,
2026-03-28,19:24,Naveen,+91 8735946895,,Walk-in,Chicken Wings (5 pc),No,1,130,karur_kalam,No,0,130,Cash,4,"Nalla crispy ah irundhuchu, quantity um super"
2026-03-28,21:42,Dinesh M,+91 7614293968,36,Phone Call,Chicken Leg (2 pc),No,1,130,karur_kalam,No,0,130,Cash,3,"It was fine, nothing special"
2026-03-28,21:22,Vijay,+91 8396907844,45,Phone Call,Chicken Lollipop (4 pc),No,1,130,karur_kalam,No,0,130,PhonePe,5,"Semma taste bro, chicken romba soft ah irundhuchu"
2026-03-28,21:23,Ramesh Raj,+91 9584044997,24,Phone Call,Chicken Wings (5 pc),No,1,130,karur_kalam,No,0,130,GPay,4,"Great value for money, fresh and hot"
2026-03-28,22:01,Rajesh Raj,+91 6629062881,35,Walk-in,Chicken Wings (5 pc),No,1,130,karur_kalam,No,0,130,PhonePe,5,"Wings semma crispy ah irundhuchu, thanks anna"
2026-03-28,22:33,Arun,+91 7339845461,38,Phone Call,Chicken Wings (5 pc),No,1,130,karur_kalam,No,0,130,Cash,4,"Great value for money, fresh and hot"
2026-03-28,19:15,Ravi,+91 9762187430,54,Walk-in,Chicken Leg (2 pc),No,1,130,karur_kalam,No,0,130,Cash,4,"Nalla crispy ah irundhuchu, quantity um super"
2026-03-28,19:50,John Raj,+91 8198327315,,Walk-in,Chicken Wings (5 pc),No,1,130,karur_kalam,No,0,130,Cash,4,"Ultimate taste anna, naa daily varen"
2026-03-28,19:21,,+91 6287663404,21,Walk-in,Chicken Lollipop (4 pc),No,1,130,karur_kalam,No,0,130,Paytm,5,"Kalakalappa irundhuchu, next time friends oda varen"
2026-03-28,18:23,Priya Kumar,+91 8283644089,,Phone Call,Chicken Leg (2 pc),No,1,130,karur_kalam,Yes,13,117,Cash,,"Super spicy and juicy, best bbq in area"
2026-03-28,18:21,Kumar Prasad,+91 6473210469,41,Walk-in,Chicken Leg (2 pc),No,1,130,karur_kalam,No,0,130,Paytm,2,"Konjam over cooked ah irundhuchu, disappointed"
2026-03-28,17:34,Karthik S,+91 9131712748,60,Walk-in,Chicken Lollipop (4 pc),No,1,130,karur_kalam,Yes,13,117,GPay,4,
2026-03-28,21:34,Sowmya Kumar,+91 8403317393,40,Walk-in,Chicken Leg (2 pc),No,1,130,karur_kalam,Yes,13,117,Paytm,,
2026-03-28,20:37,Gopal Prasad,+91 7400499154,44,Phone Call,Chicken Lollipop (4 pc),No,1,130,karur_kalam,No,0,130,Cash,4,"Super spicy and juicy, best bbq in area"
2026-03-28,20:51,Gopal K,+91 6974993097,25,Phone Call,Chicken Lollipop (4 pc),No,2,260,karur_kalam,No,0,260,GPay,3,"Average, expected more spice"
2026-03-28,19:32,Anitha S,+91 6477005411,54,Phone Call,Chicken Wings (5 pc),No,1,130,karur_kalam,Yes,13,117,Paytm,5,"Loved the combo, perfect spice level"
2026-03-28,18:50,Swathi S,+91 7554665905,19,Phone Call,Chicken Leg (2 pc),No,1,130,karur_kalam,No,0,130,Cash,5,
2026-03-28,18:36,Pradeep Babu,+91 7462475107,,Phone Call,Chicken Lollipop (4 pc),No,2,260,karur_kalam,No,0,260,GPay,5,"Great value for money, fresh and hot"
2026-03-28,21:20,Sowmya Raj,+91 6345054156,,Phone Call,Chicken Leg (2 pc),No,1,130,karur_kalam,No,0,130,GPay,3,
2026-03-28,20:00,Prakash Devi,+91 7689702838,35,Phone Call,Chicken Lollipop (4 pc),No,1,130,karur_kalam,No,0,130,Cash,5,Very tasty and quick service too
2026-03-28,18:58,,+91 6515220472,60,Phone Call,Chicken Wings (5 pc),No,1,130,karur_kalam,No,0,130,,5,
2026-03-28,20:28,Deepa M,+91 7239766215,32,Walk-in,Chicken Leg (2 pc),No,1,130,karur_kalam,Yes,13,117,GPay,,
2026-03-29,19:20,Yazhini S,+91 9358349263,,Walk-in,Chicken Leg (2 pc),No,1,130,karur_kalam,No,0,130,GPay,,
2026-03-29,20:01,Kumar Babu,+91 8885728346,56,Walk-in,Chicken Wings (5 pc),No,1,130,karur_kalam,No,0,130,GPay,4,"Ultimate taste anna, naa daily varen"
2026-03-29,22:56,Ramesh Prasad,+91 7715518844,25,Phone Call,Chicken Leg (2 pc),No,1,130,karur_kalam,No,0,130,PhonePe,,"Ultimate taste anna, naa daily varen"
2026-03-29,20:44,Sathish,+91 6037917693,60,Phone Call,Chicken Wings (5 pc),No,1,130,karur_kalam,No,0,130,GPay,,
2026-03-29,20:34,Vijay,+91 8396907844,45,Phone Call,Chicken Wings (5 pc),No,1,130,karur_kalam,No,0,130,GPay,,
2026-03-29,17:56,Abdul Kareem K,+91 7734670656,25,Walk-in,Chicken Wings (5 pc),No,1,130,karur_kalam,No,0,130,GPay,5,
2026-03-29,20:44,Vijay M,+91 9435752925,37,Walk-in,Chicken Lollipop (4 pc),No,1,130,karur_kalam,No,0,130,GPay,5,Very tasty and quick service too
2026-03-29,21:18,,+91 7982595269,34,Walk-in,Chicken Wings (5 pc),No,1,130,karur_kalam,No,0,130,Cash,3,
2026-03-29,19:24,Anitha,+91 6672446095,45,Walk-in,Chicken Wings (5 pc),No,1,130,karur_kalam,No,0,130,GPay,5,
2026-03-29,20:26,Ramesh Kumar,+91 8376724238,49,Phone Call,Chicken Lollipop (4 pc),No,1,130,karur_kalam,No,0,130,Cash,,Quantity konjam kammiya irundhuchu but taste okay
2026-03-29,21:59,Rajesh,+91 6223059757,30,Phone Call,Chicken Leg (2 pc),No,1,130,karur_kalam,No,0,130,PhonePe,5,"Wings semma crispy ah irundhuchu, thanks anna"
2026-03-29,21:27,Muthu Babu,+91 6455623869,58,Phone Call,Chicken Leg (2 pc),No,1,130,karur_kalam,No,0,130,GPay,4,"Wings semma crispy ah irundhuchu, thanks anna"
2026-03-29,19:41,Mary Raj,+91 9383473597,44,Walk-in,Chicken Wings (5 pc),No,1,130,karur_kalam,No,0,130,,4,"Semma taste bro, chicken romba soft ah irundhuchu"
2026-03-29,19:07,Swathi Devi,+91 6447394731,23,Walk-in,Chicken Leg (2 pc),No,1,130,karur_kalam,No,0,130,GPay,5,"Excellent flavour, family panindhalum enjoy pannanga"
2026-03-29,21:33,Priya Kumar,+91 8283644089,26,Phone Call,Chicken Wings (5 pc),No,1,130,karur_kalam,No,0,130,PhonePe,2,
2026-03-29,18:12,Vijay,+91 8396907844,45,Walk-in,Chicken Lollipop (4 pc),No,2,260,karur_kalam,No,0,260,GPay,,"Nalla crispy ah irundhuchu, quantity um super"
2026-03-29,20:28,Elango,+91 6801677436,18,Walk-in,Chicken Leg (2 pc),No,1,130,karur_kalam,No,0,130,GPay,4,"Semma taste bro, chicken romba soft ah irundhuchu"
2026-03-29,19:46,Dinesh R,+91 8768893861,40,Walk-in,Chicken Wings (5 pc),No,1,130,karur_kalam,No,0,130,PhonePe,,"Taste romba pramadham illa, sagalama irundhuchu"
2026-03-29,17:50,Ayesha Babu,+91 6718702621,45,Phone Call,Chicken Wings (5 pc),No,1,130,karur_kalam,No,0,130,GPay,3,"It was fine, nothing special"
2026-03-29,22:59,Gopal R,+91 7655110475,32,Phone Call,Chicken Wings (5 pc),No,1,130,karur_kalam,No,0,130,GPay,3,"It was fine, nothing special"
2026-03-29,19:10,Arun R,+91 7681307837,,Walk-in,Chicken Leg (2 pc),No,1,130,karur_kalam,Yes,13,117,GPay,4,
2026-03-29,20:32,Vignesh S,+91 6245571162,59,Walk-in,Chicken Leg (2 pc),No,1,130,karur_kalam,No,0,130,PhonePe,,
2026-03-29,22:00,Sivakumar Devi,+91 7867749649,,Phone Call,Chicken Lollipop (4 pc),No,1,130,karur_kalam,No,0,130,Cash,,"Nalla crispy ah irundhuchu, quantity um super"
2026-03-29,18:23,Fathima K,+91 8419866524,17,Walk-in,Chicken Lollipop (4 pc),No,1,130,karur_kalam,No,0,130,Card,3,"It was fine, nothing special"
2026-03-29,21:17,Iniya K,+91 9291486528,20,Walk-in,Chicken Wings (5 pc),No,1,130,karur_kalam,Yes,13,117,PhonePe,3,"Average, expected more spice"
2026-03-29,19:23,Iniya Babu,+91 6643171390,18,Phone Call,Chicken Leg (2 pc),No,1,130,karur_kalam,No,0,130,PhonePe,4,"Vera level taste, oru sight ah irundhuchu"
2026-03-29,19:54,Prakash,+91 8055306113,54,Walk-in,Chicken Lollipop (4 pc),No,1,130,karur_kalam,Yes,13,117,GPay,4,"Freshly grilled and juicy, highly recommend"
2026-03-29,22:25,Murugan Prasad,+91 9527758416,20,Walk-in,Chicken Leg (2 pc),No,1,130,karur_kalam,No,0,130,Cash,5,
2026-03-29,17:39,Mary M,+91 9486980055,46,Walk-in,Chicken Leg (2 pc),No,1,130,karur_kalam,No,0,130,Paytm,3,Quantity konjam kammiya irundhuchu but taste okay
2026-03-30,21:22,Mary Kumar,+91 6746120047,,Walk-in,Chicken Wings (5 pc),No,1,130,karur_kalam,Yes,13,117,Cash,,"Great value for money, fresh and hot"
2026-03-30,19:36,Ayesha Prasad,+91 7232420430,,Walk-in,Chicken Wings (5 pc),No,1,130,karur_kalam,No,0,130,Cash,,
2026-03-30,21:40,,+91 7028612232,50,Walk-in,Chicken Lollipop (4 pc),No,1,130,karur_kalam,No,0,130,Cash,5,Very tasty and quick service too
2026-03-30,17:06,Aishwarya Raj,+91 9807154516,47,Walk-in,Chicken Leg (2 pc),No,1,130,karur_kalam,No,0,130,PhonePe,3,
2026-03-30,19:48,Lakshmi,+91 7930103105,,Walk-in,Chicken Leg (2 pc),No,1,130,karur_kalam,No,0,130,Paytm,,"Ultimate taste anna, naa daily varen"
2026-03-30,19:03,Sivakumar R,+91 8902787429,,Phone Call,Chicken Leg (2 pc),No,2,260,karur_kalam,No,0,260,GPay,,
2026-03-30,19:57,Vijay M,+91 6659401399,16,Phone Call,Chicken Leg (2 pc),No,1,130,karur_kalam,Yes,13,117,GPay,,"It was fine, nothing special"
2026-03-30,21:12,,+91 9261736292,33,Walk-in,Chicken Lollipop (4 pc),No,2,260,karur_kalam,No,0,260,PhonePe,4,"Excellent flavour, family panindhalum enjoy pannanga"
2026-03-30,18:46,Fathima M,+91 8782911467,48,Phone Call,Chicken Leg (2 pc),No,1,130,karur_kalam,No,0,130,PhonePe,,"Average, expected more spice"
2026-03-30,19:52,Ramesh Kumar,+91 8376724238,49,Phone Call,Chicken Lollipop (4 pc),No,1,130,karur_kalam,No,0,130,PhonePe,4,"Semma taste bro, chicken romba soft ah irundhuchu"
2026-03-30,20:33,,+91 9632016328,,Phone Call,Chicken Wings (5 pc),No,1,130,karur_kalam,No,0,130,GPay,5,
2026-03-30,18:45,Anitha,+91 8629337415,27,Walk-in,Chicken Leg (2 pc),No,2,260,karur_kalam,No,0,260,Paytm,4,Very tasty and quick service too
2026-03-30,18:11,Mary,+91 8309458759,37,Walk-in,Chicken Wings (5 pc),No,1,130,karur_kalam,Yes,13,117,Paytm,,"Nalla crispy ah irundhuchu, quantity um super"
2026-03-30,20:18,Sathish,+91 6656670106,36,Phone Call,Chicken Lollipop (4 pc),No,1,130,karur_kalam,No,0,130,GPay,4,"Vera level taste, oru sight ah irundhuchu"
2026-03-30,19:08,Harish K,+91 8965137098,35,Walk-in,Chicken Leg (2 pc),No,1,130,karur_kalam,No,0,130,GPay,,"Great value for money, fresh and hot"
2026-03-30,18:07,Fathima K,+91 8419866524,17,Phone Call,Chicken Lollipop (4 pc),No,1,130,karur_kalam,No,0,130,,5,
2026-03-30,17:41,Arun Kumar,+91 7387262473,19,Phone Call,Chicken Wings (5 pc),No,1,130,karur_kalam,Yes,13,117,PhonePe,,
2026-03-30,21:45,,+91 9193745299,60,Walk-in,Chicken Wings (5 pc),No,1,130,karur_kalam,No,0,130,PhonePe,4,"Chicken leg romba soft ah vekachu irundhuchu, super"
2026-03-30,22:49,Sathish,+91 6656670106,36,Walk-in,Chicken Lollipop (4 pc),No,1,130,karur_kalam,No,0,130,GPay,4,"Chicken leg romba soft ah vekachu irundhuchu, super"
2026-03-30,19:47,Sathish,+91 6915683095,30,Phone Call,Chicken Lollipop (4 pc),No,2,260,karur_kalam,No,0,260,Cash,5,
2026-03-30,20:55,Revathi R,+91 9797643815,42,Walk-in,Chicken Leg (2 pc),No,1,130,karur_kalam,No,0,130,GPay,5,"Vera level taste, oru sight ah irundhuchu"
2026-03-30,17:17,Elango,+91 6244805694,23,Walk-in,Chicken Lollipop (4 pc),No,1,130,karur_kalam,Yes,13,117,GPay,5,"Loved the combo, perfect spice level"
2026-03-30,20:17,Vignesh,+91 8920499306,,Walk-in,Chicken Wings (5 pc),No,1,130,karur_kalam,Yes,13,117,GPay,4,"Nalla crispy ah irundhuchu, quantity um super"
2026-03-30,17:27,Harish K,+91 8965137098,35,Walk-in,Chicken Lollipop (4 pc),No,1,130,karur_kalam,No,0,130,Cash,4,"Excellent flavour, family panindhalum enjoy pannanga"
2026-03-30,22:30,Arun Kumar,+91 7387262473,19,Walk-in,Chicken Wings (5 pc),No,1,130,karur_kalam,No,0,130,PhonePe,2,"Waiting time mikka adhigama irundhuchu, service slow"
2026-03-30,19:06,Gopal,+91 7219693792,29,Phone Call,Chicken Lollipop (4 pc),No,1,130,karur_kalam,Yes,13,117,PhonePe,3,"It was fine, nothing special"
2026-03-30,20:20,Kumar M,+91 7622444721,25,Walk-in,Chicken Leg (2 pc),No,1,130,karur_kalam,No,0,130,GPay,4,"Freshly grilled and juicy, highly recommend"
2026-03-30,19:52,Yazhini Devi,+91 8648236629,51,Walk-in,Chicken Leg (2 pc),No,1,130,karur_kalam,Yes,13,117,GPay,3,
2026-03-30,18:02,,+91 7992299590,16,Phone Call,Chicken Leg (2 pc),No,1,130,karur_kalam,No,0,130,GPay,4,"Great value for money, fresh and hot"
2026-03-30,21:19,Anand,+91 6998129719,23,Walk-in,Chicken Lollipop (4 pc),No,2,260,karur_kalam,No,0,260,GPay,,"Freshly grilled and juicy, highly recommend"
2026-03-30,20:30,Ravi Devi,+91 8375564641,45,Walk-in,Chicken Wings (5 pc),No,1,130,karur_kalam,No,0,130,GPay,,"Semma taste bro, chicken romba soft ah irundhuchu"
2026-03-30,20:00,Muthu Babu,+91 6292724306,46,Walk-in,Chicken Leg (2 pc),No,1,130,karur_kalam,No,0,130,GPay,,"Best chicken lollipop I've had, will come again"
2026-03-30,20:01,Joseph Babu,+91 6331579208,,Walk-in,Chicken Lollipop (4 pc),No,1,130,karur_kalam,No,0,130,PhonePe,,
2026-03-30,22:27,,+91 9194311426,60,Phone Call,Chicken Lollipop (4 pc),No,1,130,karur_kalam,No,0,130,PhonePe,2,"Cold ah kudutanga, expected hot and fresh"
2026-03-30,19:30,Gowtham Prasad,+91 9483503056,32,Phone Call,Chicken Wings (5 pc),No,1,130,karur_kalam,No,0,130,,3,"It was fine, nothing special"
2026-03-30,20:00,Sivakumar S,+91 8991216558,38,Phone Call,Chicken Lollipop (4 pc),No,1,130,karur_kalam,No,0,130,PhonePe,2,
2026-03-30,18:03,John Babu,+91 9015430391,20,Walk-in,Chicken Wings (5 pc),No,1,130,karur_kalam,No,0,130,GPay,2,"Too salty, not up to the mark today"
2026-03-30,17:25,Naveen,+91 8124361605,15,Phone Call,Chicken Lollipop (4 pc),No,2,260,karur_kalam,No,0,260,PhonePe,4,Very tasty and quick service too
2026-03-30,17:28,Deepa Babu,+91 8527111161,,Walk-in,Chicken Wings (5 pc),No,1,130,karur_kalam,No,0,130,PhonePe,4,"Semma taste bro, chicken romba soft ah irundhuchu"
2026-03-30,20:12,,+91 9120826773,33,Walk-in,Chicken Wings (5 pc),No,1,130,karur_kalam,No,0,130,GPay,5,"Vera level taste, oru sight ah irundhuchu"
2026-03-30,22:03,Elango Prasad,+91 6822782489,,Walk-in,Chicken Wings (5 pc),No,2,260,karur_kalam,No,0,260,Paytm,4,
2026-03-30,17:20,Revathi Babu,+91 6783908470,18,Phone Call,Chicken Leg (2 pc),No,1,130,karur_kalam,No,0,130,,,"Best chicken lollipop I've had, will come again"
2026-03-30,20:05,Elango S,+91 9872774348,46,Phone Call,Chicken Leg (2 pc),No,1,130,karur_kalam,Yes,13,117,Cash,4,Very tasty and quick service too
2026-03-30,20:39,Naveen Devi,+91 6443699577,43,Phone Call,Chicken Wings (5 pc),No,1,130,karur_kalam,No,0,130,GPay,4,
2026-03-31,18:37,,+91 9850542357,27,Phone Call,Chicken Wings (5 pc),No,1,130,karur_kalam,No,0,130,Cash,4,"Vera level taste, oru sight ah irundhuchu"
2026-03-31,19:41,Prakash Raj,+91 7292127799,43,Phone Call,Chicken Wings (5 pc),No,1,130,karur_kalam,No,0,130,Cash,5,"Nalla crispy ah irundhuchu, quantity um super"
2026-03-31,20:20,Ravi S,+91 9423536937,,Walk-in,Chicken Lollipop (4 pc),No,1,130,karur_kalam,No,0,130,Cash,5,
2026-03-31,21:54,Revathi Raj,+91 8391802384,50,Walk-in,Chicken Lollipop (4 pc),No,1,130,karur_kalam,No,0,130,Cash,3,"It was fine, nothing special"
2026-03-31,18:59,Vidya Babu,+91 9537947631,48,Walk-in,Chicken Lollipop (4 pc),No,1,130,karur_kalam,No,0,130,Cash,,"Nalla crispy ah irundhuchu, quantity um super"
2026-03-31,20:32,Yazhini,+91 8121676089,,Walk-in,Chicken Leg (2 pc),No,1,130,karur_kalam,Yes,13,117,GPay,,"Not fresh today, taste changed"
2026-03-31,22:40,Suresh R,+91 7654145868,36,Walk-in,Chicken Leg (2 pc),No,1,130,karur_kalam,No,0,130,PhonePe,3,Quantity konjam kammiya irundhuchu but taste okay
2026-03-31,22:38,Ravi Devi,+91 8375564641,45,Walk-in,Chicken Wings (5 pc),No,2,260,karur_kalam,No,0,260,Card,5,"Kalakalappa irundhuchu, next time friends oda varen"
2026-03-31,20:45,Vidya,+91 6489325288,,Walk-in,Chicken Lollipop (4 pc),No,1,130,karur_kalam,Yes,13,117,Cash,5,
2026-03-31,22:51,Arun M,+91 6487860150,47,Walk-in,Chicken Lollipop (4 pc),No,1,130,karur_kalam,No,0,130,Cash,5,"Best chicken lollipop I've had, will come again"
2026-03-31,21:38,Vidya Kumar,+91 7788147425,,Walk-in,Chicken Wings (5 pc),No,1,130,karur_kalam,No,0,130,Cash,5,
2026-03-31,19:22,Lakshmi,+91 6535760367,28,Walk-in,Chicken Wings (5 pc),No,1,130,karur_kalam,No,0,130,Cash,4,"Vera level taste, oru sight ah irundhuchu"
2026-03-31,21:04,Iniya Raj,+91 7436485178,25,Walk-in,Chicken Lollipop (4 pc),No,1,130,karur_kalam,No,0,130,Cash,5,
2026-03-31,19:43,,+91 9584044997,24,Phone Call,Chicken Wings (5 pc),No,1,130,karur_kalam,Yes,13,117,GPay,,
2026-03-31,19:30,Sowmya Raj,+91 6345054156,40,Walk-in,Chicken Leg (2 pc),No,1,130,karur_kalam,No,0,130,Cash,4,"Great value for money, fresh and hot"
2026-03-31,18:14,Karthik,+91 7656529367,38,Walk-in,Chicken Wings (5 pc),No,1,130,karur_kalam,No,0,130,GPay,4,
2026-03-31,20:28,Vignesh Prasad,+91 8443135182,27,Walk-in,Chicken Leg (2 pc),No,1,130,karur_kalam,No,0,130,Cash,,"Nalla crispy ah irundhuchu, quantity um super"
2026-03-31,19:54,Vignesh Kumar,+91 6187692704,30,Walk-in,Chicken Wings (5 pc),No,1,130,karur_kalam,No,0,130,PhonePe,,
2026-03-31,19:55,Swathi Devi,+91 6447394731,23,Phone Call,Chicken Leg (2 pc),No,1,130,karur_kalam,No,0,130,GPay,5,"Amazing bbq stall, must try in this area"
2026-03-31,20:45,Suresh,+91 7389083863,43,Walk-in,Chicken Leg (2 pc),No,1,130,karur_kalam,No,0,130,PhonePe,,"Excellent flavour, family panindhalum enjoy pannanga"
2026-03-31,18:56,Ravi R,+91 7724771157,50,Walk-in,Chicken Wings (5 pc),No,1,130,karur_kalam,No,0,130,Paytm,4,
2026-03-31,20:25,Kumar K,+91 9314031916,42,Walk-in,Chicken Lollipop (4 pc),No,2,260,karur_kalam,No,0,260,Cash,5,"Super spicy and juicy, best bbq in area"
2026-03-31,17:17,Vidya,+91 7479224768,42,Walk-in,Chicken Leg (2 pc),No,1,130,karur_kalam,No,0,130,PhonePe,5,
2026-03-31,22:50,Nithya Babu,+91 9120826773,33,Phone Call,Chicken Leg (2 pc),No,1,130,karur_kalam,No,0,130,Cash,5,
2026-03-31,17:56,Gopal K,+91 6607337543,29,Phone Call,Chicken Leg (2 pc),No,1,130,karur_kalam,No,0,130,Cash,4,"Chicken leg romba soft ah vekachu irundhuchu, super"
2026-03-31,19:41,Saravanan Raj,+91 9840369003,34,Phone Call,Chicken Leg (2 pc),No,1,130,karur_kalam,Yes,13,117,Cash,4,"Semma taste bro, chicken romba soft ah irundhuchu"
2026-03-31,22:52,Naveen Babu,+91 7833642550,29,Walk-in,Chicken Lollipop (4 pc),No,1,130,karur_kalam,No,0,130,PhonePe,4,"Kalakalappa irundhuchu, next time friends oda varen"
2026-03-31,21:23,Revathi Babu,+91 6499959770,29,Walk-in,Chicken Lollipop (4 pc),No,2,260,karur_kalam,Yes,26,234,GPay,5,
2026-03-31,19:32,Ramesh Raj,+91 9584044997,24,Walk-in,Chicken Lollipop (4 pc),No,1,130,karur_kalam,No,0,130,Cash,5,"Chicken leg romba soft ah vekachu irundhuchu, super"
2026-03-31,21:01,Divya K,+91 7185016315,53,Walk-in,Chicken Leg (2 pc),No,1,130,karur_kalam,No,0,130,GPay,5,"Kalakalappa irundhuchu, next time friends oda varen"
2026-03-31,22:18,Suresh,+91 9873395004,46,Walk-in,Chicken Leg (2 pc),No,1,130,karur_kalam,Yes,13,117,Cash,5,
2026-03-31,19:42,Dinesh,+91 8451076226,49,Phone Call,Chicken Lollipop (4 pc),No,1,130,karur_kalam,No,0,130,GPay,3,Quantity konjam kammiya irundhuchu but taste okay
2026-03-31,20:12,Bala,+91 8505331586,54,Phone Call,Chicken Lollipop (4 pc),No,1,130,karur_kalam,Yes,13,117,PhonePe,5,"Best chicken lollipop I've had, will come again"
2026-03-31,21:20,Harish Babu,+91 8476168068,17,Phone Call,Chicken Lollipop (4 pc),No,1,130,karur_kalam,No,0,130,Cash,,"Cold ah kudutanga, expected hot and fresh"
2026-03-31,20:41,Sathish,+91 8336057432,21,Walk-in,Chicken Wings (5 pc),No,1,130,karur_kalam,No,0,130,Cash,3,
2026-03-31,20:50,John Devi,+91 6913641765,59,Phone Call,Chicken Lollipop (4 pc),No,1,130,karur_kalam,No,0,130,GPay,,"Waiting time mikka adhigama irundhuchu, service slow"
2026-04-01,20:02,Yazhini Kumar,+91 9096439453,56,Walk-in,Chicken Wings (5 pc),No,1,130,karur_kalam,No,0,130,Cash,4,
2026-04-01,22:34,Naveen Devi,+91 7873342708,,Phone Call,Chicken Wings (5 pc),No,1,130,karur_kalam,No,0,130,PhonePe,4,"Nalla crispy ah irundhuchu, quantity um super"
2026-04-01,19:46,Pradeep Prasad,+91 6430305486,49,Phone Call,Chicken Lollipop (4 pc),No,1,130,karur_kalam,No,0,130,Cash,,"Great value for money, fresh and hot"
2026-04-01,20:43,Gopal Raj,+91 6193539103,47,Walk-in,Chicken Leg (2 pc),No,1,130,karur_kalam,No,0,130,PhonePe,4,"Kalakalappa irundhuchu, next time friends oda varen"
2026-04-01,20:40,Divya S,+91 6439429008,58,Walk-in,Chicken Wings (5 pc),No,1,130,karur_kalam,No,0,130,Paytm,4,"Nalla crispy ah irundhuchu, quantity um super"
2026-04-01,21:26,Pradeep Kumar,+91 8160607159,42,Walk-in,Chicken Leg (2 pc),No,1,130,karur_kalam,No,0,130,Card,5,"Nalla crispy ah irundhuchu, quantity um super"
2026-04-01,20:59,,+91 6430305486,,Phone Call,Chicken Wings (5 pc),No,1,130,karur_kalam,Yes,13,117,GPay,3,"Okay okay taste, but konjam salt adhigama irundhuchu"
2026-04-01,20:22,Gopal R,+91 7655110475,32,Walk-in,Chicken Wings (5 pc),No,1,130,karur_kalam,No,0,130,Card,3,"Okay okay taste, but konjam salt adhigama irundhuchu"
2026-04-01,19:15,Gowtham Prasad,+91 8980841241,21,Phone Call,Chicken Wings (5 pc),No,1,130,karur_kalam,Yes,13,117,Cash,5,
2026-04-01,22:34,Farhan,+91 6838425135,,Phone Call,Chicken Leg (2 pc),No,1,130,karur_kalam,No,0,130,PhonePe,5,"Kalakalappa irundhuchu, next time friends oda varen"
2026-04-01,22:19,Yazhini Devi,+91 8648236629,51,Phone Call,Chicken Wings (5 pc),No,1,130,karur_kalam,No,0,130,Cash,,Quantity konjam kammiya irundhuchu but taste okay
2026-04-01,18:44,Sivakumar,+91 9121669481,59,Walk-in,Chicken Leg (2 pc),No,1,130,karur_kalam,No,0,130,PhonePe,,"Okay okay taste, but konjam salt adhigama irundhuchu"
2026-04-01,21:12,Rajesh,+91 6422842102,15,Walk-in,Chicken Wings (5 pc),No,1,130,karur_kalam,No,0,130,PhonePe,5,"Nalla crispy ah irundhuchu, quantity um super"
2026-04-01,20:20,Elango S,+91 9872774348,46,Phone Call,Chicken Wings (5 pc),No,1,130,karur_kalam,No,0,130,PhonePe,4,"Kalakalappa irundhuchu, next time friends oda varen"
2026-04-01,22:07,Elango Raj,+91 7816836257,46,Walk-in,Chicken Lollipop (4 pc),No,1,130,karur_kalam,No,0,130,GPay,2,"Quantity kammiya kudutanga, not worth the price"
2026-04-01,19:22,Manoj S,+91 9823004786,49,Walk-in,Chicken Wings (5 pc),No,2,260,karur_kalam,No,0,260,Cash,5,"Great value for money, fresh and hot"
2026-04-01,19:41,Pradeep Babu,+91 7462475107,,Walk-in,Chicken Leg (2 pc),No,1,130,karur_kalam,No,0,130,PhonePe,,"Not bad, but waiting time konjam adhigama irundhuchu"
2026-04-01,20:15,Revathi S,+91 6080132677,28,Walk-in,Chicken Lollipop (4 pc),No,1,130,karur_kalam,No,0,130,PhonePe,4,
2026-04-01,19:46,Selvam,+91 9400524278,60,Walk-in,Chicken Leg (2 pc),No,1,130,karur_kalam,No,0,130,PhonePe,4,
2026-04-01,19:05,Joseph M,+91 8931034131,39,Walk-in,Chicken Leg (2 pc),No,1,130,karur_kalam,Yes,13,117,Cash,3,"Okay okay taste, but konjam salt adhigama irundhuchu"
2026-04-01,17:42,Gopal K,+91 6974993097,25,Phone Call,Chicken Leg (2 pc),No,2,260,karur_kalam,No,0,260,Paytm,3,"Average, expected more spice"
2026-04-01,19:10,,+91 9256964113,37,Walk-in,Chicken Lollipop (4 pc),No,1,130,karur_kalam,Yes,13,117,GPay,4,"Wings semma crispy ah irundhuchu, thanks anna"
2026-04-01,22:46,Revathi,+91 6947505220,21,Walk-in,Chicken Lollipop (4 pc),No,1,130,karur_kalam,Yes,13,117,PhonePe,5,
2026-04-01,17:07,Bala Kumar,+91 6433161669,57,Walk-in,Chicken Leg (2 pc),No,1,130,karur_kalam,No,0,130,GPay,5,"Amazing bbq stall, must try in this area"
2026-04-01,20:59,Farhan Devi,+91 9416052975,20,Walk-in,Chicken Wings (5 pc),No,1,130,karur_kalam,Yes,13,117,Cash,4,"Amazing bbq stall, must try in this area"
2026-04-01,19:24,,+91 9231665876,18,Phone Call,Chicken Lollipop (4 pc),No,1,130,karur_kalam,No,0,130,PhonePe,,Very tasty and quick service too
2026-04-01,20:04,Anitha M,+91 8406409097,33,Walk-in,Chicken Lollipop (4 pc),No,1,130,karur_kalam,No,0,130,GPay,4,"Semma taste bro, chicken romba soft ah irundhuchu"
2026-04-01,19:14,Gowtham Babu,+91 9139718707,23,Phone Call,Chicken Leg (2 pc),No,1,130,karur_kalam,No,0,130,Cash,,"Excellent flavour, family panindhalum enjoy pannanga"
2026-04-01,20:26,John S,+91 6893246095,30,Phone Call,Chicken Leg (2 pc),No,2,260,karur_kalam,No,0,260,Cash,,
2026-04-01,19:08,Dinesh,+91 8451076226,49,Phone Call,Chicken Lollipop (4 pc),No,1,130,karur_kalam,No,0,130,PhonePe,4,
2026-04-01,21:22,Anitha S,+91 6995604661,50,Walk-in,Chicken Lollipop (4 pc),No,1,130,karur_kalam,No,0,130,GPay,5,
2026-04-01,20:21,Naveen,+91 9841459332,45,Walk-in,Chicken Wings (5 pc),No,1,130,karur_kalam,Yes,13,117,Cash,5,"Freshly grilled and juicy, highly recommend"
2026-04-01,20:40,Arun,+91 9259212985,39,Walk-in,Chicken Lollipop (4 pc),No,1,130,karur_kalam,No,0,130,Cash,3,"Okay okay taste, but konjam salt adhigama irundhuchu"
2026-04-01,21:13,Gopal Raj,+91 8961586578,17,Phone Call,Chicken Leg (2 pc),No,1,130,karur_kalam,No,0,130,PhonePe,5,"Vera level taste, oru sight ah irundhuchu"
2026-04-01,19:10,Arun Kumar,+91 7387262473,19,Phone Call,Chicken Leg (2 pc),No,1,130,karur_kalam,Yes,13,117,GPay,4,"Ultimate taste anna, naa daily varen"
2026-04-01,22:07,Pradeep Kumar,+91 8160607159,42,Walk-in,Chicken Wings (5 pc),No,1,130,karur_kalam,No,0,130,GPay,,"Great value for money, fresh and hot"
2026-04-01,22:07,Gowtham Babu,+91 9139718707,23,Walk-in,Chicken Wings (5 pc),No,1,130,karur_kalam,Yes,13,117,GPay,5,"Semma taste bro, chicken romba soft ah irundhuchu"
2026-04-01,22:10,Sivakumar,+91 7856543102,46,Walk-in,Chicken Leg (2 pc),No,1,130,karur_kalam,No,0,130,Cash,3,"It was fine, nothing special"
2026-04-01,20:53,Kalaivani,+91 9535560932,16,Walk-in,Chicken Lollipop (4 pc),No,1,130,karur_kalam,No,0,130,Cash,4,"Nalla crispy ah irundhuchu, quantity um super"
2026-04-01,22:11,Meena,+91 7018366752,38,Phone Call,Chicken Leg (2 pc),No,1,130,karur_kalam,No,0,130,GPay,,
2026-04-01,22:55,Farhan Devi,+91 9416052975,,Phone Call,Chicken Wings (5 pc),No,1,130,karur_kalam,No,0,130,PhonePe,3,"Taste romba pramadham illa, sagalama irundhuchu"
2026-04-01,20:30,Farhan Devi,+91 7185188888,16,Phone Call,Chicken Leg (2 pc),No,1,130,karur_kalam,No,0,130,Card,,"Not fresh today, taste changed"
2026-04-01,18:14,Saravanan,+91 8190496631,,Phone Call,Chicken Leg (2 pc),No,1,130,karur_kalam,Yes,13,117,Cash,4,"Freshly grilled and juicy, highly recommend"
2026-04-01,19:43,Ravi S,+91 9423536937,50,Walk-in,Chicken Leg (2 pc),No,1,130,karur_kalam,No,0,130,Cash,2,"Cold ah kudutanga, expected hot and fresh"
2026-04-01,19:29,Priya,+91 9122753046,30,Phone Call,Chicken Leg (2 pc),No,1,130,karur_kalam,No,0,130,GPay,3,"It was fine, nothing special"
2026-04-01,19:37,Yazhini Devi,+91 6690476102,54,Walk-in,Chicken Lollipop (4 pc),No,1,130,karur_kalam,No,0,130,Cash,5,"Freshly grilled and juicy, highly recommend"
2026-04-02,22:55,Lakshmi,+91 7562372464,35,Walk-in,Chicken Lollipop (4 pc),No,1,130,karur_kalam,No,0,130,PhonePe,5,"Semma taste bro, chicken romba soft ah irundhuchu"
2026-04-02,20:25,Manoj,+91 9791117851,26,Walk-in,Chicken Lollipop (4 pc),No,1,130,karur_kalam,No,0,130,PhonePe,5,"Freshly grilled and juicy, highly recommend"
2026-04-02,19:31,Sivakumar Devi,+91 7867749649,54,Phone Call,Chicken Leg (2 pc),No,2,260,karur_kalam,Yes,26,234,Paytm,4,Very tasty and quick service too
2026-04-02,19:40,Swathi S,+91 7660798334,,Walk-in,Chicken Leg (2 pc),No,2,260,karur_kalam,No,0,260,GPay,5,
2026-04-02,18:01,Sowmya Babu,+91 6814124782,42,Phone Call,Chicken Wings (5 pc),No,1,130,karur_kalam,Yes,13,117,GPay,,
2026-04-02,21:31,Yazhini,+91 8709280337,20,Walk-in,Chicken Lollipop (4 pc),No,1,130,karur_kalam,No,0,130,Cash,5,
2026-04-02,21:01,Pradeep S,+91 8954276293,,Phone Call,Chicken Leg (2 pc),No,1,130,karur_kalam,No,0,130,GPay,5,
2026-04-02,21:01,Swathi R,+91 9230913075,41,Walk-in,Chicken Lollipop (4 pc),No,1,130,karur_kalam,No,0,130,PhonePe,3,"Taste romba pramadham illa, sagalama irundhuchu"
2026-04-02,18:30,Prakash Prasad,+91 8687833918,,Phone Call,Chicken Lollipop (4 pc),No,1,130,karur_kalam,No,0,130,GPay,3,"Not bad, but waiting time konjam adhigama irundhuchu"
2026-04-02,19:22,Iniya S,+91 9287431527,56,Phone Call,Chicken Leg (2 pc),No,1,130,karur_kalam,No,0,130,Cash,4,
2026-04-02,17:42,Nithya S,+91 7634351751,,Phone Call,Chicken Leg (2 pc),No,1,130,karur_kalam,No,0,130,GPay,4,"Amazing bbq stall, must try in this area"
2026-04-02,17:43,Ayesha Babu,+91 6339660575,,Walk-in,Chicken Wings (5 pc),No,1,130,karur_kalam,No,0,130,Paytm,4,
2026-04-02,22:55,Yazhini R,+91 9582029702,19,Walk-in,Chicken Lollipop (4 pc),No,1,130,karur_kalam,Yes,13,117,Cash,5,
2026-04-02,22:36,Divya Prasad,+91 9559991966,52,Walk-in,Chicken Lollipop (4 pc),No,2,260,karur_kalam,No,0,260,Cash,3,"Average, expected more spice"
2026-04-02,19:27,Senthil Raj,+91 7618324210,25,Walk-in,Chicken Wings (5 pc),No,1,130,karur_kalam,No,0,130,Cash,,"Nalla crispy ah irundhuchu, quantity um super"
2026-04-02,18:45,Dinesh Devi,+91 9909670546,41,Walk-in,Chicken Lollipop (4 pc),No,1,130,karur_kalam,Yes,13,117,Card,5,
2026-04-02,17:47,,+91 6347317510,57,Walk-in,Chicken Leg (2 pc),No,1,130,karur_kalam,No,0,130,GPay,,
2026-04-02,20:18,,+91 8961586578,17,Phone Call,Chicken Lollipop (4 pc),No,1,130,karur_kalam,Yes,13,117,GPay,3,"It was fine, nothing special"
2026-04-02,21:55,Prakash,+91 7875099770,15,Phone Call,Chicken Lollipop (4 pc),No,2,260,karur_kalam,No,0,260,PhonePe,4,
2026-04-02,18:35,Abdul Kareem M,+91 7206829945,50,Walk-in,Chicken Leg (2 pc),No,1,130,karur_kalam,No,0,130,Cash,3,"Taste romba pramadham illa, sagalama irundhuchu"
2026-04-02,17:13,Ayesha,+91 7680182422,35,Walk-in,Chicken Lollipop (4 pc),No,1,130,karur_kalam,No,0,130,Cash,5,"Great value for money, fresh and hot"
2026-04-02,21:30,Vijay Devi,+91 6605433707,57,Walk-in,Chicken Lollipop (4 pc),No,1,130,karur_kalam,No,0,130,Cash,5,
2026-04-02,20:28,Sowmya Prasad,+91 6104328986,22,Walk-in,Chicken Wings (5 pc),No,1,130,karur_kalam,No,0,130,GPay,,"Chicken leg romba soft ah vekachu irundhuchu, super"
2026-04-02,22:35,Elango S,+91 9872774348,46,Phone Call,Chicken Lollipop (4 pc),No,1,130,karur_kalam,No,0,130,PhonePe,3,
2026-04-02,21:28,Elango Kumar,+91 6469901398,28,Phone Call,Chicken Leg (2 pc),No,1,130,karur_kalam,No,0,130,GPay,4,"Nalla crispy ah irundhuchu, quantity um super"
2026-04-02,21:08,Vignesh Kumar,+91 8957885685,37,Walk-in,Chicken Wings (5 pc),No,1,130,karur_kalam,No,0,130,Cash,5,"Amazing bbq stall, must try in this area"
2026-04-02,20:33,Joseph,+91 8142509563,,Walk-in,Chicken Leg (2 pc),No,1,130,karur_kalam,No,0,130,Cash,2,"Quantity kammiya kudutanga, not worth the price"
2026-04-02,19:37,Selvam R,+91 6217659180,29,Phone Call,Chicken Lollipop (4 pc),No,1,130,karur_kalam,No,0,130,PhonePe,3,"Not bad, but waiting time konjam adhigama irundhuchu"
2026-04-02,20:17,,+91 8024026811,45,Walk-in,Chicken Lollipop (4 pc),No,1,130,karur_kalam,No,0,130,PhonePe,5,"Nalla crispy ah irundhuchu, quantity um super"
2026-04-02,22:21,Revathi S,+91 6080132677,28,Phone Call,Chicken Leg (2 pc),No,1,130,karur_kalam,No,0,130,PhonePe,3,
2026-04-02,19:28,Deepa R,+91 8829486309,51,Walk-in,Chicken Leg (2 pc),No,2,260,karur_kalam,No,0,260,GPay,5,"Excellent flavour, family panindhalum enjoy pannanga"
2026-04-02,22:02,Bala,+91 8505331586,54,Walk-in,Chicken Leg (2 pc),No,1,130,karur_kalam,No,0,130,PhonePe,5,"Great value for money, fresh and hot"
2026-04-02,21:44,Elango R,+91 9851604817,38,Phone Call,Chicken Lollipop (4 pc),No,2,260,karur_kalam,No,0,260,GPay,2,"Konjam over cooked ah irundhuchu, disappointed"
2026-04-02,22:56,Iniya Babu,+91 6643171390,18,Walk-in,Chicken Lollipop (4 pc),No,1,130,karur_kalam,No,0,130,GPay,5,"Best chicken lollipop I've had, will come again"
2026-04-02,20:18,Ramesh Kumar,+91 8376724238,49,Phone Call,Chicken Lollipop (4 pc),No,1,130,karur_kalam,No,0,130,Paytm,5,
2026-04-02,18:44,Anand,+91 6708292209,24,Walk-in,Chicken Lollipop (4 pc),No,1,130,karur_kalam,No,0,130,Cash,,"It was fine, nothing special"
2026-04-02,19:24,,+91 6555237839,16,Walk-in,Chicken Wings (5 pc),No,1,130,karur_kalam,No,0,130,PhonePe,5,"Loved the combo, perfect spice level"
2026-04-02,17:42,Kumar R,+91 8651903483,18,Walk-in,Chicken Leg (2 pc),No,1,130,karur_kalam,No,0,130,GPay,4,"Best chicken lollipop I've had, will come again"
2026-04-02,20:12,Karthik R,+91 9603859770,28,Phone Call,Chicken Wings (5 pc),No,1,130,karur_kalam,No,0,130,PhonePe,,"Decent taste, price sari than"
2026-04-02,17:51,Prakash,+91 7160639231,48,Walk-in,Chicken Leg (2 pc),No,1,130,karur_kalam,No,0,130,Cash,,"Freshly grilled and juicy, highly recommend"
2026-04-02,21:42,Sowmya Devi,+91 9177115921,23,Walk-in,Chicken Wings (5 pc),No,2,260,karur_kalam,No,0,260,GPay,5,"Amazing bbq stall, must try in this area"
2026-04-02,21:44,Vidya Kumar,+91 8738299737,41,Walk-in,Chicken Wings (5 pc),No,1,130,karur_kalam,No,0,130,Cash,4,
2026-04-02,20:39,Yazhini,+91 7849203175,,Walk-in,Chicken Leg (2 pc),No,1,130,karur_kalam,Yes,13,117,GPay,4,"Ultimate taste anna, naa daily varen"
2026-04-02,21:30,Vignesh Prasad,+91 8443135182,27,Phone Call,Chicken Leg (2 pc),No,1,130,karur_kalam,No,0,130,Cash,5,"Amazing bbq stall, must try in this area"
2026-04-03,20:45,Prakash Devi,+91 7689702838,,Phone Call,Chicken Lollipop (4 pc),No,2,260,karur_kalam,Yes,26,234,GPay,3,"Not bad, but waiting time konjam adhigama irundhuchu"
2026-04-03,20:54,Suresh,+91 6154448479,24,Walk-in,Chicken Leg (2 pc),No,1,130,karur_kalam,Yes,13,117,PhonePe,4,"Great value for money, fresh and hot"
2026-04-03,20:33,Muthu Babu,+91 6455623869,58,Phone Call,Chicken Lollipop (4 pc),No,1,130,karur_kalam,No,0,130,PhonePe,2,"Waiting time mikka adhigama irundhuchu, service slow"
2026-04-03,22:58,Prakash Prasad,+91 8687833918,43,Phone Call,Chicken Lollipop (4 pc),No,1,130,karur_kalam,Yes,13,117,Cash,5,
2026-04-03,17:48,Vidya Raj,+91 7474517123,58,Walk-in,Chicken Leg (2 pc),No,1,130,karur_kalam,No,0,130,Cash,,"Decent taste, price sari than"
2026-04-03,18:10,Gowtham Prasad,+91 8980841241,,Phone Call,Chicken Leg (2 pc),No,1,130,karur_kalam,No,0,130,PhonePe,4,
2026-04-03,22:25,Revathi Raj,+91 8499045301,44,Phone Call,Chicken Leg (2 pc),No,1,130,karur_kalam,No,0,130,Paytm,3,"Taste romba pramadham illa, sagalama irundhuchu"
2026-04-03,22:48,Gowtham Babu,+91 9139718707,23,Phone Call,Chicken Lollipop (4 pc),No,1,130,karur_kalam,No,0,130,GPay,5,"Super spicy and juicy, best bbq in area"
2026-04-03,19:37,Karthik R,+91 9603859770,28,Phone Call,Chicken Leg (2 pc),No,1,130,karur_kalam,No,0,130,Card,4,"Wings semma crispy ah irundhuchu, thanks anna"
2026-04-03,19:17,Harish K,+91 8965137098,35,Phone Call,Chicken Leg (2 pc),No,1,130,karur_kalam,No,0,130,PhonePe,,"Not fresh today, taste changed"
2026-04-03,19:39,Manoj R,+91 9194311426,60,Walk-in,Chicken Wings (5 pc),No,1,130,karur_kalam,No,0,130,Cash,4,"Semma taste bro, chicken romba soft ah irundhuchu"
2026-04-03,21:53,Revathi Babu,+91 6783908470,18,Walk-in,Chicken Wings (5 pc),No,1,130,karur_kalam,No,0,130,GPay,2,
2026-04-03,20:11,,+91 6818835523,21,Phone Call,Chicken Leg (2 pc),No,1,130,karur_kalam,No,0,130,Cash,5,
2026-04-03,18:38,,+91 8627635148,,Walk-in,Chicken Leg (2 pc),No,1,130,karur_kalam,No,0,130,GPay,5,
2026-04-03,20:39,Elango Devi,+91 9837770143,40,Phone Call,Chicken Leg (2 pc),No,1,130,karur_kalam,No,0,130,PhonePe,5,"Vera level taste, oru sight ah irundhuchu"
2026-04-03,19:08,Nithya Devi,+91 6251778528,55,Phone Call,Chicken Wings (5 pc),No,2,260,karur_kalam,No,0,260,PhonePe,3,
2026-04-03,19:13,Kumar R,+91 8569092755,43,Walk-in,Chicken Wings (5 pc),No,1,130,karur_kalam,No,0,130,Paytm,5,"Super spicy and juicy, best bbq in area"
2026-04-03,19:41,Divya Kumar,+91 7752431069,16,Phone Call,Chicken Lollipop (4 pc),No,1,130,karur_kalam,No,0,130,PhonePe,5,"Freshly grilled and juicy, highly recommend"
2026-04-03,17:45,Karthik Devi,+91 9974034471,58,Phone Call,Chicken Wings (5 pc),No,1,130,karur_kalam,No,0,130,GPay,5,"Great value for money, fresh and hot"
2026-04-03,19:53,Nithya Babu,+91 8907872550,60,Walk-in,Chicken Leg (2 pc),No,1,130,karur_kalam,No,0,130,GPay,3,
2026-04-03,18:23,Kumar M,+91 7622444721,,Phone Call,Chicken Wings (5 pc),No,1,130,karur_kalam,No,0,130,GPay,,
2026-04-03,19:03,Nithya S,+91 7634351751,49,Phone Call,Chicken Lollipop (4 pc),No,1,130,karur_kalam,No,0,130,Cash,4,
2026-04-03,17:39,Kavya Devi,+91 8906082761,16,Walk-in,Chicken Lollipop (4 pc),No,1,130,karur_kalam,Yes,13,117,GPay,5,"Great value for money, fresh and hot"
2026-04-03,18:34,Dinesh K,+91 8943856337,37,Walk-in,Chicken Wings (5 pc),No,1,130,karur_kalam,No,0,130,GPay,4,
2026-04-03,18:30,Sowmya Kumar,+91 8403317393,40,Walk-in,Chicken Wings (5 pc),No,1,130,karur_kalam,No,0,130,PhonePe,5,"Freshly grilled and juicy, highly recommend"
2026-04-03,17:31,Meena,+91 7606474687,24,Phone Call,Chicken Leg (2 pc),No,1,130,karur_kalam,No,0,130,PhonePe,4,"Freshly grilled and juicy, highly recommend"
2026-04-03,22:11,Arun,+91 7339845461,38,Phone Call,Chicken Wings (5 pc),No,1,130,karur_kalam,No,0,130,Cash,,
2026-04-03,21:49,Ayesha Babu,+91 9947055169,34,Walk-in,Chicken Lollipop (4 pc),No,1,130,karur_kalam,No,0,130,GPay,4,"Great value for money, fresh and hot"
2026-04-03,21:53,Muthu Raj,+91 7599002842,23,Walk-in,Chicken Wings (5 pc),No,1,130,karur_kalam,No,0,130,GPay,3,"Okay okay taste, but konjam salt adhigama irundhuchu"
2026-04-03,19:10,Ravi K,+91 9965328710,22,Phone Call,Chicken Lollipop (4 pc),No,1,130,karur_kalam,No,0,130,PhonePe,5,"Semma taste bro, chicken romba soft ah irundhuchu"
2026-04-03,21:54,Deepa S,+91 6112805982,42,Walk-in,Chicken Wings (5 pc),No,1,130,karur_kalam,No,0,130,Cash,4,
2026-04-03,17:08,Meena,+91 7606474687,24,Phone Call,Chicken Leg (2 pc),No,2,260,karur_kalam,Yes,26,234,GPay,5,
2026-04-03,22:56,Joseph Babu,+91 7629213501,21,Walk-in,Chicken Lollipop (4 pc),No,1,130,karur_kalam,No,0,130,Paytm,4,
2026-04-03,19:58,Dinesh K,+91 9401489025,16,Phone Call,Chicken Wings (5 pc),No,1,130,karur_kalam,No,0,130,GPay,,"Ultimate taste anna, naa daily varen"
2026-04-04,20:28,Priya Kumar,+91 8283644089,26,Phone Call,Chicken Leg (2 pc),No,1,130,karur_kalam,Yes,13,117,Card,4,Very tasty and quick service too
2026-04-04,20:32,Divya Babu,+91 6444465748,19,Walk-in,Chicken Leg (2 pc),No,1,130,karur_kalam,No,0,130,PhonePe,,"Nalla crispy ah irundhuchu, quantity um super"
2026-04-04,19:33,Mary Kumar,+91 6431784213,53,Walk-in,Chicken Leg (2 pc),No,2,260,karur_kalam,Yes,26,234,Paytm,5,"Kalakalappa irundhuchu, next time friends oda varen"
2026-04-04,18:10,Nithya S,+91 7634351751,49,Walk-in,Chicken Leg (2 pc),No,2,260,karur_kalam,No,0,260,Cash,5,
2026-04-04,19:04,Dinesh Devi,+91 9909670546,41,Phone Call,Chicken Wings (5 pc),No,1,130,karur_kalam,No,0,130,Cash,5,
2026-04-04,20:57,Vignesh Raj,+91 6244550229,,Phone Call,Chicken Leg (2 pc),No,2,260,karur_kalam,No,0,260,GPay,4,"Amazing bbq stall, must try in this area"
2026-04-04,22:57,Ayesha Raj,+91 9474367136,51,Phone Call,Chicken Lollipop (4 pc),No,1,130,karur_kalam,No,0,130,GPay,3,
2026-04-04,21:36,Naveen Devi,+91 7873342708,41,Walk-in,Chicken Lollipop (4 pc),No,1,130,karur_kalam,No,0,130,GPay,5,
2026-04-04,19:12,John M,+91 8281783420,,Walk-in,Chicken Wings (5 pc),No,2,260,karur_kalam,No,0,260,Paytm,3,"Taste romba pramadham illa, sagalama irundhuchu"
2026-04-04,17:47,Revathi,+91 6409324243,,Walk-in,Chicken Leg (2 pc),No,1,130,karur_kalam,No,0,130,GPay,5,
2026-04-04,18:16,Elango Devi,+91 9837770143,40,Phone Call,Chicken Lollipop (4 pc),No,1,130,karur_kalam,Yes,13,117,PhonePe,4,Very tasty and quick service too
2026-04-04,20:04,Selvam S,+91 7172788957,54,Phone Call,Chicken Lollipop (4 pc),No,2,260,karur_kalam,No,0,260,GPay,,
2026-04-04,20:40,Sivakumar R,+91 8902787429,42,Phone Call,Chicken Lollipop (4 pc),No,1,130,karur_kalam,No,0,130,GPay,5,"Nalla crispy ah irundhuchu, quantity um super"
2026-04-04,19:24,Farhan Prasad,+91 9895166501,49,Phone Call,Chicken Wings (5 pc),No,1,130,karur_kalam,Yes,13,117,PhonePe,4,"Vera level taste, oru sight ah irundhuchu"
2026-04-04,19:51,Kavya,+91 6003668574,30,Phone Call,Chicken Lollipop (4 pc),No,1,130,karur_kalam,No,0,130,GPay,5,
2026-04-04,18:12,John Babu,+91 9015430391,20,Phone Call,Chicken Wings (5 pc),No,2,260,karur_kalam,No,0,260,GPay,3,"Taste romba pramadham illa, sagalama irundhuchu"
2026-04-04,20:10,Muthu K,+91 7102623705,17,Walk-in,Chicken Leg (2 pc),No,1,130,karur_kalam,No,0,130,Paytm,4,"Vera level taste, oru sight ah irundhuchu"
2026-04-04,19:47,Lakshmi K,+91 8763169145,37,Walk-in,Chicken Leg (2 pc),No,1,130,karur_kalam,No,0,130,Cash,,"Semma taste bro, chicken romba soft ah irundhuchu"
2026-04-04,20:24,Kavya,+91 8936899809,,Walk-in,Chicken Leg (2 pc),No,2,260,karur_kalam,No,0,260,Cash,4,
2026-04-04,20:23,Divya Kumar,+91 7752431069,16,Walk-in,Chicken Wings (5 pc),No,1,130,karur_kalam,No,0,130,PhonePe,3,"Average, expected more spice"
2026-04-04,22:02,,+91 8053773515,49,Phone Call,Chicken Leg (2 pc),No,1,130,karur_kalam,No,0,130,Paytm,4,"Ultimate taste anna, naa daily varen"
2026-04-04,22:38,Murugan S,+91 7449353487,31,Phone Call,Chicken Leg (2 pc),No,2,260,karur_kalam,No,0,260,GPay,3,"Decent taste, price sari than"
2026-04-04,19:50,Suresh,+91 7389083863,43,Walk-in,Chicken Leg (2 pc),No,1,130,karur_kalam,Yes,13,117,PhonePe,2,"Cold ah kudutanga, expected hot and fresh"
2026-04-04,22:14,,+91 8740748217,,Walk-in,Chicken Wings (5 pc),No,1,130,karur_kalam,No,0,130,GPay,5,"Amazing bbq stall, must try in this area"
2026-04-04,19:10,Kumar R,+91 8569092755,43,Walk-in,Chicken Leg (2 pc),No,1,130,karur_kalam,No,0,130,Cash,5,"Loved the combo, perfect spice level"
2026-04-04,17:54,Priya Devi,+91 8978507867,26,Walk-in,Chicken Wings (5 pc),No,1,130,karur_kalam,No,0,130,Cash,,Very tasty and quick service too
2026-04-04,18:50,,+91 7467199927,36,Walk-in,Chicken Leg (2 pc),No,1,130,karur_kalam,No,0,130,Cash,,
2026-04-04,21:06,Aishwarya Babu,+91 9053209361,29,Walk-in,Chicken Wings (5 pc),No,1,130,karur_kalam,No,0,130,Cash,2,"Waiting time mikka adhigama irundhuchu, service slow"
2026-04-04,21:49,Sowmya Prasad,+91 6104328986,,Phone Call,Chicken Leg (2 pc),No,1,130,karur_kalam,No,0,130,Cash,4,Very tasty and quick service too
2026-04-04,20:06,Divya K,+91 7185016315,53,Phone Call,Chicken Wings (5 pc),No,2,260,karur_kalam,No,0,260,,2,"Too salty, not up to the mark today"
2026-04-04,20:09,Priya Raj,+91 6193802620,40,Walk-in,Chicken Wings (5 pc),No,1,130,karur_kalam,No,0,130,Cash,3,"It was fine, nothing special"
2026-04-04,19:03,Vidya,+91 6489325288,15,Phone Call,Chicken Leg (2 pc),No,1,130,karur_kalam,Yes,13,117,PhonePe,4,"Ultimate taste anna, naa daily varen"
2026-04-04,17:33,,+91 6993308330,21,Walk-in,Chicken Wings (5 pc),No,1,130,karur_kalam,No,0,130,Cash,,"Chicken leg romba soft ah vekachu irundhuchu, super"
2026-04-04,19:53,Suresh,+91 7389083863,43,Phone Call,Chicken Leg (2 pc),No,1,130,karur_kalam,No,0,130,Cash,5,
2026-04-04,18:39,Ramesh S,+91 6693491067,42,Walk-in,Chicken Lollipop (4 pc),No,1,130,karur_kalam,No,0,130,PhonePe,,
2026-04-04,21:16,Kavya,+91 9429586167,,Walk-in,Chicken Wings (5 pc),No,1,130,karur_kalam,Yes,13,117,PhonePe,,"Loved the combo, perfect spice level"
2026-04-04,22:09,Vijay M,+91 6659401399,16,Walk-in,Chicken Leg (2 pc),No,1,130,karur_kalam,No,0,130,GPay,3,"It was fine, nothing special"
2026-04-04,21:26,Muthu Babu,+91 6455623869,58,Walk-in,Chicken Wings (5 pc),No,2,260,karur_kalam,Yes,26,234,Cash,5,"Vera level taste, oru sight ah irundhuchu"
2026-04-04,18:09,Aishwarya Raj,+91 9807154516,47,Phone Call,Chicken Leg (2 pc),No,1,130,karur_kalam,No,0,130,Paytm,4,
2026-04-04,19:56,Kavya Kumar,+91 6515220472,60,Phone Call,Chicken Lollipop (4 pc),No,1,130,karur_kalam,No,0,130,GPay,,"Kalakalappa irundhuchu, next time friends oda varen"
2026-04-04,20:58,Lakshmi,+91 7930103105,19,Phone Call,Chicken Leg (2 pc),No,1,130,karur_kalam,Yes,13,117,GPay,,"Vera level taste, oru sight ah irundhuchu"
2026-04-04,21:38,Sathish,+91 6037917693,60,Phone Call,Chicken Lollipop (4 pc),No,1,130,karur_kalam,No,0,130,PhonePe,5,
2026-04-04,20:54,Selvam R,+91 6217659180,29,Phone Call,Chicken Wings (5 pc),No,1,130,karur_kalam,No,0,130,Paytm,4,"Vera level taste, oru sight ah irundhuchu"
2026-04-04,22:49,Kumar K,+91 9153427893,55,Walk-in,Chicken Leg (2 pc),No,1,130,karur_kalam,No,0,130,Cash,,"Chicken leg romba soft ah vekachu irundhuchu, super"
2026-04-05,22:36,Rajesh M,+91 8645403002,,Walk-in,Chicken Leg (2 pc),No,1,130,karur_kalam,Yes,13,117,PhonePe,,"Wings semma crispy ah irundhuchu, thanks anna"
2026-04-05,22:49,Gopal,+91 7219693792,29,Phone Call,Chicken Leg (2 pc),No,2,260,karur_kalam,No,0,260,PhonePe,3,"Decent taste, price sari than"
2026-04-05,17:12,Suresh,+91 9873395004,46,Phone Call,Chicken Leg (2 pc),No,1,130,karur_kalam,Yes,13,117,PhonePe,2,"Too salty, not up to the mark today"
2026-04-05,19:29,Sowmya,+91 6411158162,28,Walk-in,Chicken Lollipop (4 pc),No,2,260,karur_kalam,Yes,26,234,Cash,4,"Vera level taste, oru sight ah irundhuchu"
2026-04-05,21:18,Revathi R,+91 8057921510,56,Walk-in,Chicken Wings (5 pc),No,1,130,karur_kalam,No,0,130,GPay,4,"Super spicy and juicy, best bbq in area"
2026-04-05,21:26,Harish Devi,+91 8694276380,,Walk-in,Chicken Lollipop (4 pc),No,1,130,karur_kalam,No,0,130,PhonePe,4,"Best chicken lollipop I've had, will come again"
2026-04-05,22:17,Kalaivani R,+91 8740748217,37,Phone Call,Chicken Lollipop (4 pc),No,1,130,karur_kalam,No,0,130,PhonePe,4,"Chicken leg romba soft ah vekachu irundhuchu, super"
2026-04-05,19:12,Ravi S,+91 9423536937,50,Phone Call,Chicken Wings (5 pc),No,1,130,karur_kalam,No,0,130,Paytm,5,"Vera level taste, oru sight ah irundhuchu"
2026-04-05,20:52,Vignesh S,+91 8405847438,52,Walk-in,Chicken Lollipop (4 pc),No,1,130,karur_kalam,No,0,130,Paytm,5,"Nalla crispy ah irundhuchu, quantity um super"
2026-04-05,19:46,Ramesh Prasad,+91 7715518844,25,Walk-in,Chicken Leg (2 pc),No,2,260,karur_kalam,No,0,260,Cash,,
2026-04-05,19:17,Abdul Kareem,+91 7992299590,16,Phone Call,Chicken Leg (2 pc),No,1,130,karur_kalam,No,0,130,GPay,3,Quantity konjam kammiya irundhuchu but taste okay
2026-04-05,21:15,Iniya Babu,+91 6643171390,18,Phone Call,Chicken Leg (2 pc),No,1,130,karur_kalam,No,0,130,Cash,,
2026-04-05,18:06,Sathish M,+91 8256377312,37,Walk-in,Chicken Leg (2 pc),No,1,130,karur_kalam,No,0,130,PhonePe,4,"Kalakalappa irundhuchu, next time friends oda varen"
2026-04-05,17:59,Kavya S,+91 7624921515,42,Walk-in,Chicken Lollipop (4 pc),No,1,130,karur_kalam,No,0,130,GPay,,
2026-04-05,20:39,Gopal Raj,+91 7562739643,58,Walk-in,Chicken Lollipop (4 pc),No,2,260,karur_kalam,No,0,260,Cash,,
2026-04-05,18:46,Sowmya Babu,+91 6536720975,17,Walk-in,Chicken Leg (2 pc),No,1,130,karur_kalam,No,0,130,Paytm,4,"Ultimate taste anna, naa daily varen"
2026-04-05,19:40,,+91 6217659180,29,Phone Call,Chicken Leg (2 pc),No,1,130,karur_kalam,No,0,130,Cash,3,Quantity konjam kammiya irundhuchu but taste okay
2026-04-05,19:05,Arun S,+91 6603632351,,Walk-in,Chicken Wings (5 pc),No,1,130,karur_kalam,No,0,130,GPay,,"Taste romba pramadham illa, sagalama irundhuchu"
2026-04-05,19:59,Revathi R,+91 9797643815,,Walk-in,Chicken Lollipop (4 pc),No,1,130,karur_kalam,Yes,13,117,Cash,5,"Excellent flavour, family panindhalum enjoy pannanga"
2026-04-05,21:56,Sivakumar Prasad,+91 9741465183,,Walk-in,Chicken Lollipop (4 pc),No,1,130,karur_kalam,No,0,130,Cash,3,"Average, expected more spice"
2026-04-05,18:58,Anand,+91 6993308330,21,Walk-in,Chicken Lollipop (4 pc),No,1,130,karur_kalam,No,0,130,Card,4,"Chicken leg romba soft ah vekachu irundhuchu, super"
2026-04-05,18:05,Gopal Babu,+91 7293183933,,Phone Call,Chicken Wings (5 pc),No,1,130,karur_kalam,No,0,130,GPay,5,"Semma taste bro, chicken romba soft ah irundhuchu"
2026-04-05,21:24,Bala Devi,+91 8741412404,27,Walk-in,Chicken Lollipop (4 pc),No,2,260,karur_kalam,No,0,260,Cash,4,"Excellent flavour, family panindhalum enjoy pannanga"
2026-04-05,20:40,Murugan S,+91 7449353487,31,Walk-in,Chicken Wings (5 pc),No,1,130,karur_kalam,No,0,130,Cash,3,
2026-04-05,18:26,Anand Prasad,+91 7799650752,,Phone Call,Chicken Lollipop (4 pc),No,1,130,karur_kalam,No,0,130,PhonePe,5,"Ultimate taste anna, naa daily varen"
2026-04-05,20:58,Arun S,+91 6867522624,53,Walk-in,Chicken Wings (5 pc),No,1,130,karur_kalam,No,0,130,Cash,4,"Freshly grilled and juicy, highly recommend"
2026-04-05,20:07,Revathi S,+91 6080132677,28,Phone Call,Chicken Wings (5 pc),No,1,130,karur_kalam,No,0,130,Paytm,5,Very tasty and quick service too
2026-04-05,18:06,Anitha Babu,+91 7765118256,42,Walk-in,Chicken Leg (2 pc),No,1,130,karur_kalam,No,0,130,Cash,4,
2026-04-05,19:41,Sathish Raj,+91 6350334607,34,Phone Call,Chicken Leg (2 pc),No,1,130,karur_kalam,No,0,130,GPay,4,"Freshly grilled and juicy, highly recommend"
2026-04-05,18:48,Gopal R,+91 7655110475,32,Phone Call,Chicken Leg (2 pc),No,1,130,karur_kalam,No,0,130,GPay,5,"Best chicken lollipop I've had, will come again"
2026-04-05,20:14,Anitha,+91 7151346508,60,Walk-in,Chicken Leg (2 pc),No,1,130,karur_kalam,No,0,130,Paytm,4,"Wings semma crispy ah irundhuchu, thanks anna"
2026-04-05,22:40,Selvam S,+91 7172788957,54,Phone Call,Chicken Leg (2 pc),No,1,130,karur_kalam,No,0,130,PhonePe,,Very tasty and quick service too
2026-04-05,19:19,Bala M,+91 9665620670,30,Walk-in,Chicken Leg (2 pc),No,1,130,karur_kalam,No,0,130,GPay,4,"Wings semma crispy ah irundhuchu, thanks anna"
2026-04-05,21:08,Sivakumar,+91 7003409358,26,Walk-in,Chicken Wings (5 pc),No,2,260,karur_kalam,No,0,260,Cash,5,
2026-04-05,21:31,Naveen K,+91 8991022901,32,Phone Call,Chicken Lollipop (4 pc),No,1,130,karur_kalam,No,0,130,GPay,3,"Taste romba pramadham illa, sagalama irundhuchu"
2026-04-05,19:06,Iniya S,+91 9287431527,56,Walk-in,Chicken Leg (2 pc),No,1,130,karur_kalam,No,0,130,PhonePe,4,"Amazing bbq stall, must try in this area"
2026-04-05,18:45,Abdul Kareem,+91 7992299590,16,Phone Call,Chicken Wings (5 pc),No,1,130,karur_kalam,Yes,13,117,Cash,4,"Kalakalappa irundhuchu, next time friends oda varen"
2026-04-05,20:03,Yazhini S,+91 9686899842,16,Walk-in,Chicken Wings (5 pc),No,2,260,karur_kalam,Yes,26,234,Cash,3,
2026-04-05,19:53,Saravanan Raj,+91 9840369003,,Phone Call,Chicken Leg (2 pc),No,1,130,karur_kalam,No,0,130,GPay,4,"Super spicy and juicy, best bbq in area"
2026-04-06,21:30,Ramesh Kumar,+91 8376724238,49,Phone Call,Chicken Wings (5 pc),No,2,260,karur_kalam,No,0,260,Cash,5,"Freshly grilled and juicy, highly recommend"
2026-04-06,22:54,Elango K,+91 7561595148,34,Phone Call,Chicken Wings (5 pc),No,1,130,karur_kalam,No,0,130,Cash,4,"Wings semma crispy ah irundhuchu, thanks anna"
2026-04-06,22:19,Saravanan Babu,+91 7834899531,26,Walk-in,Chicken Leg (2 pc),No,2,260,karur_kalam,No,0,260,Cash,5,"Semma taste bro, chicken romba soft ah irundhuchu"
2026-04-06,18:52,Meena Prasad,+91 6902294131,50,Phone Call,Chicken Lollipop (4 pc),No,1,130,karur_kalam,No,0,130,GPay,4,"Loved the combo, perfect spice level"
2026-04-06,22:38,Vidya,+91 6715182037,43,Walk-in,Chicken Leg (2 pc),No,1,130,karur_kalam,No,0,130,GPay,4,
2026-04-06,17:55,Aishwarya,+91 9482151750,46,Walk-in,Chicken Leg (2 pc),No,1,130,karur_kalam,No,0,130,Cash,4,"Super spicy and juicy, best bbq in area"
2026-04-06,18:49,Priya,+91 9627145706,,Walk-in,Chicken Wings (5 pc),No,1,130,karur_kalam,No,0,130,GPay,4,"Kalakalappa irundhuchu, next time friends oda varen"
2026-04-06,18:28,Kalaivani,+91 7199939176,,Walk-in,Chicken Leg (2 pc),No,1,130,karur_kalam,Yes,13,117,,5,
2026-04-06,20:32,Arun,+91 6267888610,20,Phone Call,Chicken Leg (2 pc),No,1,130,karur_kalam,No,0,130,GPay,3,
2026-04-06,21:19,Fathima M,+91 8782911467,48,Phone Call,Chicken Wings (5 pc),No,1,130,karur_kalam,Yes,13,117,PhonePe,5,
2026-04-06,22:32,Prakash Kumar,+91 9231665876,18,Walk-in,Chicken Leg (2 pc),No,1,130,karur_kalam,Yes,13,117,GPay,5,"Nalla crispy ah irundhuchu, quantity um super"
2026-04-06,18:09,Aishwarya S,+91 8457653092,31,Walk-in,Chicken Lollipop (4 pc),No,2,260,karur_kalam,No,0,260,GPay,,
2026-04-06,20:53,Anitha Kumar,+91 8024026811,,Walk-in,Chicken Leg (2 pc),No,1,130,karur_kalam,No,0,130,PhonePe,4,Very tasty and quick service too
2026-04-06,17:35,,+91 8936899809,57,Walk-in,Chicken Leg (2 pc),No,1,130,karur_kalam,No,0,130,GPay,3,"It was fine, nothing special"
2026-04-06,18:29,Divya Kumar,+91 9057662702,47,Phone Call,Chicken Lollipop (4 pc),No,1,130,karur_kalam,No,0,130,GPay,5,"Excellent flavour, family panindhalum enjoy pannanga"
2026-04-06,20:22,,+91 7933833876,50,Walk-in,Chicken Leg (2 pc),No,1,130,karur_kalam,No,0,130,GPay,,Very tasty and quick service too
2026-04-06,21:38,Mary Devi,+91 8053773515,49,Walk-in,Chicken Lollipop (4 pc),No,2,260,karur_kalam,No,0,260,GPay,5,"Best chicken lollipop I've had, will come again"
2026-04-06,22:38,Suresh,+91 8294019655,42,Walk-in,Chicken Leg (2 pc),No,1,130,karur_kalam,Yes,13,117,GPay,4,"Semma taste bro, chicken romba soft ah irundhuchu"
2026-04-06,19:49,Mary K,+91 8086722662,49,Walk-in,Chicken Lollipop (4 pc),No,1,130,karur_kalam,Yes,13,117,PhonePe,,"Not fresh today, taste changed"
2026-04-06,22:08,John,+91 8974689933,17,Walk-in,Chicken Leg (2 pc),No,1,130,karur_kalam,No,0,130,GPay,,"Vera level taste, oru sight ah irundhuchu"
2026-04-06,20:39,Harish M,+91 8527177449,18,Phone Call,Chicken Lollipop (4 pc),No,1,130,karur_kalam,No,0,130,GPay,4,"Super spicy and juicy, best bbq in area"
2026-04-06,18:35,Vignesh Prasad,+91 8443135182,27,Walk-in,Chicken Wings (5 pc),No,1,130,karur_kalam,No,0,130,Cash,5,
2026-04-06,20:33,Pradeep Prasad,+91 6430305486,,Walk-in,Chicken Leg (2 pc),No,1,130,karur_kalam,No,0,130,GPay,5,
2026-04-06,21:15,Iniya Babu,+91 6514904873,37,Walk-in,Chicken Lollipop (4 pc),No,1,130,karur_kalam,No,0,130,Cash,,"Vera level taste, oru sight ah irundhuchu"
2026-04-06,18:49,,+91 9722226461,35,Walk-in,Chicken Wings (5 pc),No,1,130,karur_kalam,No,0,130,GPay,4,"Semma taste bro, chicken romba soft ah irundhuchu"
2026-04-06,18:56,Vignesh M,+91 7805145386,56,Walk-in,Chicken Wings (5 pc),No,1,130,karur_kalam,No,0,130,PhonePe,2,"Not fresh today, taste changed"
2026-04-06,18:19,Mary R,+91 6558593922,31,Walk-in,Chicken Wings (5 pc),No,1,130,karur_kalam,No,0,130,Cash,4,
2026-04-06,17:47,Farhan M,+91 8176993303,,Walk-in,Chicken Leg (2 pc),No,1,130,karur_kalam,Yes,13,117,Cash,4,"Great value for money, fresh and hot"
2026-04-06,20:31,Meena Prasad,+91 7341016668,45,Phone Call,Chicken Wings (5 pc),No,1,130,karur_kalam,No,0,130,PhonePe,5,
2026-04-06,22:15,Harish Devi,+91 7821452878,52,Walk-in,Chicken Wings (5 pc),No,1,130,karur_kalam,No,0,130,GPay,4,"Ultimate taste anna, naa daily varen"
2026-04-06,20:09,John Babu,+91 9015430391,20,Phone Call,Chicken Lollipop (4 pc),No,1,130,karur_kalam,No,0,130,PhonePe,5,
2026-04-06,19:00,John Raj,+91 8198327315,50,Walk-in,Chicken Wings (5 pc),No,1,130,karur_kalam,No,0,130,Card,4,"Excellent flavour, family panindhalum enjoy pannanga"
2026-04-06,20:19,Abdul Kareem K,+91 7734670656,25,Phone Call,Chicken Leg (2 pc),No,1,130,karur_kalam,No,0,130,GPay,,"Semma taste bro, chicken romba soft ah irundhuchu"
2026-04-06,20:19,Kumar S,+91 8467854458,46,Walk-in,Chicken Wings (5 pc),No,1,130,karur_kalam,No,0,130,Cash,2,"Waiting time mikka adhigama irundhuchu, service slow"
2026-04-06,20:55,Elango Kumar,+91 6469901398,,Walk-in,Chicken Wings (5 pc),No,2,260,karur_kalam,No,0,260,Cash,5,"Amazing bbq stall, must try in this area"
2026-04-06,18:09,Kavya R,+91 8765789379,59,Walk-in,Chicken Wings (5 pc),No,1,130,karur_kalam,No,0,130,GPay,4,"Amazing bbq stall, must try in this area"
2026-04-06,18:05,Rajesh M,+91 9091027647,19,Walk-in,Chicken Lollipop (4 pc),No,1,130,karur_kalam,No,0,130,GPay,5,"Vera level taste, oru sight ah irundhuchu"
2026-04-06,21:00,Bala Kumar,+91 9738133098,30,Walk-in,Chicken Lollipop (4 pc),No,1,130,karur_kalam,Yes,13,117,GPay,,"Nalla crispy ah irundhuchu, quantity um super"
2026-04-06,19:48,Harish Kumar,+91 9214895134,29,Phone Call,Chicken Leg (2 pc),No,1,130,karur_kalam,No,0,130,Paytm,,
2026-04-06,19:06,Farhan R,+91 8381575015,32,Walk-in,Chicken Wings (5 pc),No,1,130,karur_kalam,No,0,130,Card,4,"Kalakalappa irundhuchu, next time friends oda varen"
2026-04-06,22:26,Arun Raj,+91 6514466199,36,Walk-in,Chicken Lollipop (4 pc),No,1,130,karur_kalam,No,0,130,PhonePe,4,"Semma taste bro, chicken romba soft ah irundhuchu"
2026-04-06,21:08,Yazhini Babu,+91 7637766599,37,Walk-in,Chicken Leg (2 pc),No,1,130,karur_kalam,No,0,130,Cash,2,
2026-04-06,18:42,Vidya Raj,+91 6861462883,,Walk-in,Chicken Lollipop (4 pc),No,1,130,karur_kalam,No,0,130,PhonePe,4,
2026-04-06,19:53,Saravanan Raj,+91 9840369003,34,Walk-in,Chicken Leg (2 pc),No,1,130,karur_kalam,No,0,130,Cash,,"Taste romba pramadham illa, sagalama irundhuchu"
2026-04-06,21:35,Prakash,+91 7875099770,15,Walk-in,Chicken Leg (2 pc),No,1,130,karur_kalam,No,0,130,GPay,4,"Wings semma crispy ah irundhuchu, thanks anna"
2026-04-06,20:19,,+91 9873395004,46,Phone Call,Chicken Leg (2 pc),No,1,130,karur_kalam,No,0,130,GPay,,"Freshly grilled and juicy, highly recommend"
2026-04-06,17:07,Swathi S,+91 7554665905,19,Phone Call,Chicken Leg (2 pc),No,1,130,karur_kalam,No,0,130,PhonePe,4,"Loved the combo, perfect spice level"
2026-04-06,18:06,,+91 8782911467,48,Phone Call,Chicken Leg (2 pc),No,1,130,karur_kalam,No,0,130,Paytm,4,"Super spicy and juicy, best bbq in area"
2026-04-06,20:16,Vignesh Raj,+91 6244550229,57,Walk-in,Chicken Leg (2 pc),No,1,130,karur_kalam,No,0,130,PhonePe,3,
2026-04-06,20:00,Manoj,+91 6569146164,19,Walk-in,Chicken Lollipop (4 pc),No,1,130,karur_kalam,No,0,130,Paytm,4,
2026-04-07,19:19,Selvam,+91 9400524278,60,Phone Call,Chicken Leg (2 pc),No,1,130,karur_kalam,No,0,130,GPay,4,
2026-04-07,19:34,Abdul Kareem Prasad,+91 7680729661,48,Walk-in,Chicken Wings (5 pc),No,1,130,karur_kalam,Yes,13,117,Paytm,4,
2026-04-07,18:39,Suresh M,+91 6704644503,,Walk-in,Chicken Leg (2 pc),No,2,260,karur_kalam,No,0,260,PhonePe,4,
2026-04-07,22:11,Prakash Kumar,+91 9231665876,18,Phone Call,Chicken Wings (5 pc),No,1,130,karur_kalam,No,0,130,Cash,,"Best chicken lollipop I've had, will come again"
2026-04-07,19:13,Prakash R,+91 9059047353,35,Walk-in,Chicken Leg (2 pc),No,1,130,karur_kalam,No,0,130,Paytm,3,Quantity konjam kammiya irundhuchu but taste okay
2026-04-07,17:24,Sathish Kumar,+91 8843443757,37,Phone Call,Chicken Wings (5 pc),No,1,130,karur_kalam,No,0,130,Cash,5,"Ultimate taste anna, naa daily varen"
2026-04-07,19:50,Divya Kumar,+91 9057662702,47,Walk-in,Chicken Lollipop (4 pc),No,1,130,karur_kalam,Yes,13,117,PhonePe,5,"Best chicken lollipop I've had, will come again"
2026-04-07,19:52,Revathi Raj,+91 8499045301,44,Walk-in,Chicken Wings (5 pc),No,1,130,karur_kalam,Yes,13,117,Cash,5,Very tasty and quick service too
2026-04-07,20:39,Ayesha Babu,+91 9947055169,34,Walk-in,Chicken Lollipop (4 pc),No,1,130,karur_kalam,No,0,130,PhonePe,3,"Not bad, but waiting time konjam adhigama irundhuchu"
2026-04-07,21:51,Farhan,+91 7517475294,54,Walk-in,Chicken Leg (2 pc),No,1,130,karur_kalam,No,0,130,Cash,,"Great value for money, fresh and hot"
2026-04-07,17:08,Saravanan R,+91 7673657661,,Walk-in,Chicken Leg (2 pc),No,1,130,karur_kalam,No,0,130,PhonePe,5,"Semma taste bro, chicken romba soft ah irundhuchu"
2026-04-07,18:50,Nithya S,+91 7634351751,49,Walk-in,Chicken Lollipop (4 pc),No,1,130,karur_kalam,No,0,130,PhonePe,4,
2026-04-07,20:43,,+91 7525430935,59,Phone Call,Chicken Leg (2 pc),No,1,130,karur_kalam,No,0,130,GPay,5,"Nalla crispy ah irundhuchu, quantity um super"
2026-04-07,20:42,Gowtham Prasad,+91 8980841241,,Phone Call,Chicken Wings (5 pc),No,2,260,karur_kalam,No,0,260,Cash,4,"Great value for money, fresh and hot"
2026-04-07,22:26,Dinesh M,+91 8512169832,27,Walk-in,Chicken Lollipop (4 pc),No,2,260,karur_kalam,No,0,260,Card,,"Vera level taste, oru sight ah irundhuchu"
2026-04-07,21:25,Kumar,+91 9193745299,,Walk-in,Chicken Leg (2 pc),No,1,130,karur_kalam,No,0,130,Cash,,
2026-04-07,20:02,Harish,+91 8913268423,26,Walk-in,Chicken Wings (5 pc),No,1,130,karur_kalam,No,0,130,Cash,,"Great value for money, fresh and hot"
2026-04-07,21:40,Revathi,+91 9323815455,23,Walk-in,Chicken Lollipop (4 pc),No,2,260,karur_kalam,No,0,260,GPay,5,"Excellent flavour, family panindhalum enjoy pannanga"
2026-04-07,19:36,Ayesha Kumar,+91 6999868919,38,Walk-in,Chicken Lollipop (4 pc),No,1,130,karur_kalam,Yes,13,117,GPay,5,
2026-04-07,18:42,Karthik R,+91 9603859770,28,Phone Call,Chicken Lollipop (4 pc),No,2,260,karur_kalam,No,0,260,GPay,5,"Freshly grilled and juicy, highly recommend"
2026-04-07,22:28,Iniya K,+91 9291486528,20,Walk-in,Chicken Lollipop (4 pc),No,1,130,karur_kalam,No,0,130,Cash,4,
2026-04-07,22:23,Arun,+91 7339845461,,Phone Call,Chicken Leg (2 pc),No,1,130,karur_kalam,No,0,130,PhonePe,4,"Wings semma crispy ah irundhuchu, thanks anna"
2026-04-07,19:04,Selvam K,+91 9514947396,,Walk-in,Chicken Leg (2 pc),No,1,130,karur_kalam,No,0,130,Cash,4,
2026-04-07,20:38,Karthik R,+91 6845146270,31,Phone Call,Chicken Lollipop (4 pc),No,1,130,karur_kalam,No,0,130,GPay,5,"Ultimate taste anna, naa daily varen"
2026-04-07,21:59,Karthik Devi,+91 9974034471,58,Phone Call,Chicken Leg (2 pc),No,2,260,karur_kalam,No,0,260,Cash,5,
2026-04-07,17:15,Arun S,+91 6409991514,21,Walk-in,Chicken Wings (5 pc),No,1,130,karur_kalam,No,0,130,Cash,4,"Semma taste bro, chicken romba soft ah irundhuchu"
2026-04-07,20:46,Senthil Devi,+91 8122647254,59,Walk-in,Chicken Wings (5 pc),No,2,260,karur_kalam,No,0,260,Cash,,
2026-04-07,20:52,Joseph Prasad,+91 6756551256,59,Phone Call,Chicken Wings (5 pc),No,1,130,karur_kalam,No,0,130,Paytm,4,
2026-04-07,17:51,Deepa S,+91 7091881224,39,Walk-in,Chicken Wings (5 pc),No,1,130,karur_kalam,No,0,130,PhonePe,5,"Amazing bbq stall, must try in this area"
2026-04-07,19:04,Naveen K,+91 8991022901,,Walk-in,Chicken Lollipop (4 pc),No,1,130,karur_kalam,No,0,130,PhonePe,4,
2026-04-07,19:19,Gopal R,+91 7655110475,32,Phone Call,Chicken Wings (5 pc),No,1,130,karur_kalam,No,0,130,Cash,3,
2026-04-07,18:00,Prakash Raj,+91 7292127799,43,Walk-in,Chicken Leg (2 pc),No,1,130,karur_kalam,Yes,13,117,Cash,3,
2026-04-07,20:12,Ramesh Kumar,+91 7115196839,33,Walk-in,Chicken Leg (2 pc),No,1,130,karur_kalam,No,0,130,Cash,5,"Kalakalappa irundhuchu, next time friends oda varen"
2026-04-07,19:21,Swathi Prasad,+91 7982595269,34,Walk-in,Chicken Wings (5 pc),No,2,260,karur_kalam,No,0,260,Cash,5,"Super spicy and juicy, best bbq in area"
2026-04-07,21:08,Iniya S,+91 9287431527,56,Walk-in,Chicken Lollipop (4 pc),No,1,130,karur_kalam,No,0,130,Cash,,
2026-04-07,20:18,John Prasad,+91 7496577583,56,Walk-in,Chicken Leg (2 pc),No,1,130,karur_kalam,No,0,130,Cash,3,
2026-04-07,18:40,Murugan R,+91 6540244783,15,Walk-in,Chicken Wings (5 pc),No,2,260,karur_kalam,No,0,260,Cash,4,"Great value for money, fresh and hot"
2026-04-07,20:49,Bala Devi,+91 9364272126,,Walk-in,Chicken Lollipop (4 pc),No,2,260,karur_kalam,No,0,260,Cash,5,
2026-04-08,18:39,Ravi K,+91 7054932966,,Phone Call,Chicken Leg (2 pc),No,1,130,karur_kalam,No,0,130,GPay,5,"Super spicy and juicy, best bbq in area"
2026-04-08,21:18,Bala S,+91 6988516560,33,Phone Call,Chicken Lollipop (4 pc),No,1,130,karur_kalam,No,0,130,Cash,4,"Ultimate taste anna, naa daily varen"
2026-04-08,22:44,Murugan,+91 7226025634,25,Walk-in,Chicken Wings (5 pc),No,1,130,karur_kalam,No,0,130,Cash,5,Very tasty and quick service too
2026-04-08,19:28,Kalaivani M,+91 8614109661,58,Walk-in,Chicken Lollipop (4 pc),No,1,130,karur_kalam,No,0,130,Cash,,
2026-04-08,21:52,Arun,+91 7339845461,,Phone Call,Chicken Wings (5 pc),No,1,130,karur_kalam,No,0,130,Paytm,5,"Vera level taste, oru sight ah irundhuchu"
2026-04-08,22:40,Dinesh M,+91 7614293968,36,Phone Call,Chicken Wings (5 pc),No,1,130,karur_kalam,No,0,130,PhonePe,3,"Average, expected more spice"
2026-04-08,18:14,Harish Kumar,+91 9214895134,29,Walk-in,Chicken Wings (5 pc),No,2,260,karur_kalam,Yes,26,234,PhonePe,2,"Too salty, not up to the mark today"
2026-04-08,20:45,Joseph M,+91 9738792787,39,Walk-in,Chicken Wings (5 pc),No,1,130,karur_kalam,No,0,130,Cash,5,"Chicken leg romba soft ah vekachu irundhuchu, super"
2026-04-08,19:52,Selvam M,+91 6334123281,25,Walk-in,Chicken Leg (2 pc),No,1,130,karur_kalam,No,0,130,Cash,4,"Loved the combo, perfect spice level"
2026-04-08,20:04,Murugan,+91 7226025634,25,Walk-in,Chicken Lollipop (4 pc),No,1,130,karur_kalam,No,0,130,PhonePe,5,"Nalla crispy ah irundhuchu, quantity um super"
2026-04-08,18:55,Vijay M,+91 6179633050,,Walk-in,Chicken Lollipop (4 pc),No,1,130,karur_kalam,No,0,130,,4,
2026-04-08,19:13,Sivakumar,+91 7986800025,45,Phone Call,Chicken Lollipop (4 pc),No,1,130,karur_kalam,No,0,130,Cash,5,Very tasty and quick service too
2026-04-08,17:57,Swathi Prasad,+91 7982595269,34,Phone Call,Chicken Leg (2 pc),No,2,260,karur_kalam,No,0,260,Cash,4,
2026-04-08,19:23,Sathish,+91 6037917693,60,Phone Call,Chicken Wings (5 pc),No,1,130,karur_kalam,No,0,130,Cash,5,"Great value for money, fresh and hot"
2026-04-08,19:52,Arun Kumar,+91 7387262473,19,Phone Call,Chicken Leg (2 pc),No,1,130,karur_kalam,No,0,130,GPay,3,"Not bad, but waiting time konjam adhigama irundhuchu"
2026-04-08,18:21,Kalaivani,+91 9535560932,16,Walk-in,Chicken Wings (5 pc),No,1,130,karur_kalam,No,0,130,GPay,5,"Amazing bbq stall, must try in this area"
2026-04-08,20:54,,+91 8602353596,,Walk-in,Chicken Wings (5 pc),No,1,130,karur_kalam,No,0,130,Card,,"Super spicy and juicy, best bbq in area"
2026-04-08,18:33,Meena Prasad,+91 7341016668,45,Walk-in,Chicken Leg (2 pc),No,1,130,karur_kalam,No,0,130,GPay,2,
2026-04-08,22:47,Anitha S,+91 6995604661,50,Walk-in,Chicken Leg (2 pc),No,2,260,karur_kalam,No,0,260,GPay,5,
2026-04-08,18:17,Joseph S,+91 6282131148,26,Walk-in,Chicken Wings (5 pc),No,1,130,karur_kalam,No,0,130,Cash,5,"Super spicy and juicy, best bbq in area"
2026-04-08,21:48,Yazhini Devi,+91 8648236629,51,Walk-in,Chicken Leg (2 pc),No,1,130,karur_kalam,No,0,130,Paytm,4,"Best chicken lollipop I've had, will come again"
2026-04-08,17:01,Lakshmi,+91 7930103105,19,Phone Call,Chicken Lollipop (4 pc),No,1,130,karur_kalam,No,0,130,Cash,4,"Super spicy and juicy, best bbq in area"
2026-04-08,20:34,Divya R,+91 9846482098,46,Walk-in,Chicken Lollipop (4 pc),No,1,130,karur_kalam,Yes,13,117,Paytm,4,
2026-04-08,17:14,Mary,+91 7431611724,16,Phone Call,Chicken Lollipop (4 pc),No,1,130,karur_kalam,No,0,130,GPay,,"Not bad, but waiting time konjam adhigama irundhuchu"
2026-04-08,21:58,Ayesha,+91 9049417231,,Walk-in,Chicken Leg (2 pc),No,1,130,karur_kalam,Yes,13,117,GPay,4,"Kalakalappa irundhuchu, next time friends oda varen"
2026-04-08,17:51,Manoj R,+91 9194311426,60,Phone Call,Chicken Lollipop (4 pc),No,1,130,karur_kalam,No,0,130,PhonePe,5,"Kalakalappa irundhuchu, next time friends oda varen"
2026-04-08,17:07,Gowtham Devi,+91 8656416566,41,Walk-in,Chicken Wings (5 pc),No,1,130,karur_kalam,No,0,130,Cash,4,Very tasty and quick service too
2026-04-08,21:51,Joseph R,+91 9870568566,24,Phone Call,Chicken Lollipop (4 pc),No,1,130,karur_kalam,No,0,130,PhonePe,5,"Ultimate taste anna, naa daily varen"
2026-04-08,21:51,Ramesh Kumar,+91 8376724238,49,Walk-in,Chicken Leg (2 pc),No,1,130,karur_kalam,No,0,130,Cash,5,"Amazing bbq stall, must try in this area"
2026-04-08,21:13,Senthil S,+91 7028439599,58,Phone Call,Chicken Wings (5 pc),No,1,130,karur_kalam,No,0,130,PhonePe,5,"Kalakalappa irundhuchu, next time friends oda varen"
2026-04-08,19:19,Saravanan K,+91 6133989309,15,Walk-in,Chicken Leg (2 pc),No,1,130,karur_kalam,No,0,130,PhonePe,,
2026-04-08,20:52,Gopal,+91 7219693792,29,Phone Call,Chicken Lollipop (4 pc),No,1,130,karur_kalam,No,0,130,GPay,3,"Not bad, but waiting time konjam adhigama irundhuchu"
2026-04-08,20:24,Murugan M,+91 6463691991,,Walk-in,Chicken Wings (5 pc),No,1,130,karur_kalam,No,0,130,GPay,,"Wings semma crispy ah irundhuchu, thanks anna"
2026-04-08,19:38,Saravanan Raj,+91 9840369003,34,Phone Call,Chicken Lollipop (4 pc),No,1,130,karur_kalam,No,0,130,PhonePe,4,"Super spicy and juicy, best bbq in area"
2026-04-08,20:05,Vidya Raj,+91 7474517123,58,Phone Call,Chicken Wings (5 pc),No,1,130,karur_kalam,No,0,130,Paytm,,"Freshly grilled and juicy, highly recommend"
2026-04-08,22:55,Gopal Prasad,+91 9050875505,42,Walk-in,Chicken Wings (5 pc),No,1,130,karur_kalam,No,0,130,GPay,4,"Chicken leg romba soft ah vekachu irundhuchu, super"
2026-04-08,19:45,Yazhini R,+91 9582029702,,Phone Call,Chicken Leg (2 pc),No,2,260,karur_kalam,Yes,26,234,GPay,4,"Excellent flavour, family panindhalum enjoy pannanga"
2026-04-08,18:42,,+91 9947055169,34,Phone Call,Chicken Wings (5 pc),No,1,130,karur_kalam,No,0,130,Paytm,5,"Best chicken lollipop I've had, will come again"
2026-04-08,19:10,Swathi K,+91 8191088398,,Phone Call,Chicken Lollipop (4 pc),No,1,130,karur_kalam,No,0,130,Cash,4,"Loved the combo, perfect spice level"
2026-04-08,21:53,Anand S,+91 7477109324,50,Phone Call,Chicken Lollipop (4 pc),No,1,130,karur_kalam,No,0,130,GPay,5,"Vera level taste, oru sight ah irundhuchu"
2026-04-08,20:44,Revathi Raj,+91 8499045301,44,Phone Call,Chicken Lollipop (4 pc),No,1,130,karur_kalam,No,0,130,Cash,2,
2026-04-08,19:46,Fathima M,+91 8782911467,48,Walk-in,Chicken Leg (2 pc),No,1,130,karur_kalam,No,0,130,PhonePe,3,Quantity konjam kammiya irundhuchu but taste okay
2026-04-08,21:53,Joseph M,+91 6280579550,16,Walk-in,Chicken Leg (2 pc),No,1,130,karur_kalam,No,0,130,Cash,5,"Vera level taste, oru sight ah irundhuchu"
2026-04-08,19:34,Naveen K,+91 8991022901,32,Walk-in,Chicken Lollipop (4 pc),No,2,260,karur_kalam,No,0,260,Cash,5,
2026-04-09,22:26,Iniya Prasad,+91 9072032489,27,Walk-in,Chicken Lollipop (4 pc),No,1,130,karur_kalam,No,0,130,Paytm,,
2026-04-09,19:35,Dinesh M,+91 7614293968,36,Walk-in,Chicken Leg (2 pc),No,2,260,karur_kalam,No,0,260,Cash,,Quantity konjam kammiya irundhuchu but taste okay
2026-04-09,20:08,Dhanush Devi,+91 8857856451,59,Walk-in,Chicken Lollipop (4 pc),No,1,130,karur_kalam,No,0,130,Cash,4,"Loved the combo, perfect spice level"
2026-04-09,20:25,Vijay Kumar,+91 9506068536,20,Walk-in,Chicken Wings (5 pc),No,1,130,karur_kalam,No,0,130,GPay,5,"Great value for money, fresh and hot"
2026-04-09,22:01,,+91 9840369003,34,Phone Call,Chicken Leg (2 pc),No,1,130,karur_kalam,No,0,130,PhonePe,5,
2026-04-09,20:28,John Raj,+91 8198327315,50,Phone Call,Chicken Lollipop (4 pc),No,1,130,karur_kalam,No,0,130,PhonePe,5,
2026-04-09,17:13,Selvam R,+91 6217659180,29,Phone Call,Chicken Leg (2 pc),No,1,130,karur_kalam,No,0,130,Cash,4,"Vera level taste, oru sight ah irundhuchu"
2026-04-09,20:27,Anitha Kumar,+91 6214138298,56,Walk-in,Chicken Wings (5 pc),No,2,260,karur_kalam,No,0,260,PhonePe,5,
2026-04-09,17:57,Arun Babu,+91 8940781618,33,Walk-in,Chicken Wings (5 pc),No,1,130,karur_kalam,No,0,130,Cash,5,
2026-04-09,20:47,Vidya Devi,+91 9908740640,28,Walk-in,Chicken Wings (5 pc),No,1,130,karur_kalam,Yes,13,117,Cash,5,
2026-04-09,18:13,John S,+91 6693406088,58,Phone Call,Chicken Wings (5 pc),No,1,130,karur_kalam,Yes,13,117,GPay,,
2026-04-09,19:54,Sowmya Babu,+91 6814124782,42,Walk-in,Chicken Wings (5 pc),No,1,130,karur_kalam,Yes,13,117,Card,,
2026-04-09,21:04,Murugan Prasad,+91 9527758416,20,Walk-in,Chicken Wings (5 pc),No,1,130,karur_kalam,No,0,130,Card,5,"Super spicy and juicy, best bbq in area"
2026-04-09,21:13,,+91 7715518844,25,Walk-in,Chicken Leg (2 pc),No,1,130,karur_kalam,No,0,130,GPay,2,
2026-04-09,22:25,Anitha S,+91 6477005411,54,Walk-in,Chicken Leg (2 pc),No,1,130,karur_kalam,Yes,13,117,Cash,5,"Loved the combo, perfect spice level"
2026-04-09,19:59,Arun,+91 7339845461,,Walk-in,Chicken Leg (2 pc),No,1,130,karur_kalam,Yes,13,117,Cash,,"Excellent flavour, family panindhalum enjoy pannanga"
2026-04-09,22:15,Deepa M,+91 7845115447,53,Walk-in,Chicken Leg (2 pc),No,1,130,karur_kalam,No,0,130,Cash,4,"Vera level taste, oru sight ah irundhuchu"
2026-04-09,20:09,Ramesh Raj,+91 9584044997,24,Walk-in,Chicken Lollipop (4 pc),No,1,130,karur_kalam,No,0,130,GPay,,"Chicken leg romba soft ah vekachu irundhuchu, super"
2026-04-09,21:45,John Devi,+91 7229270653,43,Walk-in,Chicken Lollipop (4 pc),No,2,260,karur_kalam,No,0,260,Cash,,"Taste romba pramadham illa, sagalama irundhuchu"
2026-04-09,18:27,Revathi Prasad,+91 9519003226,,Walk-in,Chicken Leg (2 pc),No,1,130,karur_kalam,No,0,130,PhonePe,4,"Chicken leg romba soft ah vekachu irundhuchu, super"
2026-04-09,20:42,Nithya S,+91 7634351751,49,Walk-in,Chicken Leg (2 pc),No,2,260,karur_kalam,Yes,26,234,Card,5,"Best chicken lollipop I've had, will come again"
2026-04-09,22:17,Dinesh S,+91 7465787133,19,Walk-in,Chicken Leg (2 pc),No,2,260,karur_kalam,No,0,260,GPay,4,"Excellent flavour, family panindhalum enjoy pannanga"
2026-04-09,22:32,Suresh,+91 8294019655,42,Walk-in,Chicken Wings (5 pc),No,1,130,karur_kalam,No,0,130,Card,5,"Nalla crispy ah irundhuchu, quantity um super"
2026-04-09,19:57,,+91 7618324210,25,Walk-in,Chicken Leg (2 pc),No,1,130,karur_kalam,Yes,13,117,Cash,5,Very tasty and quick service too
2026-04-09,19:18,Naveen K,+91 9597113156,48,Walk-in,Chicken Lollipop (4 pc),No,2,260,karur_kalam,No,0,260,Cash,3,
2026-04-09,18:22,Arun Kumar,+91 7675869261,46,Walk-in,Chicken Leg (2 pc),No,2,260,karur_kalam,No,0,260,GPay,5,Very tasty and quick service too
2026-04-09,18:19,Manoj S,+91 6801006231,,Phone Call,Chicken Wings (5 pc),No,1,130,karur_kalam,No,0,130,Cash,2,"Too salty, not up to the mark today"
2026-04-09,20:07,Swathi S,+91 6736649706,56,Walk-in,Chicken Lollipop (4 pc),No,1,130,karur_kalam,No,0,130,PhonePe,4,"Kalakalappa irundhuchu, next time friends oda varen"
2026-04-09,22:32,Sivakumar,+91 7856543102,46,Phone Call,Chicken Leg (2 pc),No,1,130,karur_kalam,No,0,130,PhonePe,,
2026-04-09,18:54,Anitha Kumar,+91 7208939560,,Walk-in,Chicken Wings (5 pc),No,1,130,karur_kalam,No,0,130,PhonePe,2,"Not fresh today, taste changed"
2026-04-09,18:02,Ayesha Babu,+91 7145623285,48,Phone Call,Chicken Wings (5 pc),No,1,130,karur_kalam,No,0,130,Paytm,,"Super spicy and juicy, best bbq in area"
2026-04-09,22:07,Senthil,+91 7141888059,23,Walk-in,Chicken Wings (5 pc),No,1,130,karur_kalam,No,0,130,GPay,,
2026-04-09,19:34,Lakshmi,+91 9327052416,53,Walk-in,Chicken Lollipop (4 pc),No,1,130,karur_kalam,No,0,130,GPay,5,"Freshly grilled and juicy, highly recommend"
2026-04-09,19:32,Saravanan Raj,+91 7840000137,31,Walk-in,Chicken Leg (2 pc),No,1,130,karur_kalam,No,0,130,Cash,4,"Loved the combo, perfect spice level"
2026-04-09,20:26,Harish S,+91 7376223345,17,Walk-in,Chicken Lollipop (4 pc),No,1,130,karur_kalam,Yes,13,117,Cash,,"Loved the combo, perfect spice level"
2026-04-09,17:25,John,+91 6862479393,55,Walk-in,Chicken Wings (5 pc),No,1,130,karur_kalam,No,0,130,Cash,,"Excellent flavour, family panindhalum enjoy pannanga"
2026-04-09,21:29,Rajesh Kumar,+91 8339421047,17,Phone Call,Chicken Lollipop (4 pc),No,2,260,karur_kalam,No,0,260,GPay,2,"Konjam over cooked ah irundhuchu, disappointed"
2026-04-09,20:40,Ravi Devi,+91 8375564641,,Walk-in,Chicken Wings (5 pc),No,1,130,karur_kalam,No,0,130,Cash,5,"Excellent flavour, family panindhalum enjoy pannanga"
2026-04-09,22:47,Sathish Kumar,+91 8843443757,37,Walk-in,Chicken Wings (5 pc),No,1,130,karur_kalam,No,0,130,Cash,3,"Not bad, but waiting time konjam adhigama irundhuchu"
2026-04-09,18:40,Kumar Kumar,+91 9010653605,33,Walk-in,Chicken Leg (2 pc),No,2,260,karur_kalam,No,0,260,GPay,5,"Loved the combo, perfect spice level"
2026-04-09,20:19,Nithya S,+91 7634351751,49,Phone Call,Chicken Lollipop (4 pc),No,1,130,karur_kalam,No,0,130,Cash,4,"Kalakalappa irundhuchu, next time friends oda varen"
2026-04-09,18:12,Arun,+91 7892107586,34,Walk-in,Chicken Lollipop (4 pc),No,1,130,karur_kalam,No,0,130,GPay,4,"Best chicken lollipop I've had, will come again"
2026-04-09,19:27,Sivakumar,+91 7856543102,46,Phone Call,Chicken Lollipop (4 pc),No,1,130,karur_kalam,Yes,13,117,GPay,5,"Super spicy and juicy, best bbq in area"
2026-04-09,20:29,Gowtham,+91 6699255830,15,Walk-in,Chicken Leg (2 pc),No,2,260,karur_kalam,No,0,260,PhonePe,,
2026-04-09,18:03,Muthu S,+91 8348831927,25,Walk-in,Chicken Leg (2 pc),No,1,130,karur_kalam,No,0,130,GPay,5,
2026-04-09,17:18,Gopal K,+91 6974993097,25,Phone Call,Chicken Leg (2 pc),No,2,260,karur_kalam,No,0,260,Cash,5,"Loved the combo, perfect spice level"
2026-04-09,19:33,Farhan Devi,+91 9416052975,20,Phone Call,Chicken Lollipop (4 pc),No,1,130,karur_kalam,No,0,130,Cash,,"Loved the combo, perfect spice level"
2026-04-09,17:58,Rajesh M,+91 9504773586,42,Walk-in,Chicken Wings (5 pc),No,1,130,karur_kalam,No,0,130,GPay,3,"Okay okay taste, but konjam salt adhigama irundhuchu"
2026-04-09,21:58,Fathima K,+91 6927724437,60,Walk-in,Chicken Lollipop (4 pc),No,1,130,karur_kalam,No,0,130,PhonePe,,
2026-04-10,18:32,Saravanan Raj,+91 9840369003,34,Phone Call,Chicken Wings (5 pc),No,2,260,karur_kalam,No,0,260,Paytm,,"Amazing bbq stall, must try in this area"
2026-04-10,18:46,Senthil S,+91 7656197896,49,Walk-in,Chicken Lollipop (4 pc),No,2,260,karur_kalam,No,0,260,GPay,3,
2026-04-10,20:44,Harish S,+91 9657486597,43,Walk-in,Chicken Leg (2 pc),No,2,260,karur_kalam,No,0,260,GPay,4,"Amazing bbq stall, must try in this area"
2026-04-10,20:52,Nithya S,+91 7337339347,33,Walk-in,Chicken Lollipop (4 pc),No,1,130,karur_kalam,No,0,130,GPay,5,
2026-04-10,22:08,Manoj,+91 9567661825,22,Phone Call,Chicken Wings (5 pc),No,1,130,karur_kalam,No,0,130,Card,4,"Super spicy and juicy, best bbq in area"
2026-04-10,18:45,Murugan Prasad,+91 9527758416,20,Phone Call,Chicken Lollipop (4 pc),No,1,130,karur_kalam,No,0,130,Cash,5,
2026-04-10,21:18,Selvam S,+91 7707991906,23,Walk-in,Chicken Leg (2 pc),No,1,130,karur_kalam,No,0,130,Cash,5,
2026-04-10,21:18,Aishwarya Raj,+91 9807154516,47,Walk-in,Chicken Lollipop (4 pc),No,1,130,karur_kalam,No,0,130,GPay,4,"Super spicy and juicy, best bbq in area"
2026-04-10,18:44,Kumar S,+91 8467854458,,Walk-in,Chicken Wings (5 pc),No,1,130,karur_kalam,No,0,130,Cash,,
2026-04-10,21:23,Vignesh Devi,+91 9632016328,44,Phone Call,Chicken Lollipop (4 pc),No,1,130,karur_kalam,No,0,130,GPay,4,
2026-04-10,20:51,Mary Raj,+91 9383473597,,Walk-in,Chicken Wings (5 pc),No,1,130,karur_kalam,No,0,130,Cash,4,"Semma taste bro, chicken romba soft ah irundhuchu"
2026-04-10,22:24,Gowtham Prasad,+91 8980841241,21,Walk-in,Chicken Lollipop (4 pc),No,1,130,karur_kalam,No,0,130,Cash,,
2026-04-10,21:47,Pradeep Raj,+91 6465545123,28,Walk-in,Chicken Lollipop (4 pc),No,1,130,karur_kalam,No,0,130,PhonePe,,"Ultimate taste anna, naa daily varen"
2026-04-10,17:59,Kumar,+91 9193745299,60,Phone Call,Chicken Wings (5 pc),No,1,130,karur_kalam,No,0,130,,,
2026-04-10,19:27,Pradeep Devi,+91 7757059640,19,Walk-in,Chicken Leg (2 pc),No,1,130,karur_kalam,Yes,13,117,Cash,4,
2026-04-10,22:17,Vidya Kumar,+91 8738299737,41,Phone Call,Chicken Wings (5 pc),No,1,130,karur_kalam,No,0,130,GPay,4,"Vera level taste, oru sight ah irundhuchu"
2026-04-10,19:56,Prakash Devi,+91 7689702838,35,Phone Call,Chicken Wings (5 pc),No,2,260,karur_kalam,No,0,260,PhonePe,5,
2026-04-10,20:37,Farhan,+91 6838425135,33,Walk-in,Chicken Leg (2 pc),No,1,130,karur_kalam,No,0,130,Cash,3,"Decent taste, price sari than"
2026-04-10,21:08,,+91 6920509163,30,Walk-in,Chicken Lollipop (4 pc),No,1,130,karur_kalam,No,0,130,PhonePe,5,"Nalla crispy ah irundhuchu, quantity um super"
2026-04-10,22:39,Saravanan,+91 7491283006,26,Walk-in,Chicken Leg (2 pc),No,1,130,karur_kalam,No,0,130,Paytm,5,
2026-04-10,17:30,Sowmya Devi,+91 9177115921,23,Walk-in,Chicken Leg (2 pc),No,1,130,karur_kalam,Yes,13,117,GPay,5,"Wings semma crispy ah irundhuchu, thanks anna"
2026-04-10,21:34,,+91 7149190586,57,Walk-in,Chicken Lollipop (4 pc),No,1,130,karur_kalam,No,0,130,GPay,3,
2026-04-10,19:10,Vignesh,+91 8147716828,57,Walk-in,Chicken Leg (2 pc),No,1,130,karur_kalam,No,0,130,Cash,3,
2026-04-10,22:40,Vijay Kumar,+91 9506068536,20,Phone Call,Chicken Lollipop (4 pc),No,1,130,karur_kalam,No,0,130,Paytm,5,
2026-04-10,21:25,John S,+91 6693406088,58,Phone Call,Chicken Leg (2 pc),No,1,130,karur_kalam,No,0,130,PhonePe,5,"Best chicken lollipop I've had, will come again"
2026-04-10,20:17,Suresh,+91 8294019655,,Phone Call,Chicken Lollipop (4 pc),No,1,130,karur_kalam,No,0,130,GPay,5,"Chicken leg romba soft ah vekachu irundhuchu, super"
2026-04-10,20:11,Revathi S,+91 6080132677,28,Phone Call,Chicken Wings (5 pc),No,1,130,karur_kalam,Yes,13,117,Cash,4,
2026-04-10,20:37,Divya K,+91 7185016315,53,Walk-in,Chicken Leg (2 pc),No,1,130,karur_kalam,No,0,130,Cash,4,"Best chicken lollipop I've had, will come again"
2026-04-10,22:27,Suresh,+91 8294019655,42,Walk-in,Chicken Wings (5 pc),No,2,260,karur_kalam,No,0,260,GPay,5,"Kalakalappa irundhuchu, next time friends oda varen"
2026-04-10,21:35,Karthik S,+91 9131712748,60,Phone Call,Chicken Leg (2 pc),No,2,260,karur_kalam,No,0,260,GPay,5,"Loved the combo, perfect spice level"
2026-04-10,19:08,Sowmya Babu,+91 6814124782,42,Walk-in,Chicken Leg (2 pc),No,1,130,karur_kalam,No,0,130,Cash,5,"Freshly grilled and juicy, highly recommend"
2026-04-10,17:52,Senthil,+91 7141888059,23,Phone Call,Chicken Wings (5 pc),No,1,130,karur_kalam,No,0,130,Cash,4,"Excellent flavour, family panindhalum enjoy pannanga"
2026-04-10,20:49,Anitha M,+91 8406409097,33,Walk-in,Chicken Leg (2 pc),No,1,130,karur_kalam,No,0,130,,4,
2026-04-10,21:53,Yazhini Prasad,+91 9527858549,,Phone Call,Chicken Lollipop (4 pc),No,1,130,karur_kalam,No,0,130,PhonePe,,
2026-04-10,21:29,Kalaivani,+91 9535560932,,Walk-in,Chicken Leg (2 pc),No,2,260,karur_kalam,Yes,26,234,GPay,3,"Average, expected more spice"
2026-04-10,19:32,Murugan S,+91 7449353487,31,Phone Call,Chicken Lollipop (4 pc),No,1,130,karur_kalam,No,0,130,Cash,2,"Not fresh today, taste changed"
2026-04-10,20:58,Mary,+91 7431611724,16,Walk-in,Chicken Wings (5 pc),No,2,260,karur_kalam,Yes,26,234,GPay,4,Very tasty and quick service too
2026-04-10,21:32,Saravanan Raj,+91 9840369003,34,Walk-in,Chicken Lollipop (4 pc),No,2,260,karur_kalam,Yes,26,234,Cash,5,
2026-04-10,20:42,Rajesh,+91 6259968483,,Walk-in,Chicken Lollipop (4 pc),No,1,130,karur_kalam,No,0,130,GPay,5,"Ultimate taste anna, naa daily varen"
2026-04-10,21:58,Manoj K,+91 8995719477,18,Walk-in,Chicken Lollipop (4 pc),No,2,260,karur_kalam,Yes,26,234,PhonePe,5,"Ultimate taste anna, naa daily varen"
2026-04-10,19:46,Harish M,+91 8527177449,18,Phone Call,Chicken Leg (2 pc),No,1,130,karur_kalam,No,0,130,Cash,,"Great value for money, fresh and hot"
2026-04-10,18:54,Dinesh S,+91 7465787133,19,Walk-in,Chicken Leg (2 pc),No,1,130,karur_kalam,No,0,130,Paytm,3,
2026-04-10,22:01,Mary,+91 9595173366,,Walk-in,Chicken Leg (2 pc),No,1,130,karur_kalam,No,0,130,PhonePe,3,"Average, expected more spice"
2026-04-10,21:58,Sowmya Raj,+91 6345054156,,Walk-in,Chicken Leg (2 pc),No,1,130,karur_kalam,No,0,130,Cash,4,"Vera level taste, oru sight ah irundhuchu"
2026-04-11,20:01,Priya,+91 9915436980,56,Walk-in,Chicken Wings (5 pc),No,1,130,karur_kalam,No,0,130,GPay,4,"Ultimate taste anna, naa daily varen"
2026-04-11,21:12,Suresh,+91 7389083863,,Phone Call,Chicken Wings (5 pc),No,1,130,karur_kalam,No,0,130,PhonePe,4,"Ultimate taste anna, naa daily varen"
2026-04-11,17:36,Joseph M,+91 8931034131,39,Phone Call,Chicken Lollipop (4 pc),No,1,130,karur_kalam,No,0,130,GPay,5,"Best chicken lollipop I've had, will come again"
2026-04-11,19:01,Lakshmi,+91 7930103105,19,Walk-in,Chicken Wings (5 pc),No,1,130,karur_kalam,No,0,130,GPay,3,
2026-04-11,18:29,Dhanush M,+91 8558393185,,Walk-in,Chicken Leg (2 pc),No,1,130,karur_kalam,No,0,130,Card,5,"Vera level taste, oru sight ah irundhuchu"
2026-04-11,20:11,Iniya R,+91 8477725228,46,Phone Call,Chicken Lollipop (4 pc),No,1,130,karur_kalam,No,0,130,PhonePe,4,"Wings semma crispy ah irundhuchu, thanks anna"
2026-04-11,19:58,Kavya Kumar,+91 6515220472,60,Walk-in,Chicken Wings (5 pc),No,1,130,karur_kalam,Yes,13,117,PhonePe,5,"Nalla crispy ah irundhuchu, quantity um super"
2026-04-11,20:17,John Raj,+91 8198327315,,Phone Call,Chicken Wings (5 pc),No,1,130,karur_kalam,Yes,13,117,GPay,,"Super spicy and juicy, best bbq in area"
2026-04-11,20:51,Suresh,+91 8259765712,36,Walk-in,Chicken Leg (2 pc),No,1,130,karur_kalam,No,0,130,Card,,
2026-04-11,18:57,Suresh,+91 8090544496,25,Walk-in,Chicken Wings (5 pc),No,1,130,karur_kalam,No,0,130,GPay,,"Nalla crispy ah irundhuchu, quantity um super"
2026-04-11,18:53,Manoj,+91 9567661825,22,Phone Call,Chicken Leg (2 pc),No,1,130,karur_kalam,No,0,130,PhonePe,4,"Nalla crispy ah irundhuchu, quantity um super"
2026-04-11,21:36,Anitha S,+91 6124507783,42,Walk-in,Chicken Lollipop (4 pc),No,1,130,karur_kalam,No,0,130,GPay,2,"Quantity kammiya kudutanga, not worth the price"
2026-04-11,17:21,John R,+91 7526017726,,Walk-in,Chicken Lollipop (4 pc),No,1,130,karur_kalam,No,0,130,Card,3,"Average, expected more spice"
2026-04-11,21:45,Fathima,+91 7320025304,40,Walk-in,Chicken Leg (2 pc),No,1,130,karur_kalam,No,0,130,GPay,4,Very tasty and quick service too
2026-04-11,20:29,John Devi,+91 7229270653,43,Phone Call,Chicken Leg (2 pc),No,1,130,karur_kalam,No,0,130,Paytm,5,"Nalla crispy ah irundhuchu, quantity um super"
2026-04-11,18:33,Naveen Devi,+91 6443699577,43,Phone Call,Chicken Leg (2 pc),No,1,130,karur_kalam,Yes,13,117,GPay,3,"It was fine, nothing special"
2026-04-11,19:06,Suresh R,+91 7654145868,36,Phone Call,Chicken Wings (5 pc),No,1,130,karur_kalam,No,0,130,GPay,4,"Excellent flavour, family panindhalum enjoy pannanga"
2026-04-11,19:44,Harish,+91 7512188334,15,Walk-in,Chicken Lollipop (4 pc),No,1,130,karur_kalam,No,0,130,GPay,3,"Taste romba pramadham illa, sagalama irundhuchu"
2026-04-11,22:28,Divya,+91 8367117120,29,Walk-in,Chicken Leg (2 pc),No,2,260,karur_kalam,No,0,260,Cash,4,"Loved the combo, perfect spice level"
2026-04-11,19:13,Karthik R,+91 9603859770,28,Walk-in,Chicken Leg (2 pc),No,1,130,karur_kalam,No,0,130,Card,3,"Decent taste, price sari than"
2026-04-11,17:50,Vidya Kumar,+91 8738299737,41,Walk-in,Chicken Leg (2 pc),No,1,130,karur_kalam,Yes,13,117,PhonePe,4,
2026-04-11,21:31,Kumar,+91 8953278774,46,Phone Call,Chicken Leg (2 pc),No,1,130,karur_kalam,No,0,130,Cash,2,"Cold ah kudutanga, expected hot and fresh"
2026-04-11,18:53,Suresh R,+91 8600520495,39,Walk-in,Chicken Lollipop (4 pc),No,1,130,karur_kalam,No,0,130,Cash,,
2026-04-11,19:52,Rajesh S,+91 7929025324,,Walk-in,Chicken Leg (2 pc),No,1,130,karur_kalam,No,0,130,PhonePe,4,
2026-04-11,19:48,Kavya,+91 8067165726,26,Phone Call,Chicken Leg (2 pc),No,1,130,karur_kalam,No,0,130,,5,"Nalla crispy ah irundhuchu, quantity um super"
2026-04-11,21:16,Iniya S,+91 9287431527,56,Phone Call,Chicken Lollipop (4 pc),No,1,130,karur_kalam,No,0,130,GPay,5,"Super spicy and juicy, best bbq in area"
2026-04-11,21:42,Priya,+91 9122753046,,Phone Call,Chicken Wings (5 pc),No,1,130,karur_kalam,No,0,130,GPay,4,"Ultimate taste anna, naa daily varen"
2026-04-11,19:07,Kumar R,+91 9471027677,28,Phone Call,Chicken Leg (2 pc),No,1,130,karur_kalam,No,0,130,Cash,5,
2026-04-11,22:08,Dinesh S,+91 7465787133,19,Phone Call,Chicken Leg (2 pc),No,1,130,karur_kalam,No,0,130,GPay,,Quantity konjam kammiya irundhuchu but taste okay
2026-04-11,21:49,Gopal Raj,+91 8961586578,17,Phone Call,Chicken Wings (5 pc),No,1,130,karur_kalam,No,0,130,Paytm,5,"Freshly grilled and juicy, highly recommend"
2026-04-11,21:39,,+91 9230913075,,Phone Call,Chicken Lollipop (4 pc),No,1,130,karur_kalam,No,0,130,Cash,,"Freshly grilled and juicy, highly recommend"
2026-04-11,20:19,Lakshmi Kumar,+91 6919382891,47,Walk-in,Chicken Leg (2 pc),No,1,130,karur_kalam,No,0,130,GPay,3,"It was fine, nothing special"
2026-04-11,19:49,Anitha M,+91 8406409097,33,Walk-in,Chicken Wings (5 pc),No,1,130,karur_kalam,Yes,13,117,Card,,"Decent taste, price sari than"
2026-04-11,17:18,Pradeep,+91 8381445651,60,Walk-in,Chicken Lollipop (4 pc),No,2,260,karur_kalam,No,0,260,Cash,4,
2026-04-11,22:51,Iniya R,+91 8477725228,46,Walk-in,Chicken Leg (2 pc),No,1,130,karur_kalam,Yes,13,117,Paytm,3,"Average, expected more spice"
2026-04-11,20:14,Elango Prasad,+91 6822782489,42,Walk-in,Chicken Wings (5 pc),No,1,130,karur_kalam,No,0,130,GPay,5,"Best chicken lollipop I've had, will come again"
2026-04-11,22:42,,+91 9669706838,25,Walk-in,Chicken Lollipop (4 pc),No,1,130,karur_kalam,No,0,130,Cash,,"Wings semma crispy ah irundhuchu, thanks anna"
2026-04-11,21:09,Ayesha Babu,+91 9947055169,34,Phone Call,Chicken Lollipop (4 pc),No,1,130,karur_kalam,No,0,130,GPay,4,
2026-04-11,18:03,Meena Prasad,+91 6902294131,50,Walk-in,Chicken Lollipop (4 pc),No,1,130,karur_kalam,No,0,130,GPay,3,"It was fine, nothing special"
2026-04-11,21:48,Senthil Raj,+91 7618324210,25,Phone Call,Chicken Leg (2 pc),No,1,130,karur_kalam,No,0,130,GPay,3,"Okay okay taste, but konjam salt adhigama irundhuchu"
2026-04-11,21:35,Farhan,+91 6838425135,33,Phone Call,Chicken Lollipop (4 pc),No,1,130,karur_kalam,No,0,130,Paytm,5,
2026-04-11,21:52,Dhanush Babu,+91 6583607228,47,Phone Call,Chicken Wings (5 pc),No,1,130,karur_kalam,No,0,130,GPay,4,"Best chicken lollipop I've had, will come again"
2026-04-11,19:19,Sathish Kumar,+91 8843443757,37,Phone Call,Chicken Lollipop (4 pc),No,1,130,karur_kalam,No,0,130,GPay,,"Amazing bbq stall, must try in this area"
2026-04-12,19:39,Deepa Kumar,+91 9072742005,18,Walk-in,Chicken Leg (2 pc),No,2,260,karur_kalam,No,0,260,Paytm,5,Very tasty and quick service too
2026-04-12,21:10,Mary Kumar,+91 6746120047,,Phone Call,Chicken Leg (2 pc),No,1,130,karur_kalam,No,0,130,PhonePe,5,Very tasty and quick service too
2026-04-12,21:50,Joseph R,+91 9870568566,24,Walk-in,Chicken Leg (2 pc),No,1,130,karur_kalam,No,0,130,GPay,5,
2026-04-12,20:37,,+91 7715518844,25,Phone Call,Chicken Wings (5 pc),No,1,130,karur_kalam,No,0,130,Cash,3,"Okay okay taste, but konjam salt adhigama irundhuchu"
2026-04-12,22:37,John S,+91 9798079359,45,Walk-in,Chicken Wings (5 pc),No,1,130,karur_kalam,No,0,130,GPay,5,"Best chicken lollipop I've had, will come again"
2026-04-12,19:21,Farhan,+91 8276774165,30,Walk-in,Chicken Wings (5 pc),No,2,260,karur_kalam,No,0,260,PhonePe,,"Wings semma crispy ah irundhuchu, thanks anna"
2026-04-12,21:56,Swathi Prasad,+91 7982595269,34,Phone Call,Chicken Lollipop (4 pc),No,1,130,karur_kalam,No,0,130,GPay,3,"Decent taste, price sari than"
2026-04-12,18:05,Murugan Babu,+91 7058527722,19,Walk-in,Chicken Leg (2 pc),No,1,130,karur_kalam,No,0,130,PhonePe,,
2026-04-12,20:06,Farhan R,+91 6410112017,,Phone Call,Chicken Wings (5 pc),No,1,130,karur_kalam,No,0,130,PhonePe,,"Super spicy and juicy, best bbq in area"
2026-04-12,21:32,Sivakumar Devi,+91 7867749649,54,Walk-in,Chicken Leg (2 pc),No,1,130,karur_kalam,No,0,130,PhonePe,5,"Nalla crispy ah irundhuchu, quantity um super"
2026-04-12,19:43,Elango R,+91 9851604817,38,Phone Call,Chicken Wings (5 pc),No,1,130,karur_kalam,No,0,130,Cash,5,
2026-04-12,18:55,Ayesha Babu,+91 6718702621,45,Phone Call,Chicken Wings (5 pc),No,1,130,karur_kalam,No,0,130,PhonePe,5,"Wings semma crispy ah irundhuchu, thanks anna"
2026-04-12,22:01,Vignesh,+91 9086334453,,Walk-in,Chicken Lollipop (4 pc),No,1,130,karur_kalam,No,0,130,Cash,4,"Amazing bbq stall, must try in this area"
2026-04-12,18:24,Sivakumar R,+91 8902787429,42,Phone Call,Chicken Leg (2 pc),No,2,260,karur_kalam,Yes,26,234,GPay,,"Loved the combo, perfect spice level"
2026-04-12,20:10,Dinesh S,+91 7465787133,19,Walk-in,Chicken Wings (5 pc),No,1,130,karur_kalam,No,0,130,Paytm,4,"Super spicy and juicy, best bbq in area"
2026-04-12,20:26,Ayesha Raj,+91 6265423511,39,Phone Call,Chicken Wings (5 pc),No,1,130,karur_kalam,No,0,130,GPay,2,"Cold ah kudutanga, expected hot and fresh"
2026-04-12,20:06,Kumar,+91 9193745299,60,Phone Call,Chicken Leg (2 pc),No,1,130,karur_kalam,Yes,13,117,Cash,3,"Average, expected more spice"
2026-04-12,17:48,Pradeep,+91 7272344241,40,Walk-in,Chicken Lollipop (4 pc),No,1,130,karur_kalam,No,0,130,GPay,4,
2026-04-12,21:25,Dhanush K,+91 6574733848,,Phone Call,Chicken Wings (5 pc),No,2,260,karur_kalam,No,0,260,GPay,3,"Taste romba pramadham illa, sagalama irundhuchu"
2026-04-12,22:44,Mary Raj,+91 9383473597,44,Walk-in,Chicken Wings (5 pc),No,1,130,karur_kalam,No,0,130,Cash,3,
2026-04-12,21:12,Ravi Prasad,+91 7270048997,31,Walk-in,Chicken Leg (2 pc),No,1,130,karur_kalam,No,0,130,GPay,3,"Average, expected more spice"
2026-04-12,21:56,Sowmya Kumar,+91 8403317393,40,Walk-in,Chicken Lollipop (4 pc),No,1,130,karur_kalam,No,0,130,PhonePe,5,
2026-04-12,18:49,Murugan R,+91 9758598771,35,Walk-in,Chicken Lollipop (4 pc),No,1,130,karur_kalam,No,0,130,Cash,,
2026-04-12,22:10,Naveen K,+91 8991022901,,Phone Call,Chicken Lollipop (4 pc),No,1,130,karur_kalam,No,0,130,PhonePe,4,
2026-04-12,18:42,Harish Kumar,+91 9214895134,29,Phone Call,Chicken Wings (5 pc),No,1,130,karur_kalam,No,0,130,GPay,2,"Quantity kammiya kudutanga, not worth the price"
2026-04-12,17:26,Revathi,+91 6170117555,59,Walk-in,Chicken Leg (2 pc),No,1,130,karur_kalam,No,0,130,Cash,4,"Vera level taste, oru sight ah irundhuchu"
2026-04-12,21:03,Murugan,+91 7226025634,25,Phone Call,Chicken Leg (2 pc),No,1,130,karur_kalam,No,0,130,PhonePe,4,"Loved the combo, perfect spice level"
2026-04-12,21:00,Karthik,+91 7341871550,27,Walk-in,Chicken Lollipop (4 pc),No,1,130,karur_kalam,No,0,130,GPay,3,
2026-04-12,19:57,Naveen Devi,+91 6443699577,43,Phone Call,Chicken Leg (2 pc),No,1,130,karur_kalam,No,0,130,PhonePe,4,Very tasty and quick service too
2026-04-12,21:33,Deepa M,+91 7845115447,53,Phone Call,Chicken Wings (5 pc),No,1,130,karur_kalam,No,0,130,Cash,,"Average, expected more spice"
2026-04-12,17:24,Farhan S,+91 9391062046,44,Walk-in,Chicken Lollipop (4 pc),No,2,260,karur_kalam,No,0,260,Cash,5,"Amazing bbq stall, must try in this area"
2026-04-12,18:52,Iniya Babu,+91 6643171390,18,Phone Call,Chicken Wings (5 pc),No,1,130,karur_kalam,No,0,130,PhonePe,5,"Kalakalappa irundhuchu, next time friends oda varen"
2026-04-12,18:47,Karthik Devi,+91 9974034471,58,Walk-in,Chicken Wings (5 pc),No,1,130,karur_kalam,No,0,130,Paytm,,"Nalla crispy ah irundhuchu, quantity um super"
2026-04-12,21:31,,+91 8549480831,30,Phone Call,Chicken Lollipop (4 pc),No,1,130,karur_kalam,Yes,13,117,Paytm,3,"It was fine, nothing special"
2026-04-12,21:44,Elango Kumar,+91 6469901398,28,Phone Call,Chicken Leg (2 pc),No,1,130,karur_kalam,No,0,130,GPay,5,
2026-04-12,21:19,Abdul Kareem,+91 9775972777,22,Walk-in,Chicken Leg (2 pc),No,1,130,karur_kalam,No,0,130,Cash,,
2026-04-12,17:15,Senthil Raj,+91 9987164629,23,Walk-in,Chicken Leg (2 pc),No,1,130,karur_kalam,No,0,130,Cash,5,"Loved the combo, perfect spice level"
2026-04-13,17:32,Sowmya S,+91 7182637419,49,Walk-in,Chicken Wings (5 pc),No,1,130,karur_kalam,No,0,130,Cash,5,"Best chicken lollipop I've had, will come again"
2026-04-13,20:43,Ravi R,+91 8545447278,,Walk-in,Chicken Lollipop (4 pc),No,1,130,karur_kalam,No,0,130,GPay,,
2026-04-13,21:07,Pradeep Kumar,+91 8160607159,42,Walk-in,Chicken Wings (5 pc),No,2,260,karur_kalam,No,0,260,Cash,4,"Vera level taste, oru sight ah irundhuchu"
2026-04-13,18:51,Bala Babu,+91 7087879091,26,Walk-in,Chicken Lollipop (4 pc),No,1,130,karur_kalam,No,0,130,Paytm,3,"Okay okay taste, but konjam salt adhigama irundhuchu"
2026-04-13,18:20,,+91 6422842102,15,Phone Call,Chicken Wings (5 pc),No,1,130,karur_kalam,No,0,130,Cash,5,Very tasty and quick service too
2026-04-13,21:22,Farhan Devi,+91 7185188888,16,Walk-in,Chicken Leg (2 pc),No,1,130,karur_kalam,No,0,130,Paytm,5,"Vera level taste, oru sight ah irundhuchu"
2026-04-13,22:25,Sathish,+91 6656670106,36,Walk-in,Chicken Lollipop (4 pc),No,1,130,karur_kalam,No,0,130,Cash,4,
2026-04-13,21:06,Aishwarya,+91 8099375137,41,Walk-in,Chicken Wings (5 pc),No,1,130,karur_kalam,No,0,130,Cash,,Very tasty and quick service too
2026-04-13,21:22,Ramesh M,+91 7084965385,20,Walk-in,Chicken Wings (5 pc),No,1,130,karur_kalam,No,0,130,GPay,4,
2026-04-13,21:56,Joseph Kumar,+91 8714345581,23,Phone Call,Chicken Leg (2 pc),No,1,130,karur_kalam,No,0,130,Cash,5,"Ultimate taste anna, naa daily varen"
2026-04-13,18:17,Revathi Raj,+91 8499045301,44,Phone Call,Chicken Wings (5 pc),No,1,130,karur_kalam,No,0,130,,5,
2026-04-13,19:15,Kumar R,+91 8569092755,43,Phone Call,Chicken Leg (2 pc),No,1,130,karur_kalam,No,0,130,GPay,,"Not bad, but waiting time konjam adhigama irundhuchu"
2026-04-13,18:46,Priya,+91 9380662679,34,Walk-in,Chicken Wings (5 pc),No,1,130,karur_kalam,Yes,13,117,Cash,5,"Chicken leg romba soft ah vekachu irundhuchu, super"
2026-04-13,20:11,Sowmya Devi,+91 9177115921,23,Walk-in,Chicken Lollipop (4 pc),No,1,130,karur_kalam,Yes,13,117,Cash,5,Very tasty and quick service too
2026-04-13,22:57,Murugan S,+91 8841492283,35,Walk-in,Chicken Wings (5 pc),No,1,130,karur_kalam,No,0,130,GPay,2,
2026-04-13,17:50,Farhan Devi,+91 7185188888,16,Walk-in,Chicken Wings (5 pc),No,1,130,karur_kalam,No,0,130,Cash,,
2026-04-13,20:52,Meena,+91 7606474687,24,Walk-in,Chicken Leg (2 pc),No,1,130,karur_kalam,No,0,130,Card,4,
2026-04-13,20:45,Fathima K,+91 8419866524,17,Walk-in,Chicken Leg (2 pc),No,1,130,karur_kalam,No,0,130,Cash,,Very tasty and quick service too
2026-04-13,21:32,Nithya Devi,+91 6251778528,55,Phone Call,Chicken Leg (2 pc),No,1,130,karur_kalam,No,0,130,Cash,5,"Amazing bbq stall, must try in this area"
2026-04-13,18:11,Divya Kumar,+91 7752431069,16,Phone Call,Chicken Lollipop (4 pc),No,1,130,karur_kalam,No,0,130,PhonePe,,"Vera level taste, oru sight ah irundhuchu"
2026-04-13,22:54,Harish Prasad,+91 6608558834,,Walk-in,Chicken Wings (5 pc),No,1,130,karur_kalam,No,0,130,PhonePe,5,
2026-04-13,21:24,Harish K,+91 8965137098,35,Walk-in,Chicken Wings (5 pc),No,1,130,karur_kalam,No,0,130,GPay,4,
2026-04-13,21:27,Prakash,+91 7875099770,15,Walk-in,Chicken Lollipop (4 pc),No,1,130,karur_kalam,No,0,130,Cash,2,
2026-04-13,18:33,Kumar,+91 9193745299,60,Walk-in,Chicken Wings (5 pc),No,1,130,karur_kalam,No,0,130,PhonePe,,"Great value for money, fresh and hot"
2026-04-13,20:59,Harish Kumar,+91 9214895134,29,Phone Call,Chicken Leg (2 pc),No,1,130,karur_kalam,No,0,130,PhonePe,4,"Great value for money, fresh and hot"
2026-04-13,18:34,Abdul Kareem,+91 7992299590,16,Walk-in,Chicken Lollipop (4 pc),No,1,130,karur_kalam,No,0,130,Cash,5,"Super spicy and juicy, best bbq in area"
2026-04-13,21:19,Arun,+91 6267888610,,Phone Call,Chicken Wings (5 pc),No,1,130,karur_kalam,Yes,13,117,PhonePe,,"Excellent flavour, family panindhalum enjoy pannanga"
2026-04-13,19:37,Rajesh Devi,+91 8029425012,23,Phone Call,Chicken Lollipop (4 pc),No,2,260,karur_kalam,No,0,260,GPay,4,
2026-04-13,21:03,Aishwarya Raj,+91 9807154516,47,Walk-in,Chicken Lollipop (4 pc),No,2,260,karur_kalam,Yes,26,234,Cash,5,
2026-04-13,18:13,Naveen Devi,+91 6834864917,35,Walk-in,Chicken Lollipop (4 pc),No,1,130,karur_kalam,Yes,13,117,Cash,4,"Chicken leg romba soft ah vekachu irundhuchu, super"
2026-04-13,19:06,Lakshmi,+91 9449251925,34,Phone Call,Chicken Lollipop (4 pc),No,1,130,karur_kalam,No,0,130,PhonePe,5,"Chicken leg romba soft ah vekachu irundhuchu, super"
2026-04-13,21:12,Kumar R,+91 8569092755,,Phone Call,Chicken Wings (5 pc),No,1,130,karur_kalam,No,0,130,GPay,5,"Best chicken lollipop I've had, will come again"
2026-04-13,22:41,Lakshmi M,+91 7555625881,35,Walk-in,Chicken Lollipop (4 pc),No,1,130,karur_kalam,No,0,130,Cash,5,
2026-04-13,22:55,Pradeep M,+91 8253595301,51,Walk-in,Chicken Lollipop (4 pc),No,1,130,karur_kalam,No,0,130,Cash,4,
2026-04-13,21:00,Karthik,+91 6388707136,16,Walk-in,Chicken Wings (5 pc),No,1,130,karur_kalam,No,0,130,Paytm,5,
2026-04-13,22:45,Lakshmi,+91 7930103105,19,Walk-in,Chicken Wings (5 pc),No,1,130,karur_kalam,No,0,130,Cash,4,
2026-04-13,17:55,Manoj S,+91 9823004786,49,Phone Call,Chicken Wings (5 pc),No,1,130,karur_kalam,No,0,130,GPay,5,
2026-04-13,20:36,Nithya M,+91 6706487235,48,Walk-in,Chicken Leg (2 pc),No,1,130,karur_kalam,No,0,130,Paytm,5,Very tasty and quick service too
2026-04-13,19:29,Anand Prasad,+91 8255341928,30,Walk-in,Chicken Leg (2 pc),No,1,130,karur_kalam,Yes,13,117,Paytm,,
2026-04-13,22:54,Dinesh S,+91 7262250634,48,Walk-in,Chicken Leg (2 pc),No,1,130,karur_kalam,No,0,130,Cash,4,
2026-04-13,17:48,Kumar S,+91 6954185203,52,Walk-in,Chicken Lollipop (4 pc),No,2,260,karur_kalam,No,0,260,GPay,5,"Chicken leg romba soft ah vekachu irundhuchu, super"
2026-04-13,21:44,Sivakumar,+91 7856543102,46,Walk-in,Chicken Leg (2 pc),No,1,130,karur_kalam,No,0,130,GPay,5,"Chicken leg romba soft ah vekachu irundhuchu, super"
2026-04-13,19:33,Mary,+91 7431611724,16,Walk-in,Chicken Lollipop (4 pc),No,1,130,karur_kalam,No,0,130,PhonePe,4,"Nalla crispy ah irundhuchu, quantity um super"
2026-04-13,18:54,Naveen,+91 7775019325,23,Walk-in,Chicken Leg (2 pc),No,1,130,karur_kalam,No,0,130,Cash,5,
2026-04-13,21:46,Gowtham Prasad,+91 8980841241,,Walk-in,Chicken Lollipop (4 pc),No,1,130,karur_kalam,No,0,130,Cash,,"Loved the combo, perfect spice level"
2026-04-13,19:48,Meena Prasad,+91 6902294131,50,Walk-in,Chicken Leg (2 pc),No,1,130,karur_kalam,Yes,13,117,Card,4,
2026-04-13,21:50,,+91 8776306585,,Phone Call,Chicken Lollipop (4 pc),No,1,130,karur_kalam,Yes,13,117,GPay,5,"Wings semma crispy ah irundhuchu, thanks anna"
2026-04-13,18:17,Manoj Raj,+91 6824008427,21,Walk-in,Chicken Lollipop (4 pc),No,1,130,karur_kalam,No,0,130,GPay,5,
2026-04-13,22:22,Deepa S,+91 6112805982,42,Walk-in,Chicken Leg (2 pc),No,1,130,karur_kalam,No,0,130,Cash,4,
2026-04-13,18:23,Murugan,+91 7226025634,25,Phone Call,Chicken Leg (2 pc),No,1,130,karur_kalam,No,0,130,GPay,4,Very tasty and quick service too
2026-04-13,22:32,,+91 7185016315,53,Phone Call,Chicken Lollipop (4 pc),No,1,130,karur_kalam,Yes,13,117,PhonePe,4,"Semma taste bro, chicken romba soft ah irundhuchu"
2026-04-13,19:49,Lakshmi,+91 7930103105,,Phone Call,Chicken Lollipop (4 pc),No,1,130,karur_kalam,No,0,130,PhonePe,4,"Amazing bbq stall, must try in this area"
2026-04-13,19:28,Gopal,+91 6947190232,46,Walk-in,Chicken Leg (2 pc),No,2,260,karur_kalam,No,0,260,Cash,2,
2026-04-13,21:33,Sathish Raj,+91 6564317210,56,Walk-in,Chicken Leg (2 pc),No,1,130,karur_kalam,No,0,130,PhonePe,5,
2026-04-14,21:15,Naveen Raj,+91 8931813125,33,Walk-in,Chicken Wings (5 pc),No,1,130,karur_kalam,No,0,130,Cash,2,"Quantity kammiya kudutanga, not worth the price"
2026-04-14,20:35,Ravi Prasad,+91 6862943681,27,Walk-in,Chicken Wings (5 pc),No,1,130,karur_kalam,Yes,13,117,Cash,5,"Amazing bbq stall, must try in this area"
2026-04-14,19:31,Elango Babu,+91 8584022277,39,Phone Call,Chicken Lollipop (4 pc),No,1,130,karur_kalam,No,0,130,GPay,3,"Taste romba pramadham illa, sagalama irundhuchu"
2026-04-14,21:18,Dhanush Raj,+91 8519067742,19,Walk-in,Chicken Leg (2 pc),No,1,130,karur_kalam,No,0,130,Cash,2,"Quantity kammiya kudutanga, not worth the price"
2026-04-14,18:13,Swathi K,+91 8191088398,24,Phone Call,Chicken Lollipop (4 pc),No,1,130,karur_kalam,No,0,130,GPay,,
2026-04-14,18:10,Kumar R,+91 9471027677,28,Phone Call,Chicken Wings (5 pc),No,2,260,karur_kalam,No,0,260,Paytm,5,"Freshly grilled and juicy, highly recommend"
2026-04-14,21:14,Sivakumar,+91 7986800025,45,Walk-in,Chicken Leg (2 pc),No,1,130,karur_kalam,No,0,130,Cash,4,
2026-04-14,21:02,Dinesh Devi,+91 9909670546,41,Phone Call,Chicken Wings (5 pc),No,1,130,karur_kalam,No,0,130,Cash,5,
2026-04-14,20:25,Bala,+91 7387384535,17,Walk-in,Chicken Wings (5 pc),No,1,130,karur_kalam,No,0,130,Cash,,"Not bad, but waiting time konjam adhigama irundhuchu"
2026-04-14,20:56,Mary Devi,+91 8053773515,49,Walk-in,Chicken Wings (5 pc),No,1,130,karur_kalam,No,0,130,GPay,5,"Ultimate taste anna, naa daily varen"
2026-04-14,21:37,Gopal Raj,+91 8961586578,17,Phone Call,Chicken Wings (5 pc),No,1,130,karur_kalam,No,0,130,Cash,3,
2026-04-14,21:43,Meena Kumar,+91 7428091154,22,Walk-in,Chicken Leg (2 pc),No,1,130,karur_kalam,No,0,130,GPay,3,
2026-04-14,19:23,Deepa Babu,+91 8765126749,16,Walk-in,Chicken Wings (5 pc),No,2,260,karur_kalam,No,0,260,GPay,,"Great value for money, fresh and hot"
2026-04-14,22:54,Gopal R,+91 7655110475,32,Walk-in,Chicken Lollipop (4 pc),No,1,130,karur_kalam,No,0,130,PhonePe,4,"Excellent flavour, family panindhalum enjoy pannanga"
2026-04-14,19:58,Saravanan R,+91 7673657661,35,Phone Call,Chicken Wings (5 pc),No,1,130,karur_kalam,No,0,130,Cash,,
2026-04-14,20:23,Iniya R,+91 8477725228,46,Phone Call,Chicken Leg (2 pc),No,1,130,karur_kalam,No,0,130,GPay,4,
2026-04-14,22:53,Sivakumar Babu,+91 7908311686,,Walk-in,Chicken Lollipop (4 pc),No,2,260,karur_kalam,No,0,260,GPay,,
2026-04-14,18:48,Pradeep Babu,+91 7462475107,54,Walk-in,Chicken Lollipop (4 pc),No,1,130,karur_kalam,No,0,130,GPay,4,"Chicken leg romba soft ah vekachu irundhuchu, super"
2026-04-14,21:04,Naveen,+91 9841459332,45,Phone Call,Chicken Wings (5 pc),No,1,130,karur_kalam,No,0,130,Cash,5,"Vera level taste, oru sight ah irundhuchu"
2026-04-14,22:19,Murugan,+91 7226025634,25,Walk-in,Chicken Wings (5 pc),No,1,130,karur_kalam,No,0,130,Cash,4,"Wings semma crispy ah irundhuchu, thanks anna"
2026-04-14,19:35,Manoj R,+91 9194311426,,Phone Call,Chicken Wings (5 pc),No,1,130,karur_kalam,No,0,130,GPay,4,"Freshly grilled and juicy, highly recommend"
2026-04-14,18:25,Pradeep Devi,+91 7757059640,19,Phone Call,Chicken Lollipop (4 pc),No,1,130,karur_kalam,No,0,130,GPay,2,"Waiting time mikka adhigama irundhuchu, service slow"
2026-04-14,19:53,Elango Devi,+91 9837770143,40,Walk-in,Chicken Lollipop (4 pc),No,2,260,karur_kalam,Yes,26,234,GPay,,
2026-04-14,17:45,Priya Raj,+91 6642823598,32,Walk-in,Chicken Wings (5 pc),No,1,130,karur_kalam,No,0,130,GPay,,
2026-04-14,17:25,Pradeep Devi,+91 7757059640,19,Phone Call,Chicken Wings (5 pc),No,1,130,karur_kalam,No,0,130,PhonePe,4,"Amazing bbq stall, must try in this area"
2026-04-14,21:58,Gopal Kumar,+91 9113887057,21,Walk-in,Chicken Lollipop (4 pc),No,1,130,karur_kalam,No,0,130,Cash,4,"Chicken leg romba soft ah vekachu irundhuchu, super"
2026-04-14,21:55,Bala,+91 8505331586,54,Phone Call,Chicken Wings (5 pc),No,1,130,karur_kalam,No,0,130,Card,4,"Vera level taste, oru sight ah irundhuchu"
2026-04-14,18:08,Pradeep Prasad,+91 6430305486,49,Phone Call,Chicken Wings (5 pc),No,1,130,karur_kalam,No,0,130,PhonePe,4,Very tasty and quick service too
2026-04-14,21:55,Mary M,+91 7260386157,56,Walk-in,Chicken Leg (2 pc),No,1,130,karur_kalam,No,0,130,PhonePe,4,"Nalla crispy ah irundhuchu, quantity um super"
2026-04-14,19:25,Prakash Raj,+91 7292127799,43,Phone Call,Chicken Leg (2 pc),No,1,130,karur_kalam,Yes,13,117,Cash,4,
2026-04-14,18:45,Ayesha Babu,+91 6718702621,45,Phone Call,Chicken Lollipop (4 pc),No,1,130,karur_kalam,No,0,130,,,
2026-04-14,21:31,Manoj Kumar,+91 6421037998,26,Walk-in,Chicken Lollipop (4 pc),No,1,130,karur_kalam,No,0,130,Paytm,,
2026-04-14,21:22,Gopal Prasad,+91 7400499154,,Phone Call,Chicken Lollipop (4 pc),No,1,130,karur_kalam,No,0,130,PhonePe,5,
2026-04-14,22:45,Bala M,+91 7013370457,32,Walk-in,Chicken Lollipop (4 pc),No,1,130,karur_kalam,No,0,130,Paytm,5,"Amazing bbq stall, must try in this area"
2026-04-14,18:15,Ayesha Devi,+91 8938268313,50,Walk-in,Chicken Leg (2 pc),No,1,130,karur_kalam,Yes,13,117,Cash,,
2026-04-14,20:42,Selvam Raj,+91 9619456158,21,Walk-in,Chicken Leg (2 pc),No,1,130,karur_kalam,No,0,130,Paytm,5,
2026-04-14,20:41,John Devi,+91 7229270653,43,Phone Call,Chicken Lollipop (4 pc),No,1,130,karur_kalam,No,0,130,GPay,5,"Great value for money, fresh and hot"
2026-04-14,22:31,Elango Devi,+91 9837770143,40,Phone Call,Chicken Lollipop (4 pc),No,2,260,karur_kalam,Yes,26,234,PhonePe,5,
2026-04-14,20:35,Anand,+91 6883444253,46,Walk-in,Chicken Leg (2 pc),No,1,130,karur_kalam,No,0,130,PhonePe,4,Very tasty and quick service too
2026-04-14,17:18,Meena,+91 7606474687,24,Phone Call,Chicken Leg (2 pc),No,1,130,karur_kalam,Yes,13,117,GPay,3,"Decent taste, price sari than"
2026-04-14,19:22,Revathi S,+91 9558867533,51,Phone Call,Chicken Leg (2 pc),No,2,260,karur_kalam,No,0,260,Card,2,"Cold ah kudutanga, expected hot and fresh"
2026-04-14,21:50,Rajesh M,+91 9504773586,42,Phone Call,Chicken Lollipop (4 pc),No,1,130,karur_kalam,No,0,130,GPay,4,"Super spicy and juicy, best bbq in area"
2026-04-14,19:49,Revathi R,+91 9797643815,42,Walk-in,Chicken Lollipop (4 pc),No,2,260,karur_kalam,No,0,260,PhonePe,4,
2026-04-14,18:03,Naveen,+91 9841459332,45,Walk-in,Chicken Leg (2 pc),No,2,260,karur_kalam,Yes,26,234,GPay,,
2026-04-14,22:19,Bala,+91 8505331586,54,Phone Call,Chicken Leg (2 pc),No,1,130,karur_kalam,No,0,130,GPay,3,Quantity konjam kammiya irundhuchu but taste okay
2026-04-14,21:00,Karthik S,+91 9131712748,60,Phone Call,Chicken Lollipop (4 pc),No,1,130,karur_kalam,No,0,130,Cash,4,"Great value for money, fresh and hot"
2026-04-14,18:59,Revathi S,+91 9526322844,22,Walk-in,Chicken Leg (2 pc),No,1,130,karur_kalam,No,0,130,Cash,,"Great value for money, fresh and hot"
2026-04-14,17:11,Dinesh K,+91 9401489025,16,Walk-in,Chicken Lollipop (4 pc),No,1,130,karur_kalam,No,0,130,PhonePe,4,
2026-04-14,21:41,Swathi Kumar,+91 7860416143,36,Walk-in,Chicken Leg (2 pc),No,2,260,karur_kalam,No,0,260,Paytm,,"It was fine, nothing special"
2026-04-15,22:02,Prakash Prasad,+91 8687833918,43,Walk-in,Chicken Leg (2 pc),No,1,130,karur_kalam,No,0,130,Cash,5,"Semma taste bro, chicken romba soft ah irundhuchu"
2026-04-15,22:34,Rajesh Kumar,+91 8339421047,17,Walk-in,Chicken Wings (5 pc),No,1,130,karur_kalam,No,0,130,Cash,2,"Not fresh today, taste changed"
2026-04-15,21:03,Rajesh Raj,+91 7733312938,39,Walk-in,Chicken Wings (5 pc),No,2,260,karur_kalam,No,0,260,GPay,5,
2026-04-15,18:38,Karthik S,+91 9131712748,60,Phone Call,Chicken Lollipop (4 pc),No,1,130,karur_kalam,No,0,130,PhonePe,,"Freshly grilled and juicy, highly recommend"
2026-04-15,20:02,Kalaivani,+91 6699016272,18,Walk-in,Chicken Wings (5 pc),No,1,130,karur_kalam,No,0,130,GPay,,"Ultimate taste anna, naa daily varen"
2026-04-15,20:40,Dinesh Babu,+91 8549480831,,Phone Call,Chicken Wings (5 pc),No,1,130,karur_kalam,No,0,130,PhonePe,2,"Not fresh today, taste changed"
2026-04-15,20:15,Pradeep Kumar,+91 8841438424,54,Walk-in,Chicken Lollipop (4 pc),No,1,130,karur_kalam,No,0,130,Cash,4,
2026-04-15,20:16,Meena Prasad,+91 7341016668,45,Walk-in,Chicken Wings (5 pc),No,1,130,karur_kalam,No,0,130,Cash,,"Wings semma crispy ah irundhuchu, thanks anna"
2026-04-15,17:09,Ravi K,+91 7054932966,47,Walk-in,Chicken Lollipop (4 pc),No,1,130,karur_kalam,No,0,130,Cash,4,
2026-04-15,20:59,Iniya S,+91 9287431527,,Phone Call,Chicken Wings (5 pc),No,1,130,karur_kalam,No,0,130,GPay,4,
2026-04-15,22:45,John S,+91 6693406088,,Walk-in,Chicken Lollipop (4 pc),No,1,130,karur_kalam,No,0,130,PhonePe,,"Vera level taste, oru sight ah irundhuchu"
2026-04-15,21:00,Abdul Kareem,+91 7992299590,16,Walk-in,Chicken Wings (5 pc),No,1,130,karur_kalam,No,0,130,GPay,5,
2026-04-15,18:17,,+91 7145623285,48,Walk-in,Chicken Wings (5 pc),No,1,130,karur_kalam,No,0,130,Cash,3,"It was fine, nothing special"
2026-04-15,22:09,Anand Prasad,+91 7799650752,46,Walk-in,Chicken Wings (5 pc),No,1,130,karur_kalam,No,0,130,Cash,4,"Best chicken lollipop I've had, will come again"
2026-04-15,20:47,,+91 6114075597,49,Walk-in,Chicken Lollipop (4 pc),No,1,130,karur_kalam,No,0,130,Cash,3,
2026-04-15,20:57,Divya Kumar,+91 7752431069,16,Phone Call,Chicken Leg (2 pc),No,1,130,karur_kalam,No,0,130,Cash,4,"Great value for money, fresh and hot"
2026-04-15,20:50,Sathish Raj,+91 7098050097,,Phone Call,Chicken Lollipop (4 pc),No,1,130,karur_kalam,No,0,130,PhonePe,4,"Excellent flavour, family panindhalum enjoy pannanga"
2026-04-15,22:45,Elango K,+91 7561595148,34,Phone Call,Chicken Lollipop (4 pc),No,1,130,karur_kalam,No,0,130,GPay,4,
2026-04-15,19:56,,+91 6515220472,60,Phone Call,Chicken Lollipop (4 pc),No,2,260,karur_kalam,No,0,260,GPay,3,"Average, expected more spice"
2026-04-15,21:07,Vijay,+91 8396907844,45,Walk-in,Chicken Leg (2 pc),No,1,130,karur_kalam,No,0,130,Cash,4,
2026-04-15,20:58,Priya K,+91 6438827374,52,Walk-in,Chicken Wings (5 pc),No,1,130,karur_kalam,Yes,13,117,Card,4,"Freshly grilled and juicy, highly recommend"
2026-04-15,20:12,Elango Raj,+91 9133547337,18,Walk-in,Chicken Lollipop (4 pc),No,1,130,karur_kalam,No,0,130,PhonePe,5,
2026-04-15,18:08,Rajesh,+91 6818835523,21,Walk-in,Chicken Wings (5 pc),No,2,260,karur_kalam,No,0,260,GPay,5,"Excellent flavour, family panindhalum enjoy pannanga"
2026-04-15,22:49,Gopal Prasad,+91 7400499154,44,Walk-in,Chicken Leg (2 pc),No,1,130,karur_kalam,Yes,13,117,PhonePe,4,
2026-04-15,18:18,Ayesha R,+91 7507633736,,Walk-in,Chicken Leg (2 pc),No,1,130,karur_kalam,No,0,130,GPay,3,Quantity konjam kammiya irundhuchu but taste okay
2026-04-15,22:13,Saravanan,+91 8190496631,52,Phone Call,Chicken Lollipop (4 pc),No,1,130,karur_kalam,No,0,130,GPay,4,Very tasty and quick service too
2026-04-15,20:20,Iniya R,+91 9850542357,27,Phone Call,Chicken Lollipop (4 pc),No,1,130,karur_kalam,No,0,130,GPay,4,"Vera level taste, oru sight ah irundhuchu"
2026-04-15,21:43,Divya K,+91 7185016315,53,Phone Call,Chicken Lollipop (4 pc),No,1,130,karur_kalam,No,0,130,PhonePe,4,"Vera level taste, oru sight ah irundhuchu"
2026-04-15,18:06,Suresh K,+91 6531003309,24,Phone Call,Chicken Leg (2 pc),No,1,130,karur_kalam,No,0,130,PhonePe,5,Very tasty and quick service too
2026-04-15,22:47,Gopal R,+91 7655110475,32,Phone Call,Chicken Leg (2 pc),No,1,130,karur_kalam,Yes,13,117,Paytm,,"Ultimate taste anna, naa daily varen"
2026-04-15,20:58,Revathi R,+91 9797643815,42,Phone Call,Chicken Lollipop (4 pc),No,1,130,karur_kalam,No,0,130,PhonePe,5,"Super spicy and juicy, best bbq in area"
2026-04-15,19:50,Prakash Kumar,+91 9231665876,18,Phone Call,Chicken Wings (5 pc),No,1,130,karur_kalam,Yes,13,117,Paytm,4,"Best chicken lollipop I've had, will come again"
2026-04-15,19:02,Kalaivani,+91 9535560932,16,Phone Call,Chicken Wings (5 pc),No,1,130,karur_kalam,No,0,130,Cash,4,
2026-04-15,19:24,Fathima M,+91 6787356392,19,Walk-in,Chicken Lollipop (4 pc),No,1,130,karur_kalam,Yes,13,117,Cash,5,
2026-04-15,20:37,Selvam Babu,+91 9344685009,33,Walk-in,Chicken Lollipop (4 pc),No,1,130,karur_kalam,No,0,130,PhonePe,5,"Loved the combo, perfect spice level"
2026-04-15,18:24,Vignesh M,+91 6879296863,56,Walk-in,Chicken Lollipop (4 pc),No,2,260,karur_kalam,No,0,260,PhonePe,4,"Kalakalappa irundhuchu, next time friends oda varen"
2026-04-15,18:12,Manoj S,+91 6801006231,60,Walk-in,Chicken Leg (2 pc),No,1,130,karur_kalam,No,0,130,GPay,4,
2026-04-15,19:16,Gopal S,+91 7079077988,58,Walk-in,Chicken Lollipop (4 pc),No,1,130,karur_kalam,No,0,130,PhonePe,,
2026-04-15,20:03,Manoj R,+91 8466165175,50,Walk-in,Chicken Lollipop (4 pc),No,1,130,karur_kalam,No,0,130,Cash,4,
2026-04-15,19:28,,+91 8099126917,,Walk-in,Chicken Leg (2 pc),No,1,130,karur_kalam,No,0,130,Card,4,"Great value for money, fresh and hot"
2026-04-15,18:38,Priya Raj,+91 9209264652,52,Walk-in,Chicken Leg (2 pc),No,1,130,karur_kalam,No,0,130,Paytm,4,"Ultimate taste anna, naa daily varen"
2026-04-15,19:49,Saravanan K,+91 6017977660,18,Walk-in,Chicken Wings (5 pc),No,1,130,karur_kalam,No,0,130,GPay,,"Cold ah kudutanga, expected hot and fresh"
2026-04-15,19:40,,+91 8376724238,49,Phone Call,Chicken Lollipop (4 pc),No,1,130,karur_kalam,No,0,130,PhonePe,3,"Not bad, but waiting time konjam adhigama irundhuchu"
2026-04-15,20:14,Suresh M,+91 8113965452,36,Walk-in,Chicken Lollipop (4 pc),No,1,130,karur_kalam,No,0,130,Cash,3,Quantity konjam kammiya irundhuchu but taste okay
2026-04-15,20:12,Vijay,+91 8396907844,45,Walk-in,Chicken Wings (5 pc),No,1,130,karur_kalam,No,0,130,Card,4,"Loved the combo, perfect spice level"
2026-04-15,17:42,Prakash Kumar,+91 9231665876,18,Phone Call,Chicken Wings (5 pc),No,1,130,karur_kalam,No,0,130,GPay,5,
2026-04-15,19:39,Sivakumar,+91 7856543102,46,Walk-in,Chicken Leg (2 pc),No,1,130,karur_kalam,Yes,13,117,,3,
2026-04-15,22:34,Manoj S,+91 6801006231,60,Phone Call,Chicken Leg (2 pc),No,1,130,karur_kalam,No,0,130,GPay,5,"Ultimate taste anna, naa daily varen"
2026-04-15,22:44,Farhan Prasad,+91 6397733800,31,Walk-in,Chicken Leg (2 pc),No,1,130,karur_kalam,No,0,130,GPay,4,"Chicken leg romba soft ah vekachu irundhuchu, super"
2026-04-15,22:44,,+91 9974034471,58,Walk-in,Chicken Leg (2 pc),No,1,130,karur_kalam,No,0,130,Cash,5,"Chicken leg romba soft ah vekachu irundhuchu, super"
2026-04-15,22:14,Sathish Kumar,+91 8878193421,19,Walk-in,Chicken Leg (2 pc),No,1,130,karur_kalam,No,0,130,Cash,4,
2026-04-15,19:03,Ramesh Prasad,+91 7124321979,24,Walk-in,Chicken Leg (2 pc),No,1,130,karur_kalam,No,0,130,Card,,"Kalakalappa irundhuchu, next time friends oda varen"
2026-04-16,22:51,Kumar M,+91 7622444721,25,Walk-in,Chicken Lollipop (4 pc),No,1,130,karur_kalam,No,0,130,GPay,4,
2026-04-16,18:20,,+91 8089229830,52,Walk-in,Chicken Wings (5 pc),No,1,130,karur_kalam,No,0,130,GPay,,
2026-04-16,19:07,Kumar R,+91 9471027677,,Phone Call,Chicken Lollipop (4 pc),No,2,260,karur_kalam,No,0,260,Cash,2,"Too salty, not up to the mark today"
2026-04-16,19:59,Abdul Kareem K,+91 8586793160,56,Walk-in,Chicken Leg (2 pc),No,1,130,karur_kalam,No,0,130,PhonePe,4,"Wings semma crispy ah irundhuchu, thanks anna"
2026-04-16,20:39,Nithya M,+91 8521109531,40,Walk-in,Chicken Wings (5 pc),No,1,130,karur_kalam,No,0,130,,4,Very tasty and quick service too
2026-04-16,21:20,John,+91 6042385247,54,Walk-in,Chicken Lollipop (4 pc),No,2,260,karur_kalam,No,0,260,Cash,5,"Great value for money, fresh and hot"
2026-04-16,20:18,Dinesh K,+91 9498941343,38,Phone Call,Chicken Wings (5 pc),No,1,130,karur_kalam,No,0,130,Paytm,4,"Excellent flavour, family panindhalum enjoy pannanga"
2026-04-16,17:43,Rajesh,+91 6422842102,15,Phone Call,Chicken Leg (2 pc),No,1,130,karur_kalam,No,0,130,GPay,5,"Ultimate taste anna, naa daily varen"
2026-04-16,18:10,Iniya R,+91 9850542357,27,Phone Call,Chicken Lollipop (4 pc),No,1,130,karur_kalam,No,0,130,Cash,4,
2026-04-16,21:59,Deepa M,+91 7845115447,53,Phone Call,Chicken Leg (2 pc),No,1,130,karur_kalam,No,0,130,Cash,,
2026-04-16,21:48,Bala K,+91 8888404162,46,Walk-in,Chicken Wings (5 pc),No,1,130,karur_kalam,No,0,130,Cash,3,
2026-04-16,20:40,Sivakumar Devi,+91 6016810713,,Walk-in,Chicken Leg (2 pc),No,1,130,karur_kalam,No,0,130,Cash,4,"Kalakalappa irundhuchu, next time friends oda varen"
2026-04-16,17:19,Dinesh S,+91 7465787133,19,Phone Call,Chicken Wings (5 pc),No,1,130,karur_kalam,No,0,130,PhonePe,4,
2026-04-16,20:27,Joseph Kumar,+91 8361455012,53,Walk-in,Chicken Lollipop (4 pc),No,2,260,karur_kalam,Yes,26,234,Card,,"Amazing bbq stall, must try in this area"
2026-04-16,22:02,Abdul Kareem S,+91 9008484086,,Walk-in,Chicken Leg (2 pc),No,1,130,karur_kalam,No,0,130,Cash,5,"Best chicken lollipop I've had, will come again"
2026-04-16,20:17,Ayesha R,+91 6870146187,18,Walk-in,Chicken Wings (5 pc),No,1,130,karur_kalam,No,0,130,Cash,5,"Loved the combo, perfect spice level"
2026-04-16,20:43,Anand,+91 8088232439,,Walk-in,Chicken Lollipop (4 pc),No,2,260,karur_kalam,No,0,260,Card,4,
2026-04-16,19:52,Ayesha K,+91 7921332406,19,Walk-in,Chicken Lollipop (4 pc),No,1,130,karur_kalam,No,0,130,Cash,5,
2026-04-16,21:06,Vidya Raj,+91 7474517123,58,Phone Call,Chicken Leg (2 pc),No,1,130,karur_kalam,No,0,130,Paytm,3,"Okay okay taste, but konjam salt adhigama irundhuchu"
2026-04-16,17:46,Ayesha Babu,+91 6718702621,,Phone Call,Chicken Leg (2 pc),No,1,130,karur_kalam,No,0,130,GPay,3,
2026-04-16,22:44,Nithya Babu,+91 9261604643,,Walk-in,Chicken Wings (5 pc),No,1,130,karur_kalam,No,0,130,Paytm,2,
2026-04-16,19:30,Joseph Prasad,+91 6756551256,59,Phone Call,Chicken Wings (5 pc),No,1,130,karur_kalam,No,0,130,,4,
2026-04-16,22:50,Nithya Babu,+91 9120826773,33,Phone Call,Chicken Leg (2 pc),No,1,130,karur_kalam,Yes,13,117,GPay,,
2026-04-16,19:05,Ayesha M,+91 9799948194,59,Walk-in,Chicken Lollipop (4 pc),No,1,130,karur_kalam,No,0,130,PhonePe,,
2026-04-16,21:44,Prakash Babu,+91 9848106247,19,Walk-in,Chicken Wings (5 pc),No,1,130,karur_kalam,No,0,130,Cash,4,"Amazing bbq stall, must try in this area"
2026-04-16,21:29,Ayesha Babu,+91 7145623285,48,Phone Call,Chicken Wings (5 pc),No,1,130,karur_kalam,No,0,130,GPay,,"Kalakalappa irundhuchu, next time friends oda varen"
2026-04-16,18:12,Murugan,+91 7362706538,19,Walk-in,Chicken Lollipop (4 pc),No,2,260,karur_kalam,No,0,260,Cash,4,"Ultimate taste anna, naa daily varen"
2026-04-16,17:25,,+91 9385952405,,Walk-in,Chicken Leg (2 pc),No,1,130,karur_kalam,Yes,13,117,PhonePe,,
2026-04-16,20:32,Muthu Devi,+91 6983584168,43,Phone Call,Chicken Lollipop (4 pc),No,1,130,karur_kalam,No,0,130,GPay,,"Freshly grilled and juicy, highly recommend"
2026-04-16,20:42,Farhan Devi,+91 7185188888,16,Phone Call,Chicken Leg (2 pc),No,1,130,karur_kalam,No,0,130,Cash,,"Freshly grilled and juicy, highly recommend"
2026-04-16,20:49,Yazhini M,+91 6781548361,19,Walk-in,Chicken Lollipop (4 pc),No,2,260,karur_kalam,No,0,260,Cash,4,
2026-04-16,21:51,Vignesh Kumar,+91 8957885685,37,Phone Call,Chicken Leg (2 pc),No,1,130,karur_kalam,No,0,130,PhonePe,3,"Decent taste, price sari than"
2026-04-16,19:31,Saravanan R,+91 7673657661,35,Walk-in,Chicken Lollipop (4 pc),No,1,130,karur_kalam,No,0,130,Cash,4,
2026-04-16,20:14,Sathish Kumar,+91 8843443757,,Phone Call,Chicken Wings (5 pc),No,1,130,karur_kalam,No,0,130,GPay,4,"Super spicy and juicy, best bbq in area"
2026-04-16,21:41,Vignesh,+91 9301996994,40,Walk-in,Chicken Wings (5 pc),No,1,130,karur_kalam,No,0,130,GPay,,Very tasty and quick service too
2026-04-16,20:04,Senthil K,+91 6684145795,37,Walk-in,Chicken Wings (5 pc),No,1,130,karur_kalam,No,0,130,GPay,5,"Kalakalappa irundhuchu, next time friends oda varen"
2026-04-16,20:54,Anitha M,+91 8406409097,33,Walk-in,Chicken Leg (2 pc),No,1,130,karur_kalam,No,0,130,Card,3,
2026-04-16,19:33,Kumar R,+91 9471027677,28,Phone Call,Chicken Leg (2 pc),No,1,130,karur_kalam,No,0,130,PhonePe,,"Best chicken lollipop I've had, will come again"
2026-04-16,20:26,Arun S,+91 6753409619,55,Walk-in,Chicken Leg (2 pc),No,1,130,karur_kalam,No,0,130,Cash,5,
2026-04-16,20:26,Farhan,+91 6838425135,33,Walk-in,Chicken Leg (2 pc),No,1,130,karur_kalam,No,0,130,GPay,5,"Chicken leg romba soft ah vekachu irundhuchu, super"
2026-04-16,20:10,Aishwarya Kumar,+91 6968243698,19,Walk-in,Chicken Leg (2 pc),No,1,130,karur_kalam,No,0,130,GPay,5,"Semma taste bro, chicken romba soft ah irundhuchu"
2026-04-16,19:44,Kalaivani,+91 6298394541,39,Walk-in,Chicken Wings (5 pc),No,1,130,karur_kalam,No,0,130,Cash,2,
2026-04-16,21:21,Selvam M,+91 6334123281,25,Phone Call,Chicken Leg (2 pc),No,2,260,karur_kalam,No,0,260,GPay,,"Freshly grilled and juicy, highly recommend"
2026-04-16,19:46,Elango R,+91 9741442018,57,Walk-in,Chicken Leg (2 pc),No,1,130,karur_kalam,No,0,130,Cash,3,"Not bad, but waiting time konjam adhigama irundhuchu"
2026-04-17,22:35,Kavya Kumar,+91 6515220472,60,Phone Call,Chicken Lollipop (4 pc),No,1,130,karur_kalam,No,0,130,PhonePe,,"Semma taste bro, chicken romba soft ah irundhuchu"
2026-04-17,22:25,Murugan S,+91 7449353487,31,Phone Call,Chicken Wings (5 pc),No,1,130,karur_kalam,Yes,13,117,GPay,2,
2026-04-17,18:48,Divya Prasad,+91 6654051531,52,Phone Call,Chicken Wings (5 pc),No,1,130,karur_kalam,No,0,130,GPay,3,"Average, expected more spice"
2026-04-17,18:36,Anand Prasad,+91 8255341928,30,Phone Call,Chicken Lollipop (4 pc),No,1,130,karur_kalam,No,0,130,GPay,4,"Chicken leg romba soft ah vekachu irundhuchu, super"
2026-04-17,17:47,,+91 6190790306,,Walk-in,Chicken Leg (2 pc),No,1,130,karur_kalam,No,0,130,GPay,,"Nalla crispy ah irundhuchu, quantity um super"
2026-04-17,20:11,Prakash Raj,+91 7292127799,43,Walk-in,Chicken Leg (2 pc),No,1,130,karur_kalam,No,0,130,PhonePe,4,"Chicken leg romba soft ah vekachu irundhuchu, super"
2026-04-17,18:51,Yazhini Prasad,+91 9527858549,45,Walk-in,Chicken Lollipop (4 pc),No,1,130,karur_kalam,No,0,130,Cash,4,Very tasty and quick service too
2026-04-17,21:38,Harish,+91 8119388309,16,Walk-in,Chicken Wings (5 pc),No,1,130,karur_kalam,No,0,130,Paytm,5,"Super spicy and juicy, best bbq in area"
2026-04-17,19:10,Vijay S,+91 8905273118,43,Walk-in,Chicken Lollipop (4 pc),No,1,130,karur_kalam,No,0,130,Cash,4,
2026-04-17,22:40,Murugan,+91 7226025634,25,Walk-in,Chicken Wings (5 pc),No,2,260,karur_kalam,Yes,26,234,Paytm,5,"Ultimate taste anna, naa daily varen"
2026-04-17,22:54,Kalaivani,+91 9535560932,16,Walk-in,Chicken Lollipop (4 pc),No,1,130,karur_kalam,No,0,130,Paytm,2,"Cold ah kudutanga, expected hot and fresh"
2026-04-17,21:35,Gopal Babu,+91 7293183933,36,Walk-in,Chicken Leg (2 pc),No,2,260,karur_kalam,No,0,260,GPay,4,"Excellent flavour, family panindhalum enjoy pannanga"
2026-04-17,19:32,Deepa S,+91 6112805982,42,Walk-in,Chicken Leg (2 pc),No,1,130,karur_kalam,No,0,130,Cash,3,"Not bad, but waiting time konjam adhigama irundhuchu"
2026-04-17,21:27,Vidya,+91 9135384732,31,Phone Call,Chicken Lollipop (4 pc),No,1,130,karur_kalam,No,0,130,GPay,2,
2026-04-17,19:04,Gopal Prasad,+91 7904699811,43,Walk-in,Chicken Leg (2 pc),No,1,130,karur_kalam,Yes,13,117,Cash,,"Average, expected more spice"
2026-04-17,17:34,Naveen Devi,+91 6443699577,43,Phone Call,Chicken Wings (5 pc),No,1,130,karur_kalam,Yes,13,117,GPay,4,"Semma taste bro, chicken romba soft ah irundhuchu"
2026-04-17,20:14,Ayesha,+91 8319384153,20,Walk-in,Chicken Lollipop (4 pc),No,1,130,karur_kalam,No,0,130,Cash,5,
2026-04-17,18:30,Rajesh,+91 6818835523,21,Walk-in,Chicken Lollipop (4 pc),No,1,130,karur_kalam,Yes,13,117,Cash,5,
2026-04-17,20:04,Harish K,+91 9964277097,48,Walk-in,Chicken Wings (5 pc),No,1,130,karur_kalam,No,0,130,PhonePe,3,"Average, expected more spice"
2026-04-17,20:23,Joseph R,+91 8485195442,57,Walk-in,Chicken Leg (2 pc),No,1,130,karur_kalam,No,0,130,PhonePe,4,
2026-04-17,18:21,Pradeep Babu,+91 7462475107,54,Phone Call,Chicken Wings (5 pc),No,1,130,karur_kalam,No,0,130,GPay,5,
2026-04-17,22:21,,+91 8451076226,49,Walk-in,Chicken Leg (2 pc),No,1,130,karur_kalam,No,0,130,PhonePe,,
2026-04-17,18:54,,+91 6746120047,22,Walk-in,Chicken Lollipop (4 pc),No,1,130,karur_kalam,No,0,130,PhonePe,4,"Excellent flavour, family panindhalum enjoy pannanga"
2026-04-17,19:38,Nithya M,+91 7168151649,22,Walk-in,Chicken Lollipop (4 pc),No,1,130,karur_kalam,No,0,130,Paytm,2,
2026-04-17,21:41,Ramesh M,+91 6174842524,41,Walk-in,Chicken Leg (2 pc),No,1,130,karur_kalam,No,0,130,Cash,5,"Super spicy and juicy, best bbq in area"
2026-04-17,22:21,Ravi Devi,+91 8375564641,45,Walk-in,Chicken Leg (2 pc),No,1,130,karur_kalam,No,0,130,PhonePe,5,"Excellent flavour, family panindhalum enjoy pannanga"
2026-04-17,20:31,Nithya K,+91 8432324693,37,Walk-in,Chicken Wings (5 pc),No,1,130,karur_kalam,No,0,130,PhonePe,4,"Loved the combo, perfect spice level"
2026-04-17,21:47,Iniya R,+91 9850542357,27,Phone Call,Chicken Lollipop (4 pc),No,1,130,karur_kalam,No,0,130,Cash,4,"Excellent flavour, family panindhalum enjoy pannanga"
2026-04-17,18:17,Gowtham Babu,+91 9139718707,23,Phone Call,Chicken Leg (2 pc),No,1,130,karur_kalam,No,0,130,Cash,4,"Nalla crispy ah irundhuchu, quantity um super"
2026-04-17,17:06,Naveen,+91 9689942532,47,Walk-in,Chicken Leg (2 pc),No,1,130,karur_kalam,No,0,130,Paytm,4,"Semma taste bro, chicken romba soft ah irundhuchu"
2026-04-17,19:27,Swathi K,+91 8191088398,24,Walk-in,Chicken Wings (5 pc),No,1,130,karur_kalam,No,0,130,Cash,2,
2026-04-17,21:04,Nithya K,+91 6186191364,18,Walk-in,Chicken Wings (5 pc),No,1,130,karur_kalam,No,0,130,Card,4,"Excellent flavour, family panindhalum enjoy pannanga"
2026-04-17,21:04,Prakash R,+91 7691669784,50,Phone Call,Chicken Wings (5 pc),No,2,260,karur_kalam,No,0,260,GPay,3,Quantity konjam kammiya irundhuchu but taste okay
2026-04-17,20:04,Senthil Kumar,+91 9602352179,,Walk-in,Chicken Leg (2 pc),No,1,130,karur_kalam,Yes,13,117,Cash,,
2026-04-17,20:42,Ayesha Babu,+91 7145623285,,Phone Call,Chicken Lollipop (4 pc),No,1,130,karur_kalam,No,0,130,PhonePe,4,"Vera level taste, oru sight ah irundhuchu"
2026-04-17,22:33,Pradeep K,+91 7583132370,38,Phone Call,Chicken Wings (5 pc),No,2,260,karur_kalam,No,0,260,GPay,4,
2026-04-17,19:56,Priya S,+91 7954637333,15,Walk-in,Chicken Leg (2 pc),No,1,130,karur_kalam,Yes,13,117,Cash,,"Vera level taste, oru sight ah irundhuchu"
2026-04-17,20:06,,+91 6940011295,23,Walk-in,Chicken Leg (2 pc),No,1,130,karur_kalam,Yes,13,117,,5,"Excellent flavour, family panindhalum enjoy pannanga"
2026-04-17,22:45,Kumar,+91 8953278774,46,Phone Call,Chicken Leg (2 pc),No,1,130,karur_kalam,No,0,130,Cash,,"Freshly grilled and juicy, highly recommend"
2026-04-17,19:48,Karthik Devi,+91 9974034471,,Phone Call,Chicken Wings (5 pc),No,2,260,karur_kalam,No,0,260,Paytm,3,
2026-04-17,21:19,Rajesh M,+91 6912619358,21,Walk-in,Chicken Wings (5 pc),No,1,130,karur_kalam,No,0,130,,4,
2026-04-17,21:57,Deepa M,+91 7845115447,53,Phone Call,Chicken Wings (5 pc),No,1,130,karur_kalam,No,0,130,Paytm,5,"Ultimate taste anna, naa daily varen"
2026-04-17,21:10,Gowtham Kumar,+91 8001522904,,Walk-in,Chicken Leg (2 pc),No,2,260,karur_kalam,No,0,260,GPay,4,"Loved the combo, perfect spice level"
2026-04-17,22:05,Karthik S,+91 9131712748,,Phone Call,Chicken Lollipop (4 pc),No,1,130,karur_kalam,No,0,130,Cash,3,"Okay okay taste, but konjam salt adhigama irundhuchu"
2026-04-17,21:14,Aishwarya Raj,+91 9807154516,,Walk-in,Chicken Leg (2 pc),No,1,130,karur_kalam,Yes,13,117,Cash,,
2026-04-17,19:59,Rajesh Raj,+91 9886239240,,Phone Call,Chicken Leg (2 pc),No,1,130,karur_kalam,No,0,130,PhonePe,4,
2026-04-17,19:48,Farhan Babu,+91 6541436043,50,Walk-in,Chicken Leg (2 pc),No,1,130,karur_kalam,No,0,130,GPay,,"Best chicken lollipop I've had, will come again"
2026-04-17,20:37,Vidya Devi,+91 9908740640,28,Phone Call,Chicken Lollipop (4 pc),No,2,260,karur_kalam,No,0,260,GPay,,"Amazing bbq stall, must try in this area"
2026-04-17,18:21,Mary,+91 7431611724,16,Phone Call,Chicken Leg (2 pc),No,1,130,karur_kalam,No,0,130,PhonePe,,
2026-04-17,18:20,Yazhini R,+91 7965370476,47,Walk-in,Chicken Leg (2 pc),No,1,130,karur_kalam,No,0,130,Cash,4,"Great value for money, fresh and hot"
2026-04-17,22:21,Karthik Devi,+91 9974034471,58,Phone Call,Chicken Lollipop (4 pc),No,1,130,karur_kalam,No,0,130,Cash,,"Super spicy and juicy, best bbq in area"
2026-04-17,20:02,Prakash R,+91 7691669784,50,Walk-in,Chicken Lollipop (4 pc),No,1,130,karur_kalam,No,0,130,Cash,3,
2026-04-17,19:07,Kavya,+91 8067165726,26,Phone Call,Chicken Leg (2 pc),No,2,260,karur_kalam,Yes,26,234,Paytm,4,
2026-04-18,18:05,Selvam M,+91 6334123281,25,Phone Call,Chicken Leg (2 pc),No,1,130,karur_kalam,No,0,130,Cash,5,"Best chicken lollipop I've had, will come again"
2026-04-18,17:36,Fathima,+91 6038773800,43,Walk-in,Chicken Lollipop (4 pc),No,1,130,karur_kalam,No,0,130,PhonePe,5,"Excellent flavour, family panindhalum enjoy pannanga"
2026-04-18,20:02,Vidya R,+91 8331650983,29,Walk-in,Chicken Lollipop (4 pc),No,2,260,karur_kalam,No,0,260,PhonePe,3,"Average, expected more spice"
2026-04-18,20:18,Mary Devi,+91 8053773515,,Walk-in,Chicken Wings (5 pc),No,2,260,karur_kalam,No,0,260,GPay,4,"Excellent flavour, family panindhalum enjoy pannanga"
2026-04-18,20:24,Karthik,+91 8358496200,28,Walk-in,Chicken Leg (2 pc),No,2,260,karur_kalam,No,0,260,Paytm,4,
2026-04-18,21:59,Anand,+91 6993308330,21,Walk-in,Chicken Lollipop (4 pc),No,1,130,karur_kalam,No,0,130,GPay,,"Great value for money, fresh and hot"
2026-04-18,18:49,Anand S,+91 7477109324,50,Phone Call,Chicken Lollipop (4 pc),No,1,130,karur_kalam,No,0,130,Cash,,"Loved the combo, perfect spice level"
2026-04-18,18:28,Iniya Devi,+91 8913597489,37,Walk-in,Chicken Wings (5 pc),No,1,130,karur_kalam,No,0,130,Cash,4,"Great value for money, fresh and hot"
2026-04-18,22:10,Nithya Babu,+91 9337343488,53,Walk-in,Chicken Lollipop (4 pc),No,1,130,karur_kalam,Yes,13,117,PhonePe,3,
2026-04-18,22:11,Divya Devi,+91 7595787441,21,Walk-in,Chicken Leg (2 pc),No,1,130,karur_kalam,Yes,13,117,Cash,4,"Excellent flavour, family panindhalum enjoy pannanga"
2026-04-18,17:09,Dhanush Prasad,+91 6367161684,,Walk-in,Chicken Leg (2 pc),No,1,130,karur_kalam,No,0,130,GPay,4,"Kalakalappa irundhuchu, next time friends oda varen"
2026-04-18,22:38,Kalaivani,+91 9535560932,16,Phone Call,Chicken Leg (2 pc),No,1,130,karur_kalam,No,0,130,GPay,4,"Best chicken lollipop I've had, will come again"
2026-04-18,19:16,Ayesha S,+91 8270497344,34,Walk-in,Chicken Lollipop (4 pc),No,1,130,karur_kalam,No,0,130,Cash,4,"Best chicken lollipop I've had, will come again"
2026-04-18,20:22,Elango Kumar,+91 6469901398,28,Walk-in,Chicken Wings (5 pc),No,1,130,karur_kalam,No,0,130,PhonePe,5,"Kalakalappa irundhuchu, next time friends oda varen"
2026-04-18,21:36,Fathima S,+91 9608823235,21,Walk-in,Chicken Wings (5 pc),No,1,130,karur_kalam,Yes,13,117,Cash,5,
2026-04-18,18:10,Ayesha Babu,+91 9947055169,34,Walk-in,Chicken Wings (5 pc),No,1,130,karur_kalam,Yes,13,117,PhonePe,5,"Chicken leg romba soft ah vekachu irundhuchu, super"
2026-04-18,19:17,Sivakumar R,+91 8902787429,42,Phone Call,Chicken Wings (5 pc),No,1,130,karur_kalam,No,0,130,GPay,4,"Great value for money, fresh and hot"
2026-04-18,17:53,Priya Raj,+91 6193802620,40,Walk-in,Chicken Wings (5 pc),No,1,130,karur_kalam,No,0,130,GPay,5,"Loved the combo, perfect spice level"
2026-04-18,22:10,Gopal Babu,+91 8172864213,,Walk-in,Chicken Wings (5 pc),No,2,260,karur_kalam,Yes,26,234,Paytm,3,Quantity konjam kammiya irundhuchu but taste okay
2026-04-18,17:42,Iniya S,+91 9287431527,56,Phone Call,Chicken Leg (2 pc),No,2,260,karur_kalam,No,0,260,PhonePe,3,
2026-04-18,21:56,Prakash,+91 7875099770,15,Walk-in,Chicken Wings (5 pc),No,1,130,karur_kalam,No,0,130,,5,"Ultimate taste anna, naa daily varen"
2026-04-18,18:06,Pradeep K,+91 7583132370,38,Phone Call,Chicken Wings (5 pc),No,2,260,karur_kalam,No,0,260,PhonePe,4,
2026-04-18,18:27,Vignesh M,+91 6671656709,48,Walk-in,Chicken Wings (5 pc),No,1,130,karur_kalam,No,0,130,GPay,,Very tasty and quick service too
2026-04-18,22:59,Prakash Raj,+91 7292127799,,Phone Call,Chicken Lollipop (4 pc),No,1,130,karur_kalam,No,0,130,GPay,5,"Super spicy and juicy, best bbq in area"
2026-04-18,21:31,Muthu Devi,+91 6983584168,43,Phone Call,Chicken Wings (5 pc),No,1,130,karur_kalam,Yes,13,117,GPay,,
2026-04-18,19:20,Anand M,+91 8698478961,59,Phone Call,Chicken Leg (2 pc),No,1,130,karur_kalam,No,0,130,PhonePe,4,
2026-04-18,20:22,Abdul Kareem K,+91 7734670656,25,Phone Call,Chicken Wings (5 pc),No,1,130,karur_kalam,No,0,130,PhonePe,4,
2026-04-18,22:11,Karthik R,+91 9603859770,28,Phone Call,Chicken Lollipop (4 pc),No,1,130,karur_kalam,No,0,130,Paytm,5,"Nalla crispy ah irundhuchu, quantity um super"
2026-04-18,18:27,Elango Prasad,+91 9040962629,25,Walk-in,Chicken Lollipop (4 pc),No,1,130,karur_kalam,No,0,130,PhonePe,5,"Ultimate taste anna, naa daily varen"
2026-04-18,19:37,Manoj S,+91 6801006231,60,Walk-in,Chicken Lollipop (4 pc),No,1,130,karur_kalam,Yes,13,117,Cash,5,
2026-04-18,20:45,Nithya S,+91 7634351751,49,Phone Call,Chicken Lollipop (4 pc),No,1,130,karur_kalam,No,0,130,Cash,5,
2026-04-18,20:37,Anitha S,+91 6995604661,,Phone Call,Chicken Lollipop (4 pc),No,1,130,karur_kalam,No,0,130,PhonePe,5,"Vera level taste, oru sight ah irundhuchu"
2026-04-18,20:49,Dinesh Prasad,+91 6047202888,60,Walk-in,Chicken Leg (2 pc),No,1,130,karur_kalam,No,0,130,PhonePe,,"Decent taste, price sari than"
2026-04-19,20:13,Joseph Kumar,+91 8714345581,23,Walk-in,Chicken Wings (5 pc),No,2,260,karur_kalam,No,0,260,Paytm,,
2026-04-19,18:58,Muthu,+91 7542709831,,Walk-in,Chicken Lollipop (4 pc),No,1,130,karur_kalam,No,0,130,PhonePe,,"Excellent flavour, family panindhalum enjoy pannanga"
2026-04-19,20:38,Gowtham Prasad,+91 9483503056,,Phone Call,Chicken Wings (5 pc),No,1,130,karur_kalam,No,0,130,PhonePe,5,"Nalla crispy ah irundhuchu, quantity um super"
2026-04-19,20:09,John Devi,+91 7229270653,43,Phone Call,Chicken Wings (5 pc),No,1,130,karur_kalam,No,0,130,GPay,5,"Vera level taste, oru sight ah irundhuchu"
2026-04-19,21:31,Saravanan R,+91 7673657661,35,Phone Call,Chicken Lollipop (4 pc),No,1,130,karur_kalam,No,0,130,PhonePe,4,"Amazing bbq stall, must try in this area"
2026-04-19,18:44,Nithya Devi,+91 6245011601,25,Phone Call,Chicken Leg (2 pc),No,2,260,karur_kalam,No,0,260,PhonePe,4,"Chicken leg romba soft ah vekachu irundhuchu, super"
2026-04-19,22:08,Meena M,+91 7621684720,,Walk-in,Chicken Wings (5 pc),No,1,130,karur_kalam,Yes,13,117,PhonePe,3,
2026-04-19,21:43,Karthik R,+91 8686429617,26,Walk-in,Chicken Leg (2 pc),No,1,130,karur_kalam,No,0,130,PhonePe,5,
2026-04-19,19:36,Rajesh,+91 6422842102,,Phone Call,Chicken Lollipop (4 pc),No,2,260,karur_kalam,Yes,26,234,PhonePe,3,"Not bad, but waiting time konjam adhigama irundhuchu"
2026-04-19,17:33,Ramesh Raj,+91 7114078136,57,Walk-in,Chicken Lollipop (4 pc),No,1,130,karur_kalam,No,0,130,Cash,4,"Nalla crispy ah irundhuchu, quantity um super"
2026-04-19,19:50,,+91 7470649222,35,Walk-in,Chicken Leg (2 pc),No,1,130,karur_kalam,No,0,130,PhonePe,5,Very tasty and quick service too
2026-04-19,19:25,Sivakumar R,+91 8902787429,42,Phone Call,Chicken Wings (5 pc),No,1,130,karur_kalam,No,0,130,GPay,,"Kalakalappa irundhuchu, next time friends oda varen"
2026-04-19,20:45,Vidya,+91 6489325288,15,Phone Call,Chicken Lollipop (4 pc),No,1,130,karur_kalam,No,0,130,GPay,,
2026-04-19,22:45,Mary Devi,+91 8053773515,49,Phone Call,Chicken Leg (2 pc),No,1,130,karur_kalam,No,0,130,PhonePe,,"Wings semma crispy ah irundhuchu, thanks anna"
2026-04-19,19:44,Anand Devi,+91 9737826398,23,Phone Call,Chicken Lollipop (4 pc),No,2,260,karur_kalam,No,0,260,GPay,3,"Decent taste, price sari than"
2026-04-19,21:21,Arun Babu,+91 8940781618,33,Walk-in,Chicken Leg (2 pc),No,1,130,karur_kalam,Yes,13,117,GPay,,"Best chicken lollipop I've had, will come again"
2026-04-19,19:13,Sivakumar,+91 7856543102,46,Phone Call,Chicken Lollipop (4 pc),No,1,130,karur_kalam,Yes,13,117,GPay,,"Super spicy and juicy, best bbq in area"
2026-04-19,22:21,Priya Kumar,+91 8283644089,26,Phone Call,Chicken Lollipop (4 pc),No,1,130,karur_kalam,No,0,130,Cash,2,"Konjam over cooked ah irundhuchu, disappointed"
2026-04-19,21:23,Anand,+91 7942208595,,Walk-in,Chicken Lollipop (4 pc),No,1,130,karur_kalam,No,0,130,PhonePe,,"Super spicy and juicy, best bbq in area"
2026-04-19,19:02,Nithya Babu,+91 9120826773,,Walk-in,Chicken Wings (5 pc),No,2,260,karur_kalam,No,0,260,PhonePe,,"Great value for money, fresh and hot"
2026-04-19,19:56,Murugan Babu,+91 7058527722,19,Walk-in,Chicken Wings (5 pc),No,1,130,karur_kalam,Yes,13,117,GPay,4,"Kalakalappa irundhuchu, next time friends oda varen"
2026-04-19,18:53,Lakshmi,+91 8811146872,39,Walk-in,Chicken Wings (5 pc),No,1,130,karur_kalam,Yes,13,117,Cash,,
2026-04-19,18:55,Revathi Babu,+91 6783908470,18,Phone Call,Chicken Wings (5 pc),No,1,130,karur_kalam,No,0,130,Cash,4,"Best chicken lollipop I've had, will come again"
2026-04-19,21:11,Priya Raj,+91 6193802620,40,Phone Call,Chicken Lollipop (4 pc),No,1,130,karur_kalam,No,0,130,Paytm,5,"Super spicy and juicy, best bbq in area"
2026-04-19,21:35,Rajesh M,+91 9504773586,42,Phone Call,Chicken Wings (5 pc),No,1,130,karur_kalam,No,0,130,Cash,4,"Super spicy and juicy, best bbq in area"
2026-04-19,21:12,Kavya,+91 8936899809,57,Phone Call,Chicken Leg (2 pc),No,1,130,karur_kalam,No,0,130,Paytm,2,"Waiting time mikka adhigama irundhuchu, service slow"
2026-04-19,20:21,Selvam,+91 9400524278,60,Phone Call,Chicken Leg (2 pc),No,1,130,karur_kalam,No,0,130,GPay,5,"Loved the combo, perfect spice level"
2026-04-19,18:43,Divya,+91 7358790507,28,Walk-in,Chicken Leg (2 pc),No,1,130,karur_kalam,Yes,13,117,Cash,5,"Semma taste bro, chicken romba soft ah irundhuchu"
2026-04-19,20:25,Farhan,+91 6838425135,33,Phone Call,Chicken Wings (5 pc),No,1,130,karur_kalam,No,0,130,PhonePe,3,"Taste romba pramadham illa, sagalama irundhuchu"
2026-04-19,21:12,Meena,+91 7606474687,24,Phone Call,Chicken Leg (2 pc),No,1,130,karur_kalam,No,0,130,PhonePe,4,
2026-04-19,19:26,Manoj,+91 9567661825,,Phone Call,Chicken Leg (2 pc),No,2,260,karur_kalam,No,0,260,,5,"Excellent flavour, family panindhalum enjoy pannanga"
2026-04-19,17:15,Rajesh,+91 6818835523,21,Walk-in,Chicken Wings (5 pc),No,1,130,karur_kalam,No,0,130,Cash,4,"Amazing bbq stall, must try in this area"
2026-04-19,20:55,Bala Kumar,+91 8068843939,,Walk-in,Chicken Leg (2 pc),No,1,130,karur_kalam,No,0,130,Cash,5,
2026-04-19,21:51,Harish M,+91 8527177449,,Phone Call,Chicken Lollipop (4 pc),No,1,130,karur_kalam,No,0,130,GPay,5,"Freshly grilled and juicy, highly recommend"
2026-04-19,20:57,Abdul Kareem Devi,+91 9592799481,55,Walk-in,Chicken Wings (5 pc),No,1,130,karur_kalam,No,0,130,Paytm,5,"Vera level taste, oru sight ah irundhuchu"
2026-04-19,21:51,Saravanan M,+91 8136447729,21,Walk-in,Chicken Lollipop (4 pc),No,1,130,karur_kalam,Yes,13,117,Cash,4,"Vera level taste, oru sight ah irundhuchu"
2026-04-19,22:11,Saravanan Prasad,+91 7588284427,22,Walk-in,Chicken Wings (5 pc),No,1,130,karur_kalam,No,0,130,Cash,4,"Semma taste bro, chicken romba soft ah irundhuchu"
2026-04-19,21:41,Sowmya Raj,+91 8756365183,45,Walk-in,Chicken Wings (5 pc),No,1,130,karur_kalam,Yes,13,117,PhonePe,4,
2026-04-19,17:23,Karthik Kumar,+91 8813979519,58,Walk-in,Chicken Leg (2 pc),No,1,130,karur_kalam,No,0,130,Cash,5,"Kalakalappa irundhuchu, next time friends oda varen"
2026-04-19,19:20,Farhan R,+91 8522929770,26,Walk-in,Chicken Lollipop (4 pc),No,1,130,karur_kalam,No,0,130,GPay,4,"Excellent flavour, family panindhalum enjoy pannanga"
2026-04-19,20:47,Elango Prasad,+91 7912989673,30,Walk-in,Chicken Leg (2 pc),No,1,130,karur_kalam,No,0,130,Cash,5,
2026-04-19,18:38,Vidya Devi,+91 9908740640,28,Phone Call,Chicken Lollipop (4 pc),No,1,130,karur_kalam,No,0,130,PhonePe,5,
2026-04-19,19:31,Gopal R,+91 7655110475,32,Phone Call,Chicken Leg (2 pc),No,1,130,karur_kalam,No,0,130,GPay,4,"Excellent flavour, family panindhalum enjoy pannanga"
2026-04-19,19:20,Deepa R,+91 6268717584,16,Walk-in,Chicken Lollipop (4 pc),No,1,130,karur_kalam,No,0,130,GPay,,"Super spicy and juicy, best bbq in area"
2026-04-19,21:50,Bala S,+91 6988516560,33,Walk-in,Chicken Lollipop (4 pc),No,1,130,karur_kalam,Yes,13,117,PhonePe,4,"Vera level taste, oru sight ah irundhuchu"
2026-04-19,17:01,Ramesh Prasad,+91 7715518844,,Phone Call,Chicken Lollipop (4 pc),No,1,130,karur_kalam,No,0,130,,5,"Kalakalappa irundhuchu, next time friends oda varen"
2026-04-20,19:54,Joseph Kumar,+91 8714345581,23,Phone Call,Chicken Wings (5 pc),No,1,130,karur_kalam,No,0,130,,,
2026-04-20,20:20,Fathima R,+91 7015811308,56,Walk-in,Chicken Leg (2 pc),No,1,130,karur_kalam,No,0,130,PhonePe,4,
2026-04-20,19:00,Dinesh Raj,+91 8089607137,39,Walk-in,Chicken Wings (5 pc),No,2,260,karur_kalam,No,0,260,PhonePe,4,"Freshly grilled and juicy, highly recommend"
2026-04-20,21:42,Swathi,+91 6812191361,,Walk-in,Chicken Wings (5 pc),No,1,130,karur_kalam,No,0,130,PhonePe,,"It was fine, nothing special"
2026-04-20,22:05,Farhan Kumar,+91 8317324615,57,Walk-in,Chicken Wings (5 pc),No,1,130,karur_kalam,No,0,130,Cash,3,
2026-04-20,18:46,Farhan Devi,+91 7185188888,16,Walk-in,Chicken Wings (5 pc),No,2,260,karur_kalam,No,0,260,Cash,4,"Freshly grilled and juicy, highly recommend"
2026-04-20,17:38,Abdul Kareem,+91 7992299590,16,Phone Call,Chicken Leg (2 pc),No,1,130,karur_kalam,No,0,130,GPay,,"Excellent flavour, family panindhalum enjoy pannanga"
2026-04-20,20:38,Kumar,+91 8953278774,46,Walk-in,Chicken Lollipop (4 pc),No,1,130,karur_kalam,No,0,130,PhonePe,5,"Chicken leg romba soft ah vekachu irundhuchu, super"
2026-04-20,22:35,Vidya Raj,+91 8902307714,,Walk-in,Chicken Leg (2 pc),No,1,130,karur_kalam,No,0,130,Card,4,"Freshly grilled and juicy, highly recommend"
2026-04-20,20:16,Ramesh,+91 6898137801,22,Walk-in,Chicken Wings (5 pc),No,1,130,karur_kalam,Yes,13,117,Cash,4,"Excellent flavour, family panindhalum enjoy pannanga"
2026-04-20,22:00,Dinesh K,+91 9401489025,16,Phone Call,Chicken Leg (2 pc),No,1,130,karur_kalam,No,0,130,Cash,,"It was fine, nothing special"
2026-04-20,20:55,Suresh R,+91 7654145868,36,Walk-in,Chicken Leg (2 pc),No,2,260,karur_kalam,Yes,26,234,GPay,4,
2026-04-20,20:04,Naveen Kumar,+91 9722285569,58,Walk-in,Chicken Wings (5 pc),No,1,130,karur_kalam,No,0,130,Cash,5,
2026-04-20,22:14,Pradeep,+91 6377731102,,Phone Call,Chicken Lollipop (4 pc),No,1,130,karur_kalam,No,0,130,GPay,3,"Decent taste, price sari than"
2026-04-20,21:30,Kumar R,+91 8569092755,43,Walk-in,Chicken Leg (2 pc),No,1,130,karur_kalam,No,0,130,PhonePe,,
2026-04-20,20:26,Prakash,+91 6760595587,17,Walk-in,Chicken Leg (2 pc),No,1,130,karur_kalam,No,0,130,GPay,4,"Kalakalappa irundhuchu, next time friends oda varen"
2026-04-20,22:50,Meena Prasad,+91 7341016668,,Phone Call,Chicken Leg (2 pc),No,1,130,karur_kalam,No,0,130,GPay,5,
2026-04-20,20:43,Anand M,+91 8698478961,59,Phone Call,Chicken Lollipop (4 pc),No,1,130,karur_kalam,No,0,130,GPay,5,
2026-04-20,19:25,Lakshmi,+91 7930103105,19,Phone Call,Chicken Lollipop (4 pc),No,1,130,karur_kalam,No,0,130,PhonePe,4,
2026-04-20,19:08,Revathi S,+91 6080132677,,Walk-in,Chicken Wings (5 pc),No,2,260,karur_kalam,No,0,260,Cash,5,"Best chicken lollipop I've had, will come again"
2026-04-20,18:01,Anitha M,+91 8406409097,33,Walk-in,Chicken Wings (5 pc),No,2,260,karur_kalam,No,0,260,Cash,5,"Kalakalappa irundhuchu, next time friends oda varen"
2026-04-20,18:47,Pradeep K,+91 9417000337,,Walk-in,Chicken Wings (5 pc),No,1,130,karur_kalam,Yes,13,117,PhonePe,5,"Amazing bbq stall, must try in this area"
2026-04-20,20:40,Mary,+91 7431611724,16,Walk-in,Chicken Lollipop (4 pc),No,1,130,karur_kalam,No,0,130,GPay,5,Very tasty and quick service too
2026-04-20,20:50,Sowmya Babu,+91 7087722696,40,Walk-in,Chicken Lollipop (4 pc),No,1,130,karur_kalam,No,0,130,PhonePe,4,"Ultimate taste anna, naa daily varen"
2026-04-20,19:27,Sowmya Raj,+91 6345054156,40,Phone Call,Chicken Wings (5 pc),No,1,130,karur_kalam,No,0,130,PhonePe,4,"Super spicy and juicy, best bbq in area"
2026-04-20,17:37,Anitha S,+91 6995604661,50,Walk-in,Chicken Lollipop (4 pc),No,1,130,karur_kalam,No,0,130,Cash,4,"Loved the combo, perfect spice level"
2026-04-20,17:02,Ravi S,+91 8471332581,59,Walk-in,Chicken Lollipop (4 pc),No,2,260,karur_kalam,No,0,260,Cash,4,"Vera level taste, oru sight ah irundhuchu"
2026-04-20,20:00,Deepa S,+91 6112805982,42,Phone Call,Chicken Leg (2 pc),No,1,130,karur_kalam,No,0,130,PhonePe,4,"Kalakalappa irundhuchu, next time friends oda varen"
2026-04-20,22:58,,+91 8902787429,,Phone Call,Chicken Wings (5 pc),No,1,130,karur_kalam,No,0,130,Cash,4,"Semma taste bro, chicken romba soft ah irundhuchu"
2026-04-20,22:24,Abdul Kareem,+91 7992299590,16,Phone Call,Chicken Wings (5 pc),No,1,130,karur_kalam,No,0,130,GPay,3,"It was fine, nothing special"
2026-04-20,20:11,Dinesh S,+91 7465787133,19,Phone Call,Chicken Lollipop (4 pc),No,1,130,karur_kalam,No,0,130,GPay,5,"Vera level taste, oru sight ah irundhuchu"
2026-04-20,19:50,John R,+91 6241521219,30,Walk-in,Chicken Leg (2 pc),No,2,260,karur_kalam,No,0,260,Cash,3,"Decent taste, price sari than"
2026-04-20,22:41,Manoj,+91 9567661825,22,Phone Call,Chicken Leg (2 pc),No,2,260,karur_kalam,No,0,260,Paytm,4,
2026-04-20,19:45,John Raj,+91 6376494133,16,Phone Call,Chicken Lollipop (4 pc),No,1,130,karur_kalam,No,0,130,PhonePe,4,"Amazing bbq stall, must try in this area"
2026-04-20,19:12,Ayesha Raj,+91 9474367136,51,Walk-in,Chicken Leg (2 pc),No,1,130,karur_kalam,No,0,130,Cash,5,
2026-04-20,18:04,Swathi Prasad,+91 7982595269,,Phone Call,Chicken Leg (2 pc),No,1,130,karur_kalam,No,0,130,PhonePe,,"Super spicy and juicy, best bbq in area"
2026-04-21,20:37,Selvam S,+91 7135221111,48,Walk-in,Chicken Lollipop (4 pc),No,1,130,karur_kalam,No,0,130,PhonePe,5,"Excellent flavour, family panindhalum enjoy pannanga"
2026-04-21,22:51,John,+91 9020828968,,Walk-in,Chicken Lollipop (4 pc),No,1,130,karur_kalam,Yes,13,117,Cash,3,"Average, expected more spice"
2026-04-21,19:35,Nithya S,+91 7634351751,49,Phone Call,Chicken Lollipop (4 pc),No,1,130,karur_kalam,No,0,130,GPay,,
2026-04-21,19:32,,+91 9193745299,,Phone Call,Chicken Lollipop (4 pc),No,1,130,karur_kalam,No,0,130,PhonePe,5,
2026-04-21,22:59,Karthik R,+91 6845146270,,Phone Call,Chicken Wings (5 pc),No,1,130,karur_kalam,No,0,130,PhonePe,5,
2026-04-21,20:06,Murugan Babu,+91 7058527722,19,Phone Call,Chicken Wings (5 pc),No,1,130,karur_kalam,No,0,130,PhonePe,5,"Chicken leg romba soft ah vekachu irundhuchu, super"
2026-04-21,22:17,Murugan S,+91 7449353487,31,Walk-in,Chicken Leg (2 pc),No,1,130,karur_kalam,No,0,130,PhonePe,5,"Chicken leg romba soft ah vekachu irundhuchu, super"
2026-04-21,17:58,Bala S,+91 6988516560,33,Phone Call,Chicken Leg (2 pc),No,1,130,karur_kalam,No,0,130,GPay,,"Freshly grilled and juicy, highly recommend"
2026-04-21,20:38,Ayesha Babu,+91 9947055169,34,Walk-in,Chicken Leg (2 pc),No,2,260,karur_kalam,No,0,260,GPay,4,"Freshly grilled and juicy, highly recommend"
2026-04-21,20:57,Pradeep Babu,+91 7462475107,54,Walk-in,Chicken Wings (5 pc),No,1,130,karur_kalam,No,0,130,Cash,,"Too salty, not up to the mark today"
2026-04-21,21:04,Manoj,+91 8094436048,,Walk-in,Chicken Lollipop (4 pc),No,1,130,karur_kalam,No,0,130,GPay,4,
2026-04-21,20:40,Vijay Kumar,+91 9506068536,20,Phone Call,Chicken Wings (5 pc),No,1,130,karur_kalam,No,0,130,GPay,4,
2026-04-21,21:16,Vijay,+91 8396907844,45,Phone Call,Chicken Wings (5 pc),No,1,130,karur_kalam,No,0,130,GPay,5,
2026-04-21,21:49,Kalaivani,+91 9535560932,16,Phone Call,Chicken Leg (2 pc),No,1,130,karur_kalam,Yes,13,117,GPay,5,"Freshly grilled and juicy, highly recommend"
2026-04-21,19:47,Aishwarya Raj,+91 9807154516,47,Walk-in,Chicken Leg (2 pc),No,2,260,karur_kalam,No,0,260,Card,4,"Best chicken lollipop I've had, will come again"
2026-04-21,21:08,Priya,+91 9323107857,45,Walk-in,Chicken Wings (5 pc),No,1,130,karur_kalam,No,0,130,Cash,4,"Wings semma crispy ah irundhuchu, thanks anna"
2026-04-21,20:18,Harish M,+91 8527177449,18,Walk-in,Chicken Wings (5 pc),No,1,130,karur_kalam,No,0,130,PhonePe,4,
2026-04-21,20:27,Bala Prasad,+91 6513194828,,Walk-in,Chicken Wings (5 pc),No,1,130,karur_kalam,No,0,130,Cash,,"Kalakalappa irundhuchu, next time friends oda varen"
2026-04-21,21:41,Priya Raj,+91 9374571472,43,Walk-in,Chicken Leg (2 pc),No,1,130,karur_kalam,No,0,130,Cash,5,"Loved the combo, perfect spice level"
2026-04-21,22:48,Saravanan Raj,+91 9840369003,34,Walk-in,Chicken Lollipop (4 pc),No,1,130,karur_kalam,No,0,130,Cash,5,
2026-04-21,19:08,,+91 6458861364,27,Walk-in,Chicken Leg (2 pc),No,1,130,karur_kalam,No,0,130,Card,,Very tasty and quick service too
2026-04-21,21:38,Prakash R,+91 7691669784,50,Phone Call,Chicken Leg (2 pc),No,1,130,karur_kalam,No,0,130,Paytm,4,
2026-04-21,20:52,Yazhini R,+91 9582029702,,Phone Call,Chicken Leg (2 pc),No,1,130,karur_kalam,No,0,130,PhonePe,4,
2026-04-21,22:15,Rajesh K,+91 9989097892,,Walk-in,Chicken Leg (2 pc),No,1,130,karur_kalam,No,0,130,Cash,5,"Ultimate taste anna, naa daily varen"
2026-04-21,22:24,John Devi,+91 7229270653,43,Phone Call,Chicken Lollipop (4 pc),No,2,260,karur_kalam,No,0,260,Cash,3,
2026-04-21,21:23,Elango K,+91 7250546788,57,Walk-in,Chicken Leg (2 pc),No,1,130,karur_kalam,No,0,130,Cash,5,"Chicken leg romba soft ah vekachu irundhuchu, super"
2026-04-21,21:06,Pradeep Devi,+91 7757059640,,Phone Call,Chicken Leg (2 pc),No,1,130,karur_kalam,No,0,130,PhonePe,4,Very tasty and quick service too
2026-04-21,20:18,Naveen,+91 9841459332,45,Walk-in,Chicken Leg (2 pc),No,1,130,karur_kalam,No,0,130,Cash,,"Freshly grilled and juicy, highly recommend"
2026-04-21,18:09,,+91 6574733848,59,Walk-in,Chicken Wings (5 pc),No,1,130,karur_kalam,No,0,130,Paytm,4,"Loved the combo, perfect spice level"
2026-04-21,22:05,,+91 7734670656,25,Walk-in,Chicken Lollipop (4 pc),No,1,130,karur_kalam,No,0,130,GPay,4,"Semma taste bro, chicken romba soft ah irundhuchu"
2026-04-21,22:23,Ayesha Raj,+91 6265423511,39,Phone Call,Chicken Leg (2 pc),No,1,130,karur_kalam,No,0,130,GPay,4,
2026-04-21,20:17,Sivakumar,+91 6822449130,55,Walk-in,Chicken Wings (5 pc),No,1,130,karur_kalam,No,0,130,GPay,3,"Taste romba pramadham illa, sagalama irundhuchu"
2026-04-21,17:15,Anand,+91 8118222413,57,Walk-in,Chicken Lollipop (4 pc),No,1,130,karur_kalam,No,0,130,Cash,3,"It was fine, nothing special"
2026-04-21,18:06,Rajesh M,+91 9504773586,42,Phone Call,Chicken Lollipop (4 pc),No,2,260,karur_kalam,No,0,260,GPay,3,
2026-04-21,21:59,,+91 8321059784,57,Walk-in,Chicken Wings (5 pc),No,1,130,karur_kalam,No,0,130,GPay,5,"Chicken leg romba soft ah vekachu irundhuchu, super"
2026-04-21,19:01,Kumar M,+91 7622444721,25,Phone Call,Chicken Leg (2 pc),No,1,130,karur_kalam,No,0,130,Cash,5,Very tasty and quick service too
2026-04-21,20:01,Elango,+91 9701410488,23,Walk-in,Chicken Lollipop (4 pc),No,1,130,karur_kalam,No,0,130,Paytm,4,"Freshly grilled and juicy, highly recommend"
2026-04-21,19:23,,+91 9870568566,24,Phone Call,Chicken Lollipop (4 pc),No,1,130,karur_kalam,No,0,130,GPay,5,"Freshly grilled and juicy, highly recommend"
2026-04-21,21:57,Gowtham Babu,+91 9139718707,23,Phone Call,Chicken Lollipop (4 pc),No,1,130,karur_kalam,No,0,130,GPay,,"Amazing bbq stall, must try in this area"
2026-04-21,19:40,Kumar R,+91 8569092755,43,Walk-in,Chicken Leg (2 pc),No,1,130,karur_kalam,No,0,130,PhonePe,,"Best chicken lollipop I've had, will come again"
2026-04-21,18:59,Murugan Babu,+91 7058527722,19,Phone Call,Chicken Wings (5 pc),No,1,130,karur_kalam,No,0,130,Cash,5,"Chicken leg romba soft ah vekachu irundhuchu, super"
2026-04-21,20:20,Elango K,+91 7561595148,34,Walk-in,Chicken Lollipop (4 pc),No,1,130,karur_kalam,No,0,130,Card,3,Quantity konjam kammiya irundhuchu but taste okay
2026-04-22,18:28,Joseph M,+91 8931034131,,Phone Call,Chicken Leg (2 pc),No,1,130,karur_kalam,No,0,130,PhonePe,4,"Chicken leg romba soft ah vekachu irundhuchu, super"
2026-04-22,18:36,Abdul Kareem,+91 7992299590,16,Phone Call,Chicken Wings (5 pc),No,1,130,karur_kalam,No,0,130,,,"Chicken leg romba soft ah vekachu irundhuchu, super"
2026-04-22,20:32,Ravi Devi,+91 8375564641,45,Phone Call,Chicken Wings (5 pc),No,2,260,karur_kalam,No,0,260,Cash,5,
2026-04-22,19:21,Joseph R,+91 9870568566,24,Walk-in,Chicken Lollipop (4 pc),No,2,260,karur_kalam,No,0,260,GPay,4,"Kalakalappa irundhuchu, next time friends oda varen"
2026-04-22,19:16,Vidya Raj,+91 7474517123,58,Walk-in,Chicken Lollipop (4 pc),No,1,130,karur_kalam,No,0,130,GPay,5,"Chicken leg romba soft ah vekachu irundhuchu, super"
2026-04-22,20:46,Ravi K,+91 7054932966,47,Phone Call,Chicken Leg (2 pc),No,2,260,karur_kalam,No,0,260,PhonePe,5,"Vera level taste, oru sight ah irundhuchu"
2026-04-22,20:29,Vijay,+91 7117949442,26,Walk-in,Chicken Lollipop (4 pc),No,1,130,karur_kalam,No,0,130,Cash,4,"Ultimate taste anna, naa daily varen"
2026-04-22,21:19,Sivakumar R,+91 8902787429,,Walk-in,Chicken Leg (2 pc),No,1,130,karur_kalam,No,0,130,GPay,,"Freshly grilled and juicy, highly recommend"
2026-04-22,21:36,Elango S,+91 9872774348,46,Phone Call,Chicken Wings (5 pc),No,1,130,karur_kalam,No,0,130,Card,,"Semma taste bro, chicken romba soft ah irundhuchu"
2026-04-22,20:52,Ayesha K,+91 8623116655,39,Walk-in,Chicken Leg (2 pc),No,1,130,karur_kalam,No,0,130,Cash,,"Chicken leg romba soft ah vekachu irundhuchu, super"
2026-04-22,19:25,Anand S,+91 7477109324,50,Walk-in,Chicken Leg (2 pc),No,1,130,karur_kalam,Yes,13,117,Card,5,"Freshly grilled and juicy, highly recommend"
2026-04-22,18:48,Yazhini Devi,+91 8648236629,51,Phone Call,Chicken Wings (5 pc),No,2,260,karur_kalam,No,0,260,GPay,,"It was fine, nothing special"
2026-04-22,19:52,Deepa Babu,+91 9657640633,39,Walk-in,Chicken Wings (5 pc),No,1,130,karur_kalam,No,0,130,Cash,4,"Super spicy and juicy, best bbq in area"
2026-04-22,20:18,,+91 9234436928,35,Walk-in,Chicken Wings (5 pc),No,1,130,karur_kalam,Yes,13,117,Card,4,"Kalakalappa irundhuchu, next time friends oda varen"
2026-04-22,19:49,Ayesha,+91 6651801704,,Phone Call,Chicken Wings (5 pc),No,1,130,karur_kalam,No,0,130,Paytm,3,"Decent taste, price sari than"
2026-04-22,20:23,Murugan Babu,+91 7058527722,19,Phone Call,Chicken Wings (5 pc),No,1,130,karur_kalam,No,0,130,PhonePe,5,
2026-04-22,18:49,Divya Raj,+91 9608576460,28,Walk-in,Chicken Wings (5 pc),No,1,130,karur_kalam,No,0,130,Paytm,,
2026-04-22,18:43,Prakash,+91 9366566739,18,Walk-in,Chicken Lollipop (4 pc),No,2,260,karur_kalam,No,0,260,GPay,5,
2026-04-22,18:58,Kalaivani K,+91 9657164022,40,Phone Call,Chicken Leg (2 pc),No,1,130,karur_kalam,Yes,13,117,PhonePe,5,"Kalakalappa irundhuchu, next time friends oda varen"
2026-04-22,21:35,,+91 9648261481,16,Walk-in,Chicken Leg (2 pc),No,1,130,karur_kalam,No,0,130,GPay,,
2026-04-22,18:53,Deepa S,+91 6112805982,42,Walk-in,Chicken Lollipop (4 pc),No,1,130,karur_kalam,No,0,130,Cash,5,"Loved the combo, perfect spice level"
2026-04-22,20:26,Revathi Babu,+91 6783908470,18,Phone Call,Chicken Wings (5 pc),No,1,130,karur_kalam,No,0,130,GPay,5,
2026-04-22,21:59,Ramesh Prasad,+91 7715518844,,Walk-in,Chicken Wings (5 pc),No,1,130,karur_kalam,No,0,130,GPay,4,"Wings semma crispy ah irundhuchu, thanks anna"
2026-04-22,19:22,Muthu Devi,+91 6983584168,43,Walk-in,Chicken Wings (5 pc),No,1,130,karur_kalam,No,0,130,Cash,3,Quantity konjam kammiya irundhuchu but taste okay
2026-04-22,19:55,Anand Prasad,+91 8255341928,30,Phone Call,Chicken Lollipop (4 pc),No,1,130,karur_kalam,No,0,130,GPay,5,"Great value for money, fresh and hot"
2026-04-22,20:21,Gowtham Raj,+91 7871389927,51,Walk-in,Chicken Leg (2 pc),No,1,130,karur_kalam,No,0,130,PhonePe,4,"Vera level taste, oru sight ah irundhuchu"
2026-04-22,21:44,Lakshmi,+91 7930103105,19,Walk-in,Chicken Lollipop (4 pc),No,2,260,karur_kalam,No,0,260,Cash,,
2026-04-22,19:53,Elango Devi,+91 9837770143,40,Walk-in,Chicken Leg (2 pc),No,1,130,karur_kalam,No,0,130,Paytm,2,"Konjam over cooked ah irundhuchu, disappointed"
2026-04-22,20:25,Kumar Kumar,+91 6190790306,43,Phone Call,Chicken Wings (5 pc),No,2,260,karur_kalam,No,0,260,GPay,,
2026-04-22,18:11,Ravi K,+91 9965328710,22,Walk-in,Chicken Wings (5 pc),No,1,130,karur_kalam,No,0,130,PhonePe,4,"Best chicken lollipop I've had, will come again"
2026-04-22,22:20,Ravi Devi,+91 8375564641,45,Phone Call,Chicken Leg (2 pc),No,2,260,karur_kalam,No,0,260,Cash,5,"Super spicy and juicy, best bbq in area"
2026-04-22,20:28,Iniya Babu,+91 6643171390,18,Phone Call,Chicken Leg (2 pc),No,1,130,karur_kalam,No,0,130,PhonePe,4,"Loved the combo, perfect spice level"
2026-04-22,20:03,Priya Kumar,+91 8283644089,26,Walk-in,Chicken Lollipop (4 pc),No,1,130,karur_kalam,No,0,130,Cash,3,Quantity konjam kammiya irundhuchu but taste okay
2026-04-22,22:59,Muthu Devi,+91 6983584168,43,Phone Call,Chicken Lollipop (4 pc),No,1,130,karur_kalam,No,0,130,GPay,5,
2026-04-22,18:10,,+91 7673657661,35,Phone Call,Chicken Lollipop (4 pc),No,1,130,karur_kalam,No,0,130,Cash,3,Quantity konjam kammiya irundhuchu but taste okay
2026-04-22,22:12,Vignesh Raj,+91 6244550229,57,Phone Call,Chicken Lollipop (4 pc),No,2,260,karur_kalam,No,0,260,GPay,4,"Semma taste bro, chicken romba soft ah irundhuchu"
2026-04-22,19:58,Swathi K,+91 8191088398,24,Walk-in,Chicken Leg (2 pc),No,1,130,karur_kalam,No,0,130,Paytm,2,
2026-04-22,18:51,Revathi S,+91 9558867533,51,Phone Call,Chicken Lollipop (4 pc),No,1,130,karur_kalam,No,0,130,GPay,5,"Loved the combo, perfect spice level"
2026-04-23,20:28,Elango Prasad,+91 6822782489,,Phone Call,Chicken Leg (2 pc),No,1,130,karur_kalam,No,0,130,GPay,5,"Best chicken lollipop I've had, will come again"
2026-04-23,22:48,Kavya Kumar,+91 6515220472,60,Phone Call,Chicken Leg (2 pc),No,1,130,karur_kalam,No,0,130,GPay,,"It was fine, nothing special"
2026-04-23,20:22,John S,+91 9798079359,45,Phone Call,Chicken Leg (2 pc),No,1,130,karur_kalam,No,0,130,GPay,3,"Okay okay taste, but konjam salt adhigama irundhuchu"
2026-04-23,19:50,Senthil S,+91 7028439599,58,Phone Call,Chicken Wings (5 pc),No,1,130,karur_kalam,No,0,130,PhonePe,5,
2026-04-23,18:02,Priya Kumar,+91 8283644089,26,Phone Call,Chicken Leg (2 pc),No,1,130,karur_kalam,No,0,130,,,
2026-04-23,20:16,Joseph M,+91 8338053634,43,Phone Call,Chicken Leg (2 pc),No,1,130,karur_kalam,No,0,130,GPay,,"Amazing bbq stall, must try in this area"
2026-04-23,17:45,Ayesha,+91 8824914808,43,Walk-in,Chicken Lollipop (4 pc),No,1,130,karur_kalam,No,0,130,GPay,,"Super spicy and juicy, best bbq in area"
2026-04-23,19:26,Divya,+91 8165714178,58,Walk-in,Chicken Wings (5 pc),No,1,130,karur_kalam,No,0,130,Cash,4,Very tasty and quick service too
2026-04-23,18:06,Manoj Babu,+91 9865357866,40,Walk-in,Chicken Leg (2 pc),No,1,130,karur_kalam,No,0,130,Cash,3,Quantity konjam kammiya irundhuchu but taste okay
2026-04-23,22:53,Sowmya M,+91 8418519968,28,Walk-in,Chicken Lollipop (4 pc),No,1,130,karur_kalam,No,0,130,PhonePe,4,
2026-04-23,19:45,John Raj,+91 8198327315,50,Phone Call,Chicken Lollipop (4 pc),No,1,130,karur_kalam,Yes,13,117,GPay,3,"Average, expected more spice"
2026-04-23,19:07,Aishwarya Babu,+91 6162596971,,Walk-in,Chicken Lollipop (4 pc),No,1,130,karur_kalam,No,0,130,GPay,3,"It was fine, nothing special"
2026-04-23,21:05,Sowmya Devi,+91 9177115921,23,Phone Call,Chicken Lollipop (4 pc),No,1,130,karur_kalam,Yes,13,117,GPay,5,"Loved the combo, perfect spice level"
2026-04-23,21:59,Anand K,+91 8026083588,51,Walk-in,Chicken Wings (5 pc),No,1,130,karur_kalam,No,0,130,Cash,5,"Best chicken lollipop I've had, will come again"
2026-04-23,20:48,Joseph Raj,+91 7876756753,48,Walk-in,Chicken Wings (5 pc),No,1,130,karur_kalam,No,0,130,Cash,4,
2026-04-23,20:19,Joseph Kumar,+91 8714345581,23,Walk-in,Chicken Leg (2 pc),No,1,130,karur_kalam,No,0,130,Cash,5,
2026-04-23,19:42,Prakash Raj,+91 7292127799,43,Phone Call,Chicken Wings (5 pc),No,1,130,karur_kalam,No,0,130,Cash,4,
2026-04-23,19:02,Prakash,+91 7875099770,,Walk-in,Chicken Wings (5 pc),No,1,130,karur_kalam,No,0,130,Paytm,5,"Great value for money, fresh and hot"
2026-04-23,19:22,Prakash,+91 7256244376,,Phone Call,Chicken Lollipop (4 pc),No,1,130,karur_kalam,No,0,130,Cash,5,"Kalakalappa irundhuchu, next time friends oda varen"
2026-04-23,22:23,John Babu,+91 9015430391,20,Phone Call,Chicken Leg (2 pc),No,2,260,karur_kalam,No,0,260,Paytm,,"Okay okay taste, but konjam salt adhigama irundhuchu"
2026-04-23,17:35,Revathi S,+91 8371171856,54,Walk-in,Chicken Wings (5 pc),No,2,260,karur_kalam,Yes,26,234,PhonePe,,
2026-04-23,17:03,Bala Kumar,+91 7784087195,,Walk-in,Chicken Wings (5 pc),No,1,130,karur_kalam,Yes,13,117,PhonePe,5,
2026-04-23,19:13,Muthu Devi,+91 8685900370,49,Walk-in,Chicken Wings (5 pc),No,1,130,karur_kalam,No,0,130,Card,5,"Amazing bbq stall, must try in this area"
2026-04-23,21:57,John Devi,+91 7229270653,43,Walk-in,Chicken Lollipop (4 pc),No,1,130,karur_kalam,No,0,130,Cash,5,"Wings semma crispy ah irundhuchu, thanks anna"
2026-04-23,18:32,Nithya K,+91 7926692362,18,Walk-in,Chicken Wings (5 pc),No,1,130,karur_kalam,No,0,130,PhonePe,5,"Best chicken lollipop I've had, will come again"
2026-04-23,19:33,Suresh R,+91 7654145868,36,Walk-in,Chicken Lollipop (4 pc),No,1,130,karur_kalam,No,0,130,Cash,,"Taste romba pramadham illa, sagalama irundhuchu"
2026-04-23,19:58,John Devi,+91 7229270653,43,Phone Call,Chicken Leg (2 pc),No,1,130,karur_kalam,No,0,130,PhonePe,,"Loved the combo, perfect spice level"
2026-04-23,20:29,John S,+91 9813391723,23,Walk-in,Chicken Leg (2 pc),No,1,130,karur_kalam,No,0,130,Cash,,
2026-04-23,21:46,Dhanush Raj,+91 6547553241,27,Walk-in,Chicken Wings (5 pc),No,1,130,karur_kalam,No,0,130,Cash,5,
2026-04-23,19:13,,+91 6838425135,33,Phone Call,Chicken Wings (5 pc),No,1,130,karur_kalam,No,0,130,GPay,4,
2026-04-23,19:10,,+91 9850542357,27,Walk-in,Chicken Lollipop (4 pc),No,1,130,karur_kalam,No,0,130,GPay,3,
2026-04-23,22:20,Pradeep Devi,+91 7757059640,19,Walk-in,Chicken Wings (5 pc),No,1,130,karur_kalam,No,0,130,Cash,5,
2026-04-23,18:19,Sivakumar,+91 7856543102,,Phone Call,Chicken Wings (5 pc),No,2,260,karur_kalam,Yes,26,234,GPay,3,
2026-04-23,22:24,Pradeep M,+91 9064013748,51,Walk-in,Chicken Lollipop (4 pc),No,1,130,karur_kalam,No,0,130,PhonePe,4,Very tasty and quick service too
2026-04-23,20:38,Joseph M,+91 7180447940,35,Walk-in,Chicken Leg (2 pc),No,1,130,karur_kalam,Yes,13,117,Cash,5,"Kalakalappa irundhuchu, next time friends oda varen"
2026-04-23,20:47,Kalaivani,+91 9105009171,54,Walk-in,Chicken Lollipop (4 pc),No,1,130,karur_kalam,No,0,130,Cash,4,"Nalla crispy ah irundhuchu, quantity um super"
2026-04-23,22:04,Sowmya Kumar,+91 8403317393,40,Phone Call,Chicken Wings (5 pc),No,1,130,karur_kalam,No,0,130,GPay,3,"It was fine, nothing special"
2026-04-23,21:54,Gopal R,+91 7655110475,32,Walk-in,Chicken Leg (2 pc),No,1,130,karur_kalam,No,0,130,GPay,,
2026-04-23,19:41,Pradeep Prasad,+91 8719887230,58,Walk-in,Chicken Wings (5 pc),No,1,130,karur_kalam,No,0,130,PhonePe,,"Great value for money, fresh and hot"
2026-04-23,19:05,Dinesh,+91 7064620667,26,Walk-in,Chicken Lollipop (4 pc),No,1,130,karur_kalam,No,0,130,GPay,,"Wings semma crispy ah irundhuchu, thanks anna"
2026-04-23,20:44,Harish,+91 7649280315,21,Walk-in,Chicken Lollipop (4 pc),No,1,130,karur_kalam,No,0,130,GPay,,"It was fine, nothing special"
2026-04-23,20:09,Kavya,+91 8936899809,57,Walk-in,Chicken Leg (2 pc),No,1,130,karur_kalam,No,0,130,Cash,4,"Super spicy and juicy, best bbq in area"
2026-04-23,20:52,John R,+91 9480162456,38,Phone Call,Chicken Leg (2 pc),No,1,130,karur_kalam,Yes,13,117,GPay,3,
2026-04-23,22:06,Manoj S,+91 9823004786,49,Phone Call,Chicken Lollipop (4 pc),No,1,130,karur_kalam,No,0,130,Paytm,5,"Chicken leg romba soft ah vekachu irundhuchu, super"
2026-04-24,21:01,Muthu M,+91 6197158085,55,Walk-in,Chicken Wings (5 pc),No,1,130,karur_kalam,Yes,13,117,PhonePe,5,
2026-04-24,22:03,Rajesh M,+91 9504773586,42,Phone Call,Chicken Wings (5 pc),No,1,130,karur_kalam,Yes,13,117,PhonePe,5,
2026-04-24,18:58,Karthik M,+91 8777520471,,Walk-in,Chicken Lollipop (4 pc),No,1,130,karur_kalam,No,0,130,GPay,4,
2026-04-24,19:02,Iniya Babu,+91 6643171390,18,Phone Call,Chicken Lollipop (4 pc),No,1,130,karur_kalam,No,0,130,GPay,4,
2026-04-24,19:55,Meena Prasad,+91 7341016668,45,Phone Call,Chicken Leg (2 pc),No,1,130,karur_kalam,No,0,130,PhonePe,4,
2026-04-24,22:59,Elango R,+91 8750917835,41,Walk-in,Chicken Lollipop (4 pc),No,1,130,karur_kalam,No,0,130,,,
2026-04-24,19:57,Pradeep Kumar,+91 8160607159,42,Phone Call,Chicken Wings (5 pc),No,1,130,karur_kalam,No,0,130,GPay,4,
2026-04-24,21:14,Joseph Kumar,+91 8714345581,23,Phone Call,Chicken Lollipop (4 pc),No,1,130,karur_kalam,No,0,130,Paytm,2,"Konjam over cooked ah irundhuchu, disappointed"
2026-04-24,19:33,Kalaivani S,+91 6078616900,48,Walk-in,Chicken Leg (2 pc),No,1,130,karur_kalam,No,0,130,Cash,4,
2026-04-24,21:39,Gowtham Devi,+91 9263951981,60,Walk-in,Chicken Wings (5 pc),No,1,130,karur_kalam,No,0,130,,4,
2026-04-24,18:15,Mary,+91 9777135899,56,Walk-in,Chicken Wings (5 pc),No,1,130,karur_kalam,No,0,130,Cash,5,"Wings semma crispy ah irundhuchu, thanks anna"
2026-04-24,19:11,Yazhini K,+91 7930907725,50,Walk-in,Chicken Lollipop (4 pc),No,1,130,karur_kalam,No,0,130,Cash,,"Semma taste bro, chicken romba soft ah irundhuchu"
2026-04-24,19:23,Joseph,+91 6433218196,17,Phone Call,Chicken Wings (5 pc),No,1,130,karur_kalam,No,0,130,Cash,,
2026-04-24,19:07,Saravanan Raj,+91 9840369003,34,Phone Call,Chicken Lollipop (4 pc),No,1,130,karur_kalam,No,0,130,Cash,4,
2026-04-24,18:53,Suresh,+91 9873395004,46,Phone Call,Chicken Lollipop (4 pc),No,1,130,karur_kalam,No,0,130,GPay,4,"Ultimate taste anna, naa daily varen"
2026-04-24,17:13,Vignesh Raj,+91 6244550229,57,Walk-in,Chicken Lollipop (4 pc),No,1,130,karur_kalam,No,0,130,PhonePe,2,
2026-04-24,22:45,Anitha M,+91 8406409097,,Phone Call,Chicken Lollipop (4 pc),No,1,130,karur_kalam,No,0,130,Cash,,"Best chicken lollipop I've had, will come again"
2026-04-24,21:06,John S,+91 6893246095,,Walk-in,Chicken Wings (5 pc),No,2,260,karur_kalam,Yes,26,234,PhonePe,2,
2026-04-24,18:21,Deepa R,+91 9957571869,43,Walk-in,Chicken Leg (2 pc),No,1,130,karur_kalam,Yes,13,117,GPay,2,"Konjam over cooked ah irundhuchu, disappointed"
2026-04-24,18:49,Saravanan R,+91 8110817831,,Walk-in,Chicken Wings (5 pc),No,2,260,karur_kalam,No,0,260,GPay,4,"Amazing bbq stall, must try in this area"
2026-04-24,19:01,Kavya Kumar,+91 6515220472,,Walk-in,Chicken Lollipop (4 pc),No,1,130,karur_kalam,No,0,130,GPay,5,"Chicken leg romba soft ah vekachu irundhuchu, super"
2026-04-24,19:34,Pradeep Kumar,+91 8160607159,42,Phone Call,Chicken Lollipop (4 pc),No,1,130,karur_kalam,No,0,130,PhonePe,4,
2026-04-24,21:15,Naveen Kumar,+91 8028855991,,Walk-in,Chicken Leg (2 pc),No,1,130,karur_kalam,No,0,130,GPay,4,"Loved the combo, perfect spice level"
2026-04-24,20:29,Sathish,+91 6073865437,15,Walk-in,Chicken Wings (5 pc),No,1,130,karur_kalam,Yes,13,117,GPay,3,
2026-04-24,17:07,,+91 7487760131,16,Walk-in,Chicken Leg (2 pc),No,1,130,karur_kalam,No,0,130,Cash,,"Wings semma crispy ah irundhuchu, thanks anna"
2026-04-24,17:03,Saravanan K,+91 6684666565,49,Walk-in,Chicken Wings (5 pc),No,1,130,karur_kalam,No,0,130,Paytm,,"Freshly grilled and juicy, highly recommend"
2026-04-24,21:27,Arun Kumar,+91 7387262473,19,Walk-in,Chicken Leg (2 pc),No,1,130,karur_kalam,No,0,130,GPay,3,"Average, expected more spice"
2026-04-24,20:27,Yazhini,+91 6319139683,52,Walk-in,Chicken Wings (5 pc),No,1,130,karur_kalam,No,0,130,GPay,5,"Nalla crispy ah irundhuchu, quantity um super"
2026-04-25,20:52,Arun,+91 7339845461,38,Phone Call,Chicken Lollipop (4 pc),No,1,130,karur_kalam,No,0,130,PhonePe,4,
2026-04-25,22:58,Anand S,+91 7477109324,50,Walk-in,Chicken Leg (2 pc),No,1,130,karur_kalam,No,0,130,Cash,3,"Not bad, but waiting time konjam adhigama irundhuchu"
2026-04-25,18:35,Harish Devi,+91 6412817717,20,Walk-in,Chicken Leg (2 pc),No,1,130,karur_kalam,No,0,130,Cash,4,"Chicken leg romba soft ah vekachu irundhuchu, super"
2026-04-25,19:15,Naveen,+91 8547120073,,Walk-in,Chicken Lollipop (4 pc),No,1,130,karur_kalam,No,0,130,GPay,2,"Konjam over cooked ah irundhuchu, disappointed"
2026-04-25,18:30,Ayesha Babu,+91 6718702621,45,Phone Call,Chicken Leg (2 pc),No,1,130,karur_kalam,No,0,130,GPay,5,"Ultimate taste anna, naa daily varen"
2026-04-25,20:56,Sivakumar S,+91 8991216558,38,Walk-in,Chicken Wings (5 pc),No,2,260,karur_kalam,No,0,260,PhonePe,,
2026-04-25,20:32,Joseph M,+91 8931034131,39,Walk-in,Chicken Lollipop (4 pc),No,1,130,karur_kalam,No,0,130,PhonePe,5,"Ultimate taste anna, naa daily varen"
2026-04-25,18:02,Arun Kumar,+91 7387262473,19,Walk-in,Chicken Lollipop (4 pc),No,2,260,karur_kalam,No,0,260,Cash,2,"Too salty, not up to the mark today"
2026-04-25,22:04,,+91 6190790306,43,Phone Call,Chicken Leg (2 pc),No,2,260,karur_kalam,Yes,26,234,Cash,4,"Nalla crispy ah irundhuchu, quantity um super"
2026-04-25,21:15,Aishwarya Raj,+91 9807154516,47,Walk-in,Chicken Wings (5 pc),No,1,130,karur_kalam,Yes,13,117,PhonePe,5,"Loved the combo, perfect spice level"
2026-04-25,17:35,Murugan,+91 7226025634,25,Phone Call,Chicken Leg (2 pc),No,1,130,karur_kalam,No,0,130,PhonePe,,"Excellent flavour, family panindhalum enjoy pannanga"
2026-04-25,20:24,Selvam S,+91 7172788957,54,Walk-in,Chicken Wings (5 pc),No,1,130,karur_kalam,No,0,130,Paytm,5,
2026-04-25,22:18,Vijay M,+91 6659401399,,Walk-in,Chicken Lollipop (4 pc),No,2,260,karur_kalam,No,0,260,Cash,,"Loved the combo, perfect spice level"
2026-04-25,20:42,Gowtham R,+91 9032227561,46,Walk-in,Chicken Leg (2 pc),No,1,130,karur_kalam,No,0,130,Cash,5,"Amazing bbq stall, must try in this area"
2026-04-25,21:09,Sathish Raj,+91 7098050097,47,Walk-in,Chicken Lollipop (4 pc),No,1,130,karur_kalam,No,0,130,PhonePe,,"Amazing bbq stall, must try in this area"
2026-04-25,18:31,Vignesh Devi,+91 9632016328,44,Walk-in,Chicken Wings (5 pc),No,1,130,karur_kalam,Yes,13,117,PhonePe,5,"Best chicken lollipop I've had, will come again"
2026-04-25,21:38,Revathi R,+91 9797643815,,Phone Call,Chicken Wings (5 pc),No,1,130,karur_kalam,No,0,130,GPay,5,"Vera level taste, oru sight ah irundhuchu"
2026-04-25,20:12,Vignesh Raj,+91 6244550229,57,Walk-in,Chicken Wings (5 pc),No,2,260,karur_kalam,No,0,260,PhonePe,3,
2026-04-25,21:24,Senthil Prasad,+91 8139311653,22,Walk-in,Chicken Leg (2 pc),No,1,130,karur_kalam,Yes,13,117,Cash,5,
2026-04-25,21:45,Vijay Babu,+91 6833335625,36,Walk-in,Chicken Wings (5 pc),No,1,130,karur_kalam,Yes,13,117,Cash,3,Quantity konjam kammiya irundhuchu but taste okay
2026-04-25,20:47,Bala,+91 7201738226,17,Walk-in,Chicken Leg (2 pc),No,1,130,karur_kalam,No,0,130,PhonePe,4,"Wings semma crispy ah irundhuchu, thanks anna"
2026-04-25,20:39,Deepa Babu,+91 8527111161,,Phone Call,Chicken Lollipop (4 pc),No,1,130,karur_kalam,No,0,130,GPay,4,"Excellent flavour, family panindhalum enjoy pannanga"
2026-04-25,20:33,,+91 7028439599,58,Walk-in,Chicken Wings (5 pc),No,1,130,karur_kalam,No,0,130,Cash,5,"Super spicy and juicy, best bbq in area"
2026-04-25,20:25,,+91 9840369003,34,Walk-in,Chicken Leg (2 pc),No,1,130,karur_kalam,No,0,130,Cash,3,"It was fine, nothing special"
2026-04-25,22:21,Sivakumar,+91 9533239691,21,Walk-in,Chicken Lollipop (4 pc),No,1,130,karur_kalam,No,0,130,PhonePe,,"Vera level taste, oru sight ah irundhuchu"
2026-04-25,18:02,John,+91 7965978269,16,Walk-in,Chicken Wings (5 pc),No,2,260,karur_kalam,Yes,26,234,Cash,2,"Waiting time mikka adhigama irundhuchu, service slow"
2026-04-25,17:23,Nithya Babu,+91 9120826773,33,Walk-in,Chicken Wings (5 pc),No,2,260,karur_kalam,No,0,260,Paytm,4,"Best chicken lollipop I've had, will come again"
2026-04-25,19:27,Vidya Devi,+91 9908740640,28,Phone Call,Chicken Lollipop (4 pc),No,1,130,karur_kalam,No,0,130,GPay,4,
2026-04-25,21:00,Gopal K,+91 6607337543,,Walk-in,Chicken Wings (5 pc),No,1,130,karur_kalam,No,0,130,Card,5,"Super spicy and juicy, best bbq in area"
2026-04-25,21:45,Dhanush R,+91 7097766310,18,Walk-in,Chicken Wings (5 pc),No,1,130,karur_kalam,No,0,130,PhonePe,,"Best chicken lollipop I've had, will come again"
2026-04-25,20:17,Gowtham Prasad,+91 6472507623,29,Walk-in,Chicken Leg (2 pc),No,1,130,karur_kalam,No,0,130,Cash,5,"Loved the combo, perfect spice level"
2026-04-25,22:20,Yazhini Raj,+91 7601616876,29,Walk-in,Chicken Leg (2 pc),No,2,260,karur_kalam,No,0,260,Cash,,
2026-04-25,17:36,Ravi K,+91 9965328710,22,Phone Call,Chicken Leg (2 pc),No,1,130,karur_kalam,Yes,13,117,GPay,3,
2026-04-25,19:55,Anitha S,+91 6995604661,50,Phone Call,Chicken Leg (2 pc),No,2,260,karur_kalam,No,0,260,,5,"Great value for money, fresh and hot"
2026-04-25,19:52,Joseph M,+91 8931034131,39,Walk-in,Chicken Lollipop (4 pc),No,1,130,karur_kalam,Yes,13,117,Paytm,5,
2026-04-25,18:01,Kumar,+91 8953278774,46,Phone Call,Chicken Leg (2 pc),No,1,130,karur_kalam,No,0,130,GPay,,"Super spicy and juicy, best bbq in area"
2026-04-25,21:25,Ayesha,+91 7680182422,35,Walk-in,Chicken Leg (2 pc),No,1,130,karur_kalam,No,0,130,Paytm,4,"Excellent flavour, family panindhalum enjoy pannanga"
2026-04-26,20:57,Yazhini K,+91 9124768597,39,Walk-in,Chicken Wings (5 pc),No,1,130,karur_kalam,No,0,130,GPay,5,"Ultimate taste anna, naa daily varen"
2026-04-26,19:24,Divya Kumar,+91 7752431069,16,Walk-in,Chicken Lollipop (4 pc),No,1,130,karur_kalam,No,0,130,Cash,,
2026-04-26,22:47,Lakshmi,+91 9449251925,34,Phone Call,Chicken Leg (2 pc),No,1,130,karur_kalam,No,0,130,PhonePe,4,
2026-04-26,19:04,Divya Kumar,+91 7752431069,16,Walk-in,Chicken Lollipop (4 pc),No,1,130,karur_kalam,Yes,13,117,Paytm,,"Kalakalappa irundhuchu, next time friends oda varen"
2026-04-26,21:12,Yazhini R,+91 9582029702,19,Phone Call,Chicken Wings (5 pc),No,1,130,karur_kalam,No,0,130,Cash,,Very tasty and quick service too
2026-04-26,19:10,Elango,+91 6215323884,18,Walk-in,Chicken Wings (5 pc),No,1,130,karur_kalam,No,0,130,Paytm,4,
2026-04-26,21:17,Harish K,+91 8965137098,35,Phone Call,Chicken Lollipop (4 pc),No,1,130,karur_kalam,No,0,130,GPay,5,
2026-04-26,21:30,Sathish Raj,+91 7098050097,,Phone Call,Chicken Lollipop (4 pc),No,1,130,karur_kalam,Yes,13,117,Paytm,,"Chicken leg romba soft ah vekachu irundhuchu, super"
2026-04-26,17:36,Pradeep Kumar,+91 8160607159,,Phone Call,Chicken Wings (5 pc),No,1,130,karur_kalam,No,0,130,Cash,,
2026-04-26,18:12,Ayesha Raj,+91 9474367136,51,Walk-in,Chicken Wings (5 pc),No,1,130,karur_kalam,No,0,130,PhonePe,4,"Freshly grilled and juicy, highly recommend"
2026-04-26,20:28,Saravanan,+91 8190496631,52,Phone Call,Chicken Leg (2 pc),No,2,260,karur_kalam,No,0,260,Cash,4,"Nalla crispy ah irundhuchu, quantity um super"
2026-04-26,22:41,Pradeep Kumar,+91 8841438424,54,Phone Call,Chicken Lollipop (4 pc),No,1,130,karur_kalam,No,0,130,Cash,4,"Loved the combo, perfect spice level"
2026-04-26,17:41,Sivakumar R,+91 8902787429,42,Walk-in,Chicken Wings (5 pc),No,1,130,karur_kalam,No,0,130,PhonePe,3,"Not bad, but waiting time konjam adhigama irundhuchu"
2026-04-26,22:56,Naveen Devi,+91 6443699577,43,Walk-in,Chicken Wings (5 pc),No,1,130,karur_kalam,No,0,130,Cash,3,"Not bad, but waiting time konjam adhigama irundhuchu"
2026-04-26,20:07,Muthu S,+91 6660363409,56,Phone Call,Chicken Wings (5 pc),No,2,260,karur_kalam,Yes,26,234,Paytm,5,
2026-04-26,19:10,Abdul Kareem,+91 8332644458,21,Walk-in,Chicken Lollipop (4 pc),No,1,130,karur_kalam,No,0,130,Cash,4,"Vera level taste, oru sight ah irundhuchu"
2026-04-26,17:41,Sivakumar,+91 7986800025,45,Phone Call,Chicken Lollipop (4 pc),No,1,130,karur_kalam,No,0,130,GPay,5,"Kalakalappa irundhuchu, next time friends oda varen"
2026-04-26,18:58,Lakshmi,+91 7930103105,19,Phone Call,Chicken Wings (5 pc),No,1,130,karur_kalam,No,0,130,Cash,,"Taste romba pramadham illa, sagalama irundhuchu"
2026-04-26,21:42,,+91 8339421047,17,Phone Call,Chicken Lollipop (4 pc),No,1,130,karur_kalam,No,0,130,PhonePe,,"Semma taste bro, chicken romba soft ah irundhuchu"
2026-04-26,19:09,Nithya Raj,+91 9048601656,19,Walk-in,Chicken Lollipop (4 pc),No,2,260,karur_kalam,Yes,26,234,Card,4,"Nalla crispy ah irundhuchu, quantity um super"
2026-04-26,21:01,Gopal Raj,+91 7284746978,37,Walk-in,Chicken Wings (5 pc),No,1,130,karur_kalam,No,0,130,Cash,,
2026-04-26,20:46,Muthu K,+91 7729171411,23,Phone Call,Chicken Wings (5 pc),No,1,130,karur_kalam,Yes,13,117,GPay,,"Okay okay taste, but konjam salt adhigama irundhuchu"
2026-04-26,20:15,Vignesh Kumar,+91 6349460781,47,Walk-in,Chicken Wings (5 pc),No,1,130,karur_kalam,No,0,130,Cash,,
2026-04-26,21:37,Abdul Kareem K,+91 7734670656,25,Phone Call,Chicken Leg (2 pc),No,1,130,karur_kalam,No,0,130,GPay,3,"Not bad, but waiting time konjam adhigama irundhuchu"
2026-04-26,21:13,Manoj,+91 9053954328,,Walk-in,Chicken Wings (5 pc),No,1,130,karur_kalam,No,0,130,GPay,5,
2026-04-26,19:00,Meena,+91 7606474687,24,Phone Call,Chicken Wings (5 pc),No,1,130,karur_kalam,No,0,130,GPay,5,
2026-04-26,22:15,Joseph M,+91 7292401162,47,Walk-in,Chicken Lollipop (4 pc),No,1,130,karur_kalam,No,0,130,Cash,3,
2026-04-26,19:03,Senthil,+91 7141888059,23,Phone Call,Chicken Lollipop (4 pc),No,1,130,karur_kalam,No,0,130,Paytm,4,
2026-04-26,18:05,Suresh,+91 7671617277,35,Walk-in,Chicken Leg (2 pc),No,1,130,karur_kalam,No,0,130,Cash,4,"Ultimate taste anna, naa daily varen"
2026-04-26,20:36,Sivakumar R,+91 8902787429,42,Phone Call,Chicken Lollipop (4 pc),No,1,130,karur_kalam,No,0,130,GPay,5,"Freshly grilled and juicy, highly recommend"
2026-04-26,18:52,Sivakumar,+91 7856543102,,Phone Call,Chicken Lollipop (4 pc),No,1,130,karur_kalam,No,0,130,GPay,,"Excellent flavour, family panindhalum enjoy pannanga"
2026-04-26,20:44,Anand Prasad,+91 8255341928,30,Phone Call,Chicken Wings (5 pc),No,1,130,karur_kalam,No,0,130,GPay,,
2026-04-26,20:51,Muthu Babu,+91 6455623869,58,Walk-in,Chicken Leg (2 pc),No,2,260,karur_kalam,No,0,260,GPay,,"Best chicken lollipop I've had, will come again"
2026-04-26,18:39,Swathi S,+91 7554665905,19,Phone Call,Chicken Wings (5 pc),No,1,130,karur_kalam,No,0,130,GPay,,Very tasty and quick service too
2026-04-26,17:29,Suresh M,+91 6299824861,28,Walk-in,Chicken Lollipop (4 pc),No,1,130,karur_kalam,No,0,130,Paytm,3,"Average, expected more spice"
2026-04-26,22:24,Ayesha Raj,+91 9474367136,51,Phone Call,Chicken Lollipop (4 pc),No,2,260,karur_kalam,No,0,260,GPay,4,"Excellent flavour, family panindhalum enjoy pannanga"
2026-04-26,21:33,Abdul Kareem,+91 9623003736,,Walk-in,Chicken Leg (2 pc),No,1,130,karur_kalam,No,0,130,Paytm,5,"Chicken leg romba soft ah vekachu irundhuchu, super"
2026-04-26,19:16,Naveen Devi,+91 7873342708,41,Walk-in,Chicken Lollipop (4 pc),No,2,260,karur_kalam,No,0,260,PhonePe,3,"Okay okay taste, but konjam salt adhigama irundhuchu"
2026-04-26,20:43,Bala Devi,+91 9897427571,32,Phone Call,Chicken Leg (2 pc),No,1,130,karur_kalam,No,0,130,GPay,5,
2026-04-26,22:33,Vidya Kumar,+91 8738299737,41,Phone Call,Chicken Leg (2 pc),No,1,130,karur_kalam,No,0,130,GPay,5,"Great value for money, fresh and hot"
2026-04-26,18:01,Nithya S,+91 7634351751,49,Phone Call,Chicken Leg (2 pc),No,1,130,karur_kalam,No,0,130,PhonePe,4,
2026-04-26,20:03,Murugan M,+91 8397150102,57,Walk-in,Chicken Lollipop (4 pc),No,1,130,karur_kalam,No,0,130,GPay,4,
2026-04-26,21:07,Pradeep Babu,+91 7462475107,54,Walk-in,Chicken Leg (2 pc),No,1,130,karur_kalam,No,0,130,GPay,,
2026-04-26,20:28,Bala S,+91 6988516560,,Walk-in,Chicken Lollipop (4 pc),No,1,130,karur_kalam,No,0,130,GPay,,Very tasty and quick service too
2026-04-26,20:35,Joseph,+91 6433218196,17,Phone Call,Chicken Leg (2 pc),No,1,130,karur_kalam,No,0,130,PhonePe,4,"Super spicy and juicy, best bbq in area"
2026-04-26,20:15,Ayesha,+91 6651801704,,Walk-in,Chicken Lollipop (4 pc),No,1,130,karur_kalam,No,0,130,Cash,4,"Chicken leg romba soft ah vekachu irundhuchu, super"
2026-04-26,20:30,Swathi,+91 6812191361,51,Phone Call,Chicken Leg (2 pc),No,1,130,karur_kalam,Yes,13,117,Cash,,"Not bad, but waiting time konjam adhigama irundhuchu"
2026-04-26,20:14,John S,+91 6893246095,30,Walk-in,Chicken Leg (2 pc),No,1,130,karur_kalam,Yes,13,117,Cash,,
2026-04-26,18:52,Karthik R,+91 9603859770,28,Phone Call,Chicken Leg (2 pc),No,1,130,karur_kalam,No,0,130,Cash,5,"Loved the combo, perfect spice level"
2026-04-26,22:27,John,+91 8815277115,25,Walk-in,Chicken Leg (2 pc),No,1,130,karur_kalam,No,0,130,Paytm,,"Loved the combo, perfect spice level"
2026-04-26,21:45,Gowtham Kumar,+91 9281979911,20,Walk-in,Chicken Leg (2 pc),No,1,130,karur_kalam,No,0,130,PhonePe,4,"Wings semma crispy ah irundhuchu, thanks anna"
2026-04-27,18:42,,+91 9177115921,23,Walk-in,Chicken Leg (2 pc),No,1,130,karur_kalam,No,0,130,PhonePe,,"Not bad, but waiting time konjam adhigama irundhuchu"
2026-04-27,21:36,Saravanan,+91 9121519709,40,Walk-in,Chicken Wings (5 pc),No,1,130,karur_kalam,No,0,130,GPay,4,"Super spicy and juicy, best bbq in area"
2026-04-27,19:41,Kumar M,+91 6916998543,57,Walk-in,Chicken Leg (2 pc),No,1,130,karur_kalam,No,0,130,Cash,4,"Vera level taste, oru sight ah irundhuchu"
2026-04-27,21:53,Anitha S,+91 6477005411,54,Walk-in,Chicken Lollipop (4 pc),No,1,130,karur_kalam,No,0,130,GPay,4,
2026-04-27,20:13,John K,+91 7781259833,60,Walk-in,Chicken Wings (5 pc),No,1,130,karur_kalam,No,0,130,,,
2026-04-27,17:08,Swathi K,+91 8191088398,24,Phone Call,Chicken Wings (5 pc),No,1,130,karur_kalam,Yes,13,117,GPay,5,
2026-04-27,18:12,Sathish M,+91 7767326426,57,Walk-in,Chicken Leg (2 pc),No,1,130,karur_kalam,No,0,130,Cash,4,
2026-04-27,20:27,Deepa,+91 7696816453,36,Phone Call,Chicken Leg (2 pc),No,1,130,karur_kalam,Yes,13,117,PhonePe,5,"Kalakalappa irundhuchu, next time friends oda varen"
2026-04-27,19:49,Meena Prasad,+91 6902294131,50,Phone Call,Chicken Leg (2 pc),No,1,130,karur_kalam,No,0,130,GPay,3,"Okay okay taste, but konjam salt adhigama irundhuchu"
2026-04-27,19:33,Swathi K,+91 8191088398,24,Phone Call,Chicken Lollipop (4 pc),No,1,130,karur_kalam,No,0,130,Cash,4,"Ultimate taste anna, naa daily varen"
2026-04-27,18:26,Murugan Babu,+91 6363262375,16,Walk-in,Chicken Lollipop (4 pc),No,1,130,karur_kalam,No,0,130,Cash,5,"Freshly grilled and juicy, highly recommend"
2026-04-27,18:22,Anand,+91 6993308330,21,Walk-in,Chicken Lollipop (4 pc),No,1,130,karur_kalam,No,0,130,PhonePe,5,"Chicken leg romba soft ah vekachu irundhuchu, super"
2026-04-27,20:31,Muthu K,+91 8640067415,48,Walk-in,Chicken Lollipop (4 pc),No,1,130,karur_kalam,No,0,130,PhonePe,4,
2026-04-27,21:36,Muthu Babu,+91 6455623869,58,Phone Call,Chicken Wings (5 pc),No,2,260,karur_kalam,No,0,260,PhonePe,4,
2026-04-27,22:58,Pradeep,+91 8365451916,18,Walk-in,Chicken Lollipop (4 pc),No,1,130,karur_kalam,Yes,13,117,GPay,,"Average, expected more spice"
2026-04-27,22:04,Sivakumar R,+91 8902787429,42,Phone Call,Chicken Leg (2 pc),No,1,130,karur_kalam,No,0,130,PhonePe,5,"Super spicy and juicy, best bbq in area"
2026-04-27,18:32,Fathima Devi,+91 6469211936,49,Phone Call,Chicken Wings (5 pc),No,1,130,karur_kalam,No,0,130,Cash,4,"Vera level taste, oru sight ah irundhuchu"
2026-04-27,21:20,Ramesh S,+91 9941390408,18,Walk-in,Chicken Wings (5 pc),No,1,130,karur_kalam,No,0,130,PhonePe,4,"Kalakalappa irundhuchu, next time friends oda varen"
2026-04-27,18:50,Elango S,+91 8987769453,20,Walk-in,Chicken Wings (5 pc),No,1,130,karur_kalam,No,0,130,,4,"Kalakalappa irundhuchu, next time friends oda varen"
2026-04-27,17:09,Dhanush,+91 7666206856,41,Walk-in,Chicken Leg (2 pc),No,1,130,karur_kalam,No,0,130,PhonePe,5,"Semma taste bro, chicken romba soft ah irundhuchu"
2026-04-27,19:57,Joseph,+91 6150261554,24,Walk-in,Chicken Wings (5 pc),No,1,130,karur_kalam,No,0,130,Cash,5,"Loved the combo, perfect spice level"
2026-04-27,19:47,Vidya S,+91 6904952605,60,Walk-in,Chicken Wings (5 pc),No,1,130,karur_kalam,No,0,130,,5,"Kalakalappa irundhuchu, next time friends oda varen"
2026-04-27,22:26,Murugan S,+91 7449353487,31,Walk-in,Chicken Wings (5 pc),No,1,130,karur_kalam,Yes,13,117,,3,
2026-04-27,21:39,Lakshmi M,+91 9526570056,23,Phone Call,Chicken Lollipop (4 pc),No,1,130,karur_kalam,No,0,130,PhonePe,4,
2026-04-27,20:36,John Devi,+91 7939561361,35,Walk-in,Chicken Wings (5 pc),No,1,130,karur_kalam,No,0,130,Cash,2,
2026-04-27,19:26,Rajesh Devi,+91 6077571555,39,Walk-in,Chicken Lollipop (4 pc),No,2,260,karur_kalam,Yes,26,234,GPay,5,"Ultimate taste anna, naa daily varen"
2026-04-27,20:07,Ravi S,+91 9423536937,50,Phone Call,Chicken Wings (5 pc),No,1,130,karur_kalam,No,0,130,PhonePe,5,"Chicken leg romba soft ah vekachu irundhuchu, super"
2026-04-27,18:00,Selvam Babu,+91 9032662510,29,Walk-in,Chicken Wings (5 pc),No,1,130,karur_kalam,Yes,13,117,PhonePe,5,
2026-04-27,22:05,John Raj,+91 8198327315,50,Phone Call,Chicken Leg (2 pc),No,1,130,karur_kalam,No,0,130,Cash,4,"Chicken leg romba soft ah vekachu irundhuchu, super"
2026-04-27,20:28,Mary K,+91 9722485515,55,Walk-in,Chicken Lollipop (4 pc),No,1,130,karur_kalam,No,0,130,Cash,,
2026-04-27,20:57,Muthu Babu,+91 7349437475,18,Phone Call,Chicken Lollipop (4 pc),No,1,130,karur_kalam,No,0,130,GPay,4,"Excellent flavour, family panindhalum enjoy pannanga"
2026-04-27,19:22,Dhanush K,+91 6574733848,59,Walk-in,Chicken Leg (2 pc),No,1,130,karur_kalam,No,0,130,Cash,4,"Freshly grilled and juicy, highly recommend"
2026-04-27,19:48,Dinesh K,+91 7054069651,32,Walk-in,Chicken Wings (5 pc),No,1,130,karur_kalam,No,0,130,GPay,4,"Chicken leg romba soft ah vekachu irundhuchu, super"
2026-04-27,19:45,Fathima K,+91 8419866524,17,Walk-in,Chicken Lollipop (4 pc),No,1,130,karur_kalam,No,0,130,GPay,,"Super spicy and juicy, best bbq in area"
2026-04-28,21:56,Joseph R,+91 9870568566,24,Phone Call,Chicken Lollipop (4 pc),No,1,130,karur_kalam,No,0,130,PhonePe,5,
2026-04-28,20:27,Mary Kumar,+91 6746120047,22,Phone Call,Chicken Lollipop (4 pc),No,1,130,karur_kalam,No,0,130,PhonePe,4,"Semma taste bro, chicken romba soft ah irundhuchu"
2026-04-28,19:15,,+91 8549480831,30,Walk-in,Chicken Lollipop (4 pc),No,1,130,karur_kalam,Yes,13,117,PhonePe,5,
2026-04-28,18:09,Harish K,+91 8965137098,35,Walk-in,Chicken Wings (5 pc),No,1,130,karur_kalam,No,0,130,Cash,4,
2026-04-28,19:21,,+91 7606474687,24,Walk-in,Chicken Wings (5 pc),No,1,130,karur_kalam,No,0,130,GPay,5,
2026-04-28,19:05,Suresh,+91 8294019655,42,Phone Call,Chicken Leg (2 pc),No,1,130,karur_kalam,No,0,130,Cash,5,"Nalla crispy ah irundhuchu, quantity um super"
2026-04-28,18:36,Suresh R,+91 7654145868,,Walk-in,Chicken Wings (5 pc),No,1,130,karur_kalam,No,0,130,Cash,,"Great value for money, fresh and hot"
2026-04-28,19:48,Rajesh,+91 7687017215,59,Walk-in,Chicken Lollipop (4 pc),No,1,130,karur_kalam,Yes,13,117,Paytm,5,"Freshly grilled and juicy, highly recommend"
2026-04-28,17:14,Iniya,+91 7226492327,25,Walk-in,Chicken Wings (5 pc),No,1,130,karur_kalam,No,0,130,Cash,,"Freshly grilled and juicy, highly recommend"
2026-04-28,21:07,Ayesha Babu,+91 7325377422,,Walk-in,Chicken Leg (2 pc),No,1,130,karur_kalam,No,0,130,Cash,4,
2026-04-28,20:06,Senthil,+91 7141888059,23,Phone Call,Chicken Wings (5 pc),No,1,130,karur_kalam,No,0,130,GPay,5,"Great value for money, fresh and hot"
2026-04-28,18:53,Ravi Raj,+91 8853911130,49,Walk-in,Chicken Lollipop (4 pc),No,1,130,karur_kalam,No,0,130,Paytm,3,Quantity konjam kammiya irundhuchu but taste okay
2026-04-28,21:42,Kalaivani,+91 9535560932,16,Walk-in,Chicken Lollipop (4 pc),No,1,130,karur_kalam,No,0,130,Cash,3,"It was fine, nothing special"
2026-04-28,18:59,Prakash R,+91 6007498887,19,Walk-in,Chicken Lollipop (4 pc),No,1,130,karur_kalam,No,0,130,Cash,,"Excellent flavour, family panindhalum enjoy pannanga"
2026-04-28,18:56,Swathi Prasad,+91 7982595269,34,Walk-in,Chicken Wings (5 pc),No,1,130,karur_kalam,Yes,13,117,Card,5,
2026-04-28,20:54,Senthil Raj,+91 7618324210,25,Walk-in,Chicken Leg (2 pc),No,1,130,karur_kalam,No,0,130,Paytm,,
2026-04-28,20:25,Prakash Babu,+91 9916290772,41,Walk-in,Chicken Lollipop (4 pc),No,1,130,karur_kalam,No,0,130,Cash,,"Best chicken lollipop I've had, will come again"
2026-04-28,22:32,,+91 7873342708,41,Walk-in,Chicken Lollipop (4 pc),No,1,130,karur_kalam,Yes,13,117,Cash,5,
2026-04-28,21:59,Dinesh Babu,+91 8549480831,30,Walk-in,Chicken Lollipop (4 pc),No,1,130,karur_kalam,No,0,130,GPay,,
2026-04-28,22:59,Vignesh Devi,+91 9703737967,24,Walk-in,Chicken Leg (2 pc),No,1,130,karur_kalam,No,0,130,,2,"Not fresh today, taste changed"
2026-04-28,20:57,Ravi Devi,+91 8375564641,45,Phone Call,Chicken Leg (2 pc),No,1,130,karur_kalam,No,0,130,Cash,4,"Nalla crispy ah irundhuchu, quantity um super"
2026-04-28,19:54,Mary Devi,+91 8053773515,49,Walk-in,Chicken Wings (5 pc),No,1,130,karur_kalam,Yes,13,117,Cash,,"Best chicken lollipop I've had, will come again"
2026-04-28,22:58,Iniya Babu,+91 6643171390,18,Phone Call,Chicken Leg (2 pc),No,1,130,karur_kalam,No,0,130,GPay,,"Excellent flavour, family panindhalum enjoy pannanga"
2026-04-28,21:08,Karthik R,+91 9603859770,28,Phone Call,Chicken Lollipop (4 pc),No,1,130,karur_kalam,No,0,130,GPay,5,"Super spicy and juicy, best bbq in area"
2026-04-28,22:15,Priya,+91 8003089737,41,Walk-in,Chicken Leg (2 pc),No,1,130,karur_kalam,Yes,13,117,Paytm,3,
2026-04-28,22:14,Lakshmi M,+91 7555625881,35,Phone Call,Chicken Lollipop (4 pc),No,1,130,karur_kalam,Yes,13,117,GPay,5,"Excellent flavour, family panindhalum enjoy pannanga"
2026-04-28,19:54,Murugan Babu,+91 7058527722,,Phone Call,Chicken Wings (5 pc),No,1,130,karur_kalam,No,0,130,GPay,3,"Decent taste, price sari than"
2026-04-28,20:04,Manoj S,+91 6801006231,,Walk-in,Chicken Wings (5 pc),No,2,260,karur_kalam,No,0,260,,2,
2026-04-28,19:13,Kumar,+91 9193745299,60,Phone Call,Chicken Lollipop (4 pc),No,1,130,karur_kalam,No,0,130,GPay,4,
2026-04-28,18:57,Fathima K,+91 6277949176,35,Walk-in,Chicken Wings (5 pc),No,2,260,karur_kalam,No,0,260,GPay,4,"Excellent flavour, family panindhalum enjoy pannanga"
2026-04-28,18:57,Muthu Devi,+91 6983584168,43,Walk-in,Chicken Lollipop (4 pc),No,1,130,karur_kalam,Yes,13,117,PhonePe,5,Very tasty and quick service too
2026-04-28,17:42,Vignesh Prasad,+91 8443135182,27,Walk-in,Chicken Lollipop (4 pc),No,1,130,karur_kalam,No,0,130,GPay,5,
2026-04-28,19:55,Lakshmi,+91 9449251925,34,Walk-in,Chicken Wings (5 pc),No,2,260,karur_kalam,No,0,260,Cash,4,"Ultimate taste anna, naa daily varen"
2026-04-28,22:13,Fathima K,+91 8419866524,,Walk-in,Chicken Lollipop (4 pc),No,2,260,karur_kalam,Yes,26,234,PhonePe,5,"Wings semma crispy ah irundhuchu, thanks anna"
2026-04-28,18:58,Kumar S,+91 8467854458,46,Phone Call,Chicken Lollipop (4 pc),No,1,130,karur_kalam,No,0,130,GPay,5,"Vera level taste, oru sight ah irundhuchu"
2026-04-28,18:48,John Raj,+91 8198327315,50,Phone Call,Chicken Leg (2 pc),No,1,130,karur_kalam,No,0,130,PhonePe,,"Semma taste bro, chicken romba soft ah irundhuchu"
2026-04-28,20:00,Anand Prasad,+91 8255341928,,Walk-in,Chicken Leg (2 pc),No,2,260,karur_kalam,No,0,260,Cash,5,"Great value for money, fresh and hot"
2026-04-28,18:59,,+91 6838425135,33,Phone Call,Chicken Leg (2 pc),No,2,260,karur_kalam,No,0,260,GPay,5,"Excellent flavour, family panindhalum enjoy pannanga"
2026-04-28,21:10,John S,+91 9798079359,45,Walk-in,Chicken Leg (2 pc),No,1,130,karur_kalam,No,0,130,PhonePe,4,"Amazing bbq stall, must try in this area"
2026-04-28,17:08,Naveen Devi,+91 6443699577,43,Phone Call,Chicken Leg (2 pc),No,1,130,karur_kalam,Yes,13,117,PhonePe,,
2026-04-29,20:52,Murugan Devi,+91 8558200941,59,Walk-in,Chicken Lollipop (4 pc),No,2,260,karur_kalam,Yes,26,234,Cash,4,
2026-04-29,18:48,Harish M,+91 8527177449,,Phone Call,Chicken Leg (2 pc),No,1,130,karur_kalam,No,0,130,Cash,4,"Best chicken lollipop I've had, will come again"
2026-04-29,20:07,,+91 6746120047,22,Walk-in,Chicken Lollipop (4 pc),No,1,130,karur_kalam,No,0,130,PhonePe,4,"Nalla crispy ah irundhuchu, quantity um super"
2026-04-29,21:56,Senthil S,+91 7028439599,58,Phone Call,Chicken Leg (2 pc),No,1,130,karur_kalam,No,0,130,PhonePe,,"Vera level taste, oru sight ah irundhuchu"
2026-04-29,22:04,Sowmya Raj,+91 6345054156,40,Walk-in,Chicken Wings (5 pc),No,1,130,karur_kalam,No,0,130,Card,2,"Konjam over cooked ah irundhuchu, disappointed"
2026-04-29,22:55,Ravi K,+91 7054932966,,Phone Call,Chicken Lollipop (4 pc),No,1,130,karur_kalam,No,0,130,GPay,,
2026-04-29,21:34,Ravi Devi,+91 8375564641,45,Phone Call,Chicken Wings (5 pc),No,1,130,karur_kalam,Yes,13,117,GPay,5,
2026-04-29,20:24,Swathi S,+91 7554665905,19,Walk-in,Chicken Leg (2 pc),No,1,130,karur_kalam,Yes,13,117,Cash,4,"Great value for money, fresh and hot"
2026-04-29,20:26,Vignesh Kumar,+91 8957885685,37,Walk-in,Chicken Leg (2 pc),No,1,130,karur_kalam,Yes,13,117,Paytm,,"Freshly grilled and juicy, highly recommend"
2026-04-29,18:07,Elango Prasad,+91 6822782489,,Phone Call,Chicken Lollipop (4 pc),No,1,130,karur_kalam,No,0,130,GPay,4,"Semma taste bro, chicken romba soft ah irundhuchu"
2026-04-29,20:18,,+91 9947055169,34,Walk-in,Chicken Leg (2 pc),No,1,130,karur_kalam,No,0,130,Cash,4,"Loved the combo, perfect spice level"
2026-04-29,20:34,,+91 9739031697,26,Walk-in,Chicken Wings (5 pc),No,1,130,karur_kalam,No,0,130,GPay,3,"Taste romba pramadham illa, sagalama irundhuchu"
2026-04-29,20:48,Kumar S,+91 8467854458,46,Phone Call,Chicken Wings (5 pc),No,1,130,karur_kalam,No,0,130,GPay,4,
2026-04-29,20:26,Pradeep K,+91 8227095577,56,Walk-in,Chicken Leg (2 pc),No,1,130,karur_kalam,No,0,130,PhonePe,3,Quantity konjam kammiya irundhuchu but taste okay
2026-04-29,19:26,,+91 9122753046,30,Walk-in,Chicken Wings (5 pc),No,1,130,karur_kalam,No,0,130,Cash,4,"Excellent flavour, family panindhalum enjoy pannanga"
2026-04-29,21:56,Elango,+91 6530912707,27,Phone Call,Chicken Lollipop (4 pc),No,2,260,karur_kalam,No,0,260,GPay,4,"Semma taste bro, chicken romba soft ah irundhuchu"
2026-04-29,19:44,,+91 9450716239,24,Walk-in,Chicken Leg (2 pc),No,2,260,karur_kalam,No,0,260,GPay,4,
2026-04-29,20:54,Karthik,+91 8655530407,32,Walk-in,Chicken Leg (2 pc),No,1,130,karur_kalam,No,0,130,Cash,5,"Best chicken lollipop I've had, will come again"
2026-04-29,22:44,Dhanush,+91 7844823289,15,Walk-in,Chicken Wings (5 pc),No,1,130,karur_kalam,Yes,13,117,GPay,,"Semma taste bro, chicken romba soft ah irundhuchu"
2026-04-29,19:49,,+91 9287431527,,Walk-in,Chicken Wings (5 pc),No,1,130,karur_kalam,No,0,130,Cash,5,
2026-04-29,21:16,John Devi,+91 7229270653,43,Phone Call,Chicken Lollipop (4 pc),No,1,130,karur_kalam,No,0,130,GPay,3,"Not bad, but waiting time konjam adhigama irundhuchu"
2026-04-29,18:53,Ravi Devi,+91 8375564641,45,Walk-in,Chicken Lollipop (4 pc),No,1,130,karur_kalam,No,0,130,Cash,4,"Great value for money, fresh and hot"
2026-04-29,21:35,Farhan K,+91 7898333378,46,Walk-in,Chicken Leg (2 pc),No,2,260,karur_kalam,No,0,260,Cash,5,
2026-04-29,19:19,Arun Babu,+91 8940781618,33,Walk-in,Chicken Leg (2 pc),No,1,130,karur_kalam,No,0,130,Cash,4,"Super spicy and juicy, best bbq in area"
2026-04-29,20:40,Rajesh,+91 6818835523,21,Walk-in,Chicken Lollipop (4 pc),No,1,130,karur_kalam,Yes,13,117,,5,"Loved the combo, perfect spice level"
2026-04-29,22:27,Anand Prasad,+91 9337799380,31,Walk-in,Chicken Wings (5 pc),No,1,130,karur_kalam,No,0,130,Cash,5,"Super spicy and juicy, best bbq in area"
2026-04-29,18:01,Prakash Raj,+91 7292127799,,Phone Call,Chicken Wings (5 pc),No,1,130,karur_kalam,Yes,13,117,PhonePe,4,"Ultimate taste anna, naa daily varen"
2026-04-29,20:58,Gowtham,+91 8578419032,23,Walk-in,Chicken Lollipop (4 pc),No,2,260,karur_kalam,Yes,26,234,GPay,,Quantity konjam kammiya irundhuchu but taste okay
2026-04-29,18:16,Ravi S,+91 9423536937,,Walk-in,Chicken Lollipop (4 pc),No,2,260,karur_kalam,No,0,260,Card,5,
2026-04-29,17:34,Elango Devi,+91 6053405347,33,Walk-in,Chicken Wings (5 pc),No,1,130,karur_kalam,No,0,130,Paytm,5,
2026-04-29,19:19,,+91 8549480831,30,Phone Call,Chicken Lollipop (4 pc),No,1,130,karur_kalam,No,0,130,Cash,2,
2026-04-30,20:20,Meena,+91 7606474687,24,Phone Call,Chicken Lollipop (4 pc),No,1,130,karur_kalam,No,0,130,Paytm,4,"Semma taste bro, chicken romba soft ah irundhuchu"
2026-04-30,18:41,Sathish S,+91 9171681383,36,Walk-in,Chicken Lollipop (4 pc),No,1,130,karur_kalam,No,0,130,PhonePe,,"Excellent flavour, family panindhalum enjoy pannanga"
2026-04-30,20:30,Divya Kumar,+91 7752431069,,Phone Call,Chicken Wings (5 pc),No,1,130,karur_kalam,Yes,13,117,PhonePe,,
2026-04-30,18:31,Swathi Devi,+91 6447394731,,Walk-in,Chicken Wings (5 pc),No,1,130,karur_kalam,No,0,130,Paytm,4,"Vera level taste, oru sight ah irundhuchu"
2026-04-30,21:01,Karthik R,+91 6845146270,31,Walk-in,Chicken Lollipop (4 pc),No,1,130,karur_kalam,No,0,130,GPay,5,"Best chicken lollipop I've had, will come again"
2026-04-30,22:00,Suresh,+91 8294019655,42,Walk-in,Chicken Wings (5 pc),No,1,130,karur_kalam,No,0,130,Cash,5,
2026-04-30,21:54,Anand M,+91 8698478961,59,Phone Call,Chicken Leg (2 pc),No,1,130,karur_kalam,No,0,130,GPay,4,"Semma taste bro, chicken romba soft ah irundhuchu"
2026-04-30,17:37,Sathish,+91 6037917693,60,Walk-in,Chicken Wings (5 pc),No,1,130,karur_kalam,No,0,130,Cash,4,"Freshly grilled and juicy, highly recommend"
2026-04-30,22:56,Vijay Kumar,+91 9506068536,20,Phone Call,Chicken Lollipop (4 pc),No,1,130,karur_kalam,No,0,130,Paytm,,"Super spicy and juicy, best bbq in area"
2026-04-30,20:09,Vijay,+91 8396907844,45,Phone Call,Chicken Lollipop (4 pc),No,1,130,karur_kalam,No,0,130,GPay,4,
2026-04-30,22:56,John S,+91 9798079359,45,Walk-in,Chicken Lollipop (4 pc),No,1,130,karur_kalam,No,0,130,GPay,4,"Great value for money, fresh and hot"
2026-04-30,18:01,Prakash Prasad,+91 8687833918,43,Phone Call,Chicken Lollipop (4 pc),No,1,130,karur_kalam,Yes,13,117,Cash,5,"Kalakalappa irundhuchu, next time friends oda varen"
2026-04-30,20:01,Revathi Devi,+91 8954408888,36,Walk-in,Chicken Lollipop (4 pc),No,1,130,karur_kalam,No,0,130,Paytm,3,"Decent taste, price sari than"
2026-04-30,20:14,Saravanan R,+91 7673657661,35,Walk-in,Chicken Wings (5 pc),No,1,130,karur_kalam,Yes,13,117,PhonePe,5,"Wings semma crispy ah irundhuchu, thanks anna"
2026-04-30,21:38,,+91 7976825238,,Walk-in,Chicken Leg (2 pc),No,1,130,karur_kalam,No,0,130,PhonePe,4,"Vera level taste, oru sight ah irundhuchu"
2026-04-30,18:48,Senthil Babu,+91 6654139074,31,Walk-in,Chicken Leg (2 pc),No,1,130,karur_kalam,No,0,130,PhonePe,4,
2026-04-30,20:46,Elango Devi,+91 9837770143,40,Walk-in,Chicken Lollipop (4 pc),No,2,260,karur_kalam,No,0,260,GPay,5,"Kalakalappa irundhuchu, next time friends oda varen"
2026-04-30,21:51,Kavya,+91 8936899809,57,Phone Call,Chicken Lollipop (4 pc),No,1,130,karur_kalam,No,0,130,GPay,,
2026-04-30,18:46,Kumar S,+91 9377364217,49,Walk-in,Chicken Leg (2 pc),No,1,130,karur_kalam,No,0,130,Cash,5,
2026-04-30,21:45,Manoj K,+91 7808691918,,Walk-in,Chicken Wings (5 pc),No,1,130,karur_kalam,No,0,130,Cash,4,"Amazing bbq stall, must try in this area"
2026-04-30,19:05,Ravi K,+91 9965328710,,Walk-in,Chicken Leg (2 pc),No,1,130,karur_kalam,No,0,130,Cash,3,
2026-04-30,20:27,Pradeep Prasad,+91 6430305486,49,Phone Call,Chicken Lollipop (4 pc),No,1,130,karur_kalam,No,0,130,Paytm,5,"Super spicy and juicy, best bbq in area"
2026-04-30,20:04,Kavya,+91 8936899809,57,Phone Call,Chicken Wings (5 pc),No,1,130,karur_kalam,No,0,130,GPay,4,
2026-04-30,19:11,Sivakumar Raj,+91 8870381717,32,Walk-in,Chicken Wings (5 pc),No,1,130,karur_kalam,No,0,130,PhonePe,4,
2026-04-30,22:44,Yazhini Devi,+91 8648236629,51,Phone Call,Chicken Leg (2 pc),No,2,260,karur_kalam,No,0,260,Cash,5,Very tasty and quick service too
2026-04-30,22:41,Murugan,+91 7226025634,25,Phone Call,Chicken Lollipop (4 pc),No,1,130,karur_kalam,No,0,130,GPay,,Very tasty and quick service too
2026-04-30,21:37,Dinesh M,+91 8874224349,18,Walk-in,Chicken Lollipop (4 pc),No,1,130,karur_kalam,No,0,130,Cash,5,
2026-04-30,21:58,Meena Prasad,+91 6902294131,50,Phone Call,Chicken Leg (2 pc),No,1,130,karur_kalam,Yes,13,117,GPay,,"Waiting time mikka adhigama irundhuchu, service slow"
2026-04-30,21:01,Elango S,+91 9872774348,46,Phone Call,Chicken Wings (5 pc),No,1,130,karur_kalam,No,0,130,GPay,5,
2026-04-30,19:30,Gowtham Prasad,+91 8980841241,21,Walk-in,Chicken Leg (2 pc),No,1,130,karur_kalam,No,0,130,Cash,,"Waiting time mikka adhigama irundhuchu, service slow"
2026-04-30,19:54,,+91 6765796675,48,Walk-in,Chicken Lollipop (4 pc),No,1,130,karur_kalam,Yes,13,117,GPay,3,"Average, expected more spice"
2026-04-30,22:00,,+91 7673657661,35,Phone Call,Chicken Lollipop (4 pc),No,1,130,karur_kalam,No,0,130,Cash,,
2026-04-30,19:50,Gopal Raj,+91 6495069251,53,Walk-in,Chicken Leg (2 pc),No,1,130,karur_kalam,No,0,130,Cash,5,"Super spicy and juicy, best bbq in area"
2026-04-30,22:14,Selvam M,+91 6334123281,,Walk-in,Chicken Lollipop (4 pc),No,1,130,karur_kalam,No,0,130,GPay,2,
2026-04-30,17:01,Fathima Devi,+91 7631413503,59,Walk-in,Chicken Leg (2 pc),No,1,130,karur_kalam,No,0,130,Cash,4,
2026-04-30,22:59,Bala S,+91 6988516560,33,Phone Call,Chicken Lollipop (4 pc),No,2,260,karur_kalam,No,0,260,PhonePe,3,"Average, expected more spice"
2026-04-30,20:04,Swathi R,+91 9230913075,41,Phone Call,Chicken Lollipop (4 pc),No,1,130,karur_kalam,No,0,130,Cash,5,"Excellent flavour, family panindhalum enjoy pannanga"
2026-04-30,21:52,Sowmya Devi,+91 9786198664,37,Walk-in,Chicken Wings (5 pc),No,1,130,karur_kalam,No,0,130,Cash,4,"Loved the combo, perfect spice level"
2026-04-30,19:19,Deepa,+91 7696816453,36,Phone Call,Chicken Wings (5 pc),No,1,130,karur_kalam,No,0,130,GPay,,"Best chicken lollipop I've had, will come again"
2026-04-30,17:30,Selvam M,+91 7525120987,37,Walk-in,Chicken Lollipop (4 pc),No,1,130,karur_kalam,No,0,130,PhonePe,5,"Wings semma crispy ah irundhuchu, thanks anna"
2026-04-30,19:59,Swathi,+91 9034116386,19,Walk-in,Chicken Wings (5 pc),No,2,260,karur_kalam,Yes,26,234,Cash,2,"Too salty, not up to the mark today"
2026-04-30,21:31,Nithya,+91 9384196284,21,Walk-in,Chicken Leg (2 pc),No,1,130,karur_kalam,No,0,130,GPay,4,"Loved the combo, perfect spice level"
2026-04-30,20:12,Gopal Raj,+91 8961586578,,Phone Call,Chicken Leg (2 pc),No,1,130,karur_kalam,No,0,130,Cash,5,"Amazing bbq stall, must try in this area"
2026-04-30,20:44,Fathima Devi,+91 7189278698,56,Walk-in,Chicken Leg (2 pc),No,1,130,karur_kalam,No,0,130,Cash,4,"Kalakalappa irundhuchu, next time friends oda varen"
2026-04-30,22:54,Ayesha,+91 6651801704,41,Phone Call,Chicken Leg (2 pc),No,1,130,karur_kalam,No,0,130,Cash,5,"Wings semma crispy ah irundhuchu, thanks anna"
2026-04-30,18:37,Swathi,+91 6051184264,22,Walk-in,Chicken Leg (2 pc),No,1,130,karur_kalam,No,0,130,Cash,3,Quantity konjam kammiya irundhuchu but taste okay
2026-04-30,19:52,Joseph Kumar,+91 8714345581,23,Phone Call,Chicken Wings (5 pc),No,1,130,karur_kalam,No,0,130,GPay,4,"Amazing bbq stall, must try in this area"
2026-04-30,19:06,Kumar R,+91 9471027677,28,Phone Call,Chicken Lollipop (4 pc),No,1,130,karur_kalam,Yes,13,117,Cash,,"Kalakalappa irundhuchu, next time friends oda varen"
2026-05-01,20:15,Abdul Kareem,+91 7992299590,,Phone Call,Chicken Wings (5 pc),No,1,130,karur_kalam,No,0,130,GPay,3,"Average, expected more spice"
2026-05-01,21:55,Gowtham Babu,+91 9139718707,23,Phone Call,Chicken Wings (5 pc),No,1,130,karur_kalam,No,0,130,Cash,,"Okay okay taste, but konjam salt adhigama irundhuchu"
2026-05-01,20:42,Prakash Devi,+91 7689702838,35,Phone Call,Chicken Lollipop (4 pc),No,2,260,karur_kalam,No,0,260,Card,3,"Taste romba pramadham illa, sagalama irundhuchu"
2026-05-01,21:08,Karthik R,+91 9603859770,,Walk-in,Chicken Leg (2 pc),No,1,130,karur_kalam,No,0,130,PhonePe,3,Quantity konjam kammiya irundhuchu but taste okay
2026-05-01,17:49,Revathi Raj,+91 7663389122,48,Walk-in,Chicken Leg (2 pc),No,1,130,karur_kalam,No,0,130,GPay,2,"Too salty, not up to the mark today"
2026-05-01,18:35,Prakash Devi,+91 7689702838,35,Walk-in,Chicken Wings (5 pc),No,1,130,karur_kalam,No,0,130,Cash,5,"Wings semma crispy ah irundhuchu, thanks anna"
2026-05-01,18:08,Revathi Babu,+91 6523858972,37,Walk-in,Chicken Wings (5 pc),No,1,130,karur_kalam,Yes,13,117,PhonePe,5,"Amazing bbq stall, must try in this area"
2026-05-01,20:52,Arun Kumar,+91 8644390153,29,Walk-in,Chicken Leg (2 pc),No,1,130,karur_kalam,No,0,130,Paytm,4,"Best chicken lollipop I've had, will come again"
2026-05-01,20:04,Ramesh S,+91 8893645903,58,Walk-in,Chicken Wings (5 pc),No,1,130,karur_kalam,Yes,13,117,Paytm,2,"Not fresh today, taste changed"
2026-05-01,19:09,Divya Babu,+91 9121747267,26,Walk-in,Chicken Leg (2 pc),No,1,130,karur_kalam,No,0,130,Paytm,,"Wings semma crispy ah irundhuchu, thanks anna"
2026-05-01,20:49,Dinesh K,+91 8218089316,53,Walk-in,Chicken Leg (2 pc),No,1,130,karur_kalam,No,0,130,PhonePe,5,
2026-05-01,19:52,Ramesh Kumar,+91 8376724238,49,Phone Call,Chicken Leg (2 pc),No,1,130,karur_kalam,No,0,130,GPay,4,
2026-05-01,22:02,Arun,+91 6267888610,20,Walk-in,Chicken Leg (2 pc),No,2,260,karur_kalam,No,0,260,Cash,,"Amazing bbq stall, must try in this area"
2026-05-01,17:36,Kumar,+91 8953278774,,Walk-in,Chicken Lollipop (4 pc),No,2,260,karur_kalam,No,0,260,Paytm,5,"Great value for money, fresh and hot"
2026-05-01,17:36,John Raj,+91 8198327315,,Walk-in,Chicken Wings (5 pc),No,1,130,karur_kalam,Yes,13,117,Cash,3,"Decent taste, price sari than"
2026-05-01,21:27,Kumar M,+91 9424742589,21,Walk-in,Chicken Leg (2 pc),No,1,130,karur_kalam,No,0,130,Paytm,4,
2026-05-01,20:27,Saravanan Devi,+91 6328889489,45,Walk-in,Chicken Wings (5 pc),No,1,130,karur_kalam,No,0,130,PhonePe,5,"Vera level taste, oru sight ah irundhuchu"
2026-05-01,20:45,Sathish Kumar,+91 8843443757,37,Walk-in,Chicken Leg (2 pc),No,2,260,karur_kalam,No,0,260,Cash,3,"Average, expected more spice"
2026-05-01,19:44,Kumar R,+91 8569092755,,Walk-in,Chicken Lollipop (4 pc),No,1,130,karur_kalam,No,0,130,Cash,5,
2026-05-01,20:21,Mary Devi,+91 8053773515,49,Phone Call,Chicken Wings (5 pc),No,2,260,karur_kalam,No,0,260,Paytm,2,"Quantity kammiya kudutanga, not worth the price"
2026-05-01,20:51,Saravanan Prasad,+91 6626669874,23,Walk-in,Chicken Lollipop (4 pc),No,1,130,karur_kalam,No,0,130,Paytm,4,"Amazing bbq stall, must try in this area"
2026-05-01,19:04,Priya Raj,+91 8711704944,56,Walk-in,Chicken Wings (5 pc),No,1,130,karur_kalam,No,0,130,Cash,4,"Best chicken lollipop I've had, will come again"
2026-05-01,20:22,Swathi,+91 9704915610,18,Walk-in,Chicken Lollipop (4 pc),No,1,130,karur_kalam,No,0,130,Cash,3,
2026-05-01,19:58,Selvam Babu,+91 8451282729,31,Walk-in,Chicken Wings (5 pc),No,1,130,karur_kalam,No,0,130,Cash,5,
2026-05-01,20:48,Harish Kumar,+91 9214895134,29,Walk-in,Chicken Wings (5 pc),No,1,130,karur_kalam,No,0,130,GPay,4,"Loved the combo, perfect spice level"
2026-05-01,18:37,Pradeep Prasad,+91 6430305486,49,Phone Call,Chicken Leg (2 pc),No,1,130,karur_kalam,No,0,130,GPay,5,"Excellent flavour, family panindhalum enjoy pannanga"
2026-05-01,19:42,Dinesh Devi,+91 9909670546,41,Phone Call,Chicken Leg (2 pc),No,1,130,karur_kalam,No,0,130,GPay,5,
2026-05-01,21:27,Kalaivani,+91 6699016272,18,Walk-in,Chicken Wings (5 pc),No,1,130,karur_kalam,No,0,130,GPay,5,"Nalla crispy ah irundhuchu, quantity um super"
2026-05-01,20:49,,+91 9850542357,27,Phone Call,Chicken Leg (2 pc),No,1,130,karur_kalam,Yes,13,117,GPay,4,"Freshly grilled and juicy, highly recommend"
2026-05-01,20:52,Harish Kumar,+91 7639960144,46,Walk-in,Chicken Wings (5 pc),No,1,130,karur_kalam,Yes,13,117,GPay,,"Kalakalappa irundhuchu, next time friends oda varen"
2026-05-01,22:18,,+91 7691669784,50,Phone Call,Chicken Lollipop (4 pc),No,1,130,karur_kalam,No,0,130,GPay,5,"Loved the combo, perfect spice level"
2026-05-01,19:44,Elango R,+91 9851604817,38,Walk-in,Chicken Lollipop (4 pc),No,1,130,karur_kalam,Yes,13,117,Card,4,
2026-05-01,21:39,Kalaivani R,+91 8740748217,37,Walk-in,Chicken Lollipop (4 pc),No,1,130,karur_kalam,No,0,130,GPay,,"Best chicken lollipop I've had, will come again"
2026-05-01,21:03,Pradeep K,+91 7583132370,38,Walk-in,Chicken Lollipop (4 pc),No,1,130,karur_kalam,No,0,130,PhonePe,4,"Semma taste bro, chicken romba soft ah irundhuchu"
2026-05-01,19:16,Suresh R,+91 7654145868,,Phone Call,Chicken Lollipop (4 pc),No,1,130,karur_kalam,Yes,13,117,GPay,4,"Wings semma crispy ah irundhuchu, thanks anna"
2026-05-01,18:46,Ravi S,+91 9423536937,50,Phone Call,Chicken Lollipop (4 pc),No,2,260,karur_kalam,No,0,260,GPay,3,Quantity konjam kammiya irundhuchu but taste okay
2026-05-01,21:54,Revathi R,+91 9797643815,42,Phone Call,Chicken Lollipop (4 pc),No,2,260,karur_kalam,No,0,260,Card,5,"Excellent flavour, family panindhalum enjoy pannanga"
2026-05-01,19:17,Vijay,+91 9731774278,53,Walk-in,Chicken Lollipop (4 pc),No,1,130,karur_kalam,No,0,130,GPay,5,
2026-05-01,19:06,Dinesh S,+91 7465787133,19,Phone Call,Chicken Leg (2 pc),No,1,130,karur_kalam,No,0,130,GPay,4,"Chicken leg romba soft ah vekachu irundhuchu, super"
2026-05-01,20:30,Lakshmi Kumar,+91 8073284568,47,Walk-in,Chicken Leg (2 pc),No,1,130,karur_kalam,No,0,130,GPay,,
2026-05-02,18:24,Pradeep Devi,+91 7757059640,,Phone Call,Chicken Lollipop (4 pc),No,1,130,karur_kalam,No,0,130,PhonePe,4,"Freshly grilled and juicy, highly recommend"
2026-05-02,20:57,Yazhini Prasad,+91 9527858549,45,Phone Call,Chicken Leg (2 pc),No,1,130,karur_kalam,No,0,130,GPay,4,
2026-05-02,22:56,Priya,+91 9122753046,30,Phone Call,Chicken Lollipop (4 pc),No,1,130,karur_kalam,No,0,130,PhonePe,4,
2026-05-02,19:29,Dinesh,+91 8451076226,49,Phone Call,Chicken Leg (2 pc),No,2,260,karur_kalam,Yes,26,234,GPay,4,"Freshly grilled and juicy, highly recommend"
2026-05-02,21:16,Revathi R,+91 9797643815,42,Phone Call,Chicken Lollipop (4 pc),No,2,260,karur_kalam,Yes,26,234,PhonePe,3,"Decent taste, price sari than"
2026-05-02,21:55,Anitha M,+91 8406409097,33,Walk-in,Chicken Leg (2 pc),No,1,130,karur_kalam,No,0,130,PhonePe,4,"Nalla crispy ah irundhuchu, quantity um super"
2026-05-02,18:36,Gopal K,+91 6974993097,25,Phone Call,Chicken Lollipop (4 pc),No,1,130,karur_kalam,No,0,130,GPay,5,
2026-05-02,20:41,John Devi,+91 7229270653,43,Phone Call,Chicken Leg (2 pc),No,1,130,karur_kalam,Yes,13,117,Cash,3,"Average, expected more spice"
2026-05-02,21:20,Abdul Kareem,+91 7992299590,16,Phone Call,Chicken Lollipop (4 pc),No,1,130,karur_kalam,No,0,130,Paytm,,"Excellent flavour, family panindhalum enjoy pannanga"
2026-05-02,20:35,Saravanan R,+91 7673657661,35,Phone Call,Chicken Wings (5 pc),No,1,130,karur_kalam,No,0,130,Cash,3,
2026-05-02,18:20,Suresh,+91 7389083863,,Walk-in,Chicken Leg (2 pc),No,1,130,karur_kalam,No,0,130,GPay,4,"Semma taste bro, chicken romba soft ah irundhuchu"
2026-05-02,19:01,Manoj R,+91 9229234671,49,Walk-in,Chicken Wings (5 pc),No,1,130,karur_kalam,No,0,130,Cash,4,"Freshly grilled and juicy, highly recommend"
2026-05-02,21:35,Arun R,+91 8766995359,39,Walk-in,Chicken Leg (2 pc),No,1,130,karur_kalam,Yes,13,117,Paytm,5,
2026-05-02,17:18,Anitha Devi,+91 7247180388,19,Walk-in,Chicken Leg (2 pc),No,2,260,karur_kalam,No,0,260,GPay,5,"Freshly grilled and juicy, highly recommend"
2026-05-02,20:32,Suresh K,+91 9507975221,44,Walk-in,Chicken Leg (2 pc),No,1,130,karur_kalam,No,0,130,Cash,4,"Loved the combo, perfect spice level"
2026-05-02,19:29,Deepa S,+91 8263361891,30,Walk-in,Chicken Lollipop (4 pc),No,1,130,karur_kalam,No,0,130,GPay,5,"Amazing bbq stall, must try in this area"
2026-05-02,19:48,Kalaivani Devi,+91 7380267094,41,Walk-in,Chicken Lollipop (4 pc),No,1,130,karur_kalam,Yes,13,117,PhonePe,,
2026-05-02,21:13,Harish M,+91 6293632280,57,Walk-in,Chicken Wings (5 pc),No,1,130,karur_kalam,No,0,130,PhonePe,4,Very tasty and quick service too
2026-05-02,19:13,,+91 6824008427,21,Phone Call,Chicken Leg (2 pc),No,2,260,karur_kalam,No,0,260,Cash,,
2026-05-02,20:52,Fathima M,+91 8782911467,48,Walk-in,Chicken Wings (5 pc),No,1,130,karur_kalam,Yes,13,117,Paytm,4,"Excellent flavour, family panindhalum enjoy pannanga"
2026-05-02,19:05,Prakash R,+91 7691669784,50,Phone Call,Chicken Wings (5 pc),No,1,130,karur_kalam,No,0,130,Paytm,4,
2026-05-02,19:34,Gowtham Raj,+91 6360437455,43,Walk-in,Chicken Lollipop (4 pc),No,1,130,karur_kalam,No,0,130,GPay,4,"Amazing bbq stall, must try in this area"
2026-05-02,21:40,,+91 8947922701,52,Walk-in,Chicken Lollipop (4 pc),No,1,130,karur_kalam,No,0,130,Cash,,"Loved the combo, perfect spice level"
2026-05-02,20:07,Rajesh,+91 6818835523,21,Walk-in,Chicken Lollipop (4 pc),No,1,130,karur_kalam,Yes,13,117,Cash,4,
2026-05-02,21:45,Harish Kumar,+91 9214895134,29,Phone Call,Chicken Lollipop (4 pc),No,1,130,karur_kalam,No,0,130,,3,"Taste romba pramadham illa, sagalama irundhuchu"
2026-05-02,18:30,Kalaivani,+91 8475398792,57,Walk-in,Chicken Leg (2 pc),No,1,130,karur_kalam,Yes,13,117,Paytm,4,"Excellent flavour, family panindhalum enjoy pannanga"
2026-05-02,22:25,Iniya Babu,+91 6643171390,18,Phone Call,Chicken Leg (2 pc),No,2,260,karur_kalam,No,0,260,GPay,3,
2026-05-02,21:26,Gowtham Prasad,+91 8980841241,21,Phone Call,Chicken Wings (5 pc),No,1,130,karur_kalam,No,0,130,PhonePe,,"Semma taste bro, chicken romba soft ah irundhuchu"
2026-05-03,20:58,Naveen K,+91 8991022901,32,Phone Call,Chicken Wings (5 pc),No,1,130,karur_kalam,Yes,13,117,PhonePe,4,"Vera level taste, oru sight ah irundhuchu"
2026-05-03,21:31,,+91 6995604661,50,Walk-in,Chicken Lollipop (4 pc),No,1,130,karur_kalam,No,0,130,GPay,4,
2026-05-03,19:02,Suresh,+91 7389083863,43,Walk-in,Chicken Lollipop (4 pc),No,1,130,karur_kalam,No,0,130,Cash,5,"Amazing bbq stall, must try in this area"
2026-05-03,20:03,Swathi R,+91 9230913075,41,Phone Call,Chicken Wings (5 pc),No,1,130,karur_kalam,Yes,13,117,PhonePe,4,"Great value for money, fresh and hot"
2026-05-03,20:16,,+91 9890052994,24,Walk-in,Chicken Lollipop (4 pc),No,1,130,karur_kalam,No,0,130,PhonePe,4,
2026-05-03,18:41,Sathish,+91 7583303613,23,Walk-in,Chicken Leg (2 pc),No,2,260,karur_kalam,Yes,26,234,Cash,4,"Wings semma crispy ah irundhuchu, thanks anna"
2026-05-03,18:15,Karthik M,+91 6107808766,45,Walk-in,Chicken Leg (2 pc),No,2,260,karur_kalam,No,0,260,GPay,4,
2026-05-03,19:05,Arun Kumar,+91 7387262473,19,Walk-in,Chicken Wings (5 pc),No,1,130,karur_kalam,No,0,130,PhonePe,,"Semma taste bro, chicken romba soft ah irundhuchu"
2026-05-03,21:07,Lakshmi,+91 7930103105,19,Walk-in,Chicken Leg (2 pc),No,1,130,karur_kalam,No,0,130,Paytm,5,"Amazing bbq stall, must try in this area"
2026-05-03,20:08,Abdul Kareem S,+91 9008484086,26,Walk-in,Chicken Leg (2 pc),No,1,130,karur_kalam,No,0,130,Cash,4,"Chicken leg romba soft ah vekachu irundhuchu, super"
2026-05-03,17:11,Vijay,+91 8396907844,45,Walk-in,Chicken Lollipop (4 pc),No,1,130,karur_kalam,No,0,130,GPay,,"Loved the combo, perfect spice level"
2026-05-03,19:47,Ramesh,+91 7939409965,,Walk-in,Chicken Wings (5 pc),No,1,130,karur_kalam,No,0,130,GPay,5,"Ultimate taste anna, naa daily varen"
2026-05-03,17:03,,+91 7844221384,28,Walk-in,Chicken Wings (5 pc),No,1,130,karur_kalam,No,0,130,Cash,3,"Average, expected more spice"
2026-05-03,20:11,Divya Kumar,+91 7752431069,16,Phone Call,Chicken Wings (5 pc),No,1,130,karur_kalam,Yes,13,117,PhonePe,3,"Okay okay taste, but konjam salt adhigama irundhuchu"
2026-05-03,19:31,Manoj Babu,+91 8693186062,29,Walk-in,Chicken Lollipop (4 pc),No,1,130,karur_kalam,No,0,130,GPay,5,"Vera level taste, oru sight ah irundhuchu"
2026-05-03,19:14,Swathi S,+91 7554665905,19,Phone Call,Chicken Lollipop (4 pc),No,1,130,karur_kalam,No,0,130,Paytm,2,"Cold ah kudutanga, expected hot and fresh"
2026-05-03,20:17,Gopal Babu,+91 7293183933,36,Phone Call,Chicken Leg (2 pc),No,1,130,karur_kalam,No,0,130,GPay,,"Excellent flavour, family panindhalum enjoy pannanga"
2026-05-03,20:30,Ravi S,+91 9423536937,,Walk-in,Chicken Lollipop (4 pc),No,1,130,karur_kalam,No,0,130,Cash,3,
2026-05-03,21:09,Elango Prasad,+91 6894284088,47,Walk-in,Chicken Leg (2 pc),No,1,130,karur_kalam,No,0,130,GPay,,
2026-05-03,17:42,Vignesh Babu,+91 6559648703,23,Walk-in,Chicken Lollipop (4 pc),No,1,130,karur_kalam,No,0,130,Cash,4,"Semma taste bro, chicken romba soft ah irundhuchu"
2026-05-03,17:27,Karthik Devi,+91 9974034471,58,Phone Call,Chicken Wings (5 pc),No,1,130,karur_kalam,Yes,13,117,GPay,5,"Super spicy and juicy, best bbq in area"
2026-05-03,19:22,Divya,+91 7446265561,,Walk-in,Chicken Lollipop (4 pc),No,1,130,karur_kalam,No,0,130,Paytm,5,"Nalla crispy ah irundhuchu, quantity um super"
2026-05-03,20:59,Farhan Devi,+91 9416052975,20,Walk-in,Chicken Lollipop (4 pc),No,2,260,karur_kalam,No,0,260,Cash,5,
2026-05-03,21:31,Iniya S,+91 9287431527,56,Phone Call,Chicken Wings (5 pc),No,1,130,karur_kalam,No,0,130,Cash,5,"Loved the combo, perfect spice level"
2026-05-03,21:06,John Devi,+91 7229270653,43,Phone Call,Chicken Wings (5 pc),No,1,130,karur_kalam,No,0,130,Paytm,5,"Semma taste bro, chicken romba soft ah irundhuchu"
2026-05-03,17:49,Kumar Kumar,+91 6190790306,43,Phone Call,Chicken Wings (5 pc),No,1,130,karur_kalam,No,0,130,GPay,4,
2026-05-03,19:45,Rajesh,+91 6422842102,15,Walk-in,Chicken Wings (5 pc),No,1,130,karur_kalam,No,0,130,Cash,5,
2026-05-03,21:20,Kumar S,+91 8467854458,46,Phone Call,Chicken Lollipop (4 pc),No,1,130,karur_kalam,No,0,130,Cash,5,"Super spicy and juicy, best bbq in area"
2026-05-03,19:23,Iniya R,+91 8477725228,46,Walk-in,Chicken Lollipop (4 pc),No,1,130,karur_kalam,No,0,130,PhonePe,4,"Loved the combo, perfect spice level"
2026-05-03,19:13,Yazhini S,+91 8597118972,33,Walk-in,Chicken Wings (5 pc),No,1,130,karur_kalam,No,0,130,Cash,,
2026-05-03,18:04,Nithya S,+91 7634351751,49,Walk-in,Chicken Leg (2 pc),No,1,130,karur_kalam,No,0,130,GPay,3,Quantity konjam kammiya irundhuchu but taste okay
2026-05-03,19:38,Bala,+91 7820749596,26,Walk-in,Chicken Leg (2 pc),No,1,130,karur_kalam,No,0,130,PhonePe,,"Freshly grilled and juicy, highly recommend"
2026-05-04,21:43,Rajesh Kumar,+91 8339421047,17,Walk-in,Chicken Lollipop (4 pc),No,1,130,karur_kalam,No,0,130,PhonePe,4,"Chicken leg romba soft ah vekachu irundhuchu, super"
2026-05-04,21:08,Lakshmi,+91 7930103105,19,Phone Call,Chicken Wings (5 pc),No,1,130,karur_kalam,Yes,13,117,PhonePe,5,"Wings semma crispy ah irundhuchu, thanks anna"
2026-05-04,21:34,,+91 7583132370,38,Phone Call,Chicken Wings (5 pc),No,1,130,karur_kalam,No,0,130,PhonePe,5,Very tasty and quick service too
2026-05-04,20:15,Bala Prasad,+91 6607714976,33,Walk-in,Chicken Leg (2 pc),No,1,130,karur_kalam,Yes,13,117,Paytm,4,"Ultimate taste anna, naa daily varen"
2026-05-04,18:10,Iniya Prasad,+91 7117005245,54,Walk-in,Chicken Leg (2 pc),No,1,130,karur_kalam,No,0,130,GPay,5,
2026-05-04,21:52,Kumar R,+91 8569092755,43,Walk-in,Chicken Wings (5 pc),No,1,130,karur_kalam,No,0,130,Cash,5,
2026-05-04,20:25,Swathi Prasad,+91 7982595269,34,Walk-in,Chicken Lollipop (4 pc),No,1,130,karur_kalam,No,0,130,Cash,5,
2026-05-04,19:24,Kumar R,+91 8569092755,,Phone Call,Chicken Wings (5 pc),No,1,130,karur_kalam,No,0,130,Cash,5,
2026-05-04,17:46,,+91 6136354313,30,Walk-in,Chicken Wings (5 pc),No,1,130,karur_kalam,No,0,130,GPay,3,
2026-05-04,17:02,Swathi Prasad,+91 7982595269,,Phone Call,Chicken Leg (2 pc),No,2,260,karur_kalam,No,0,260,PhonePe,2,"Quantity kammiya kudutanga, not worth the price"
2026-05-04,19:45,Lakshmi K,+91 6297670644,15,Walk-in,Chicken Leg (2 pc),No,1,130,karur_kalam,No,0,130,GPay,5,
2026-05-04,21:32,Joseph Prasad,+91 6756551256,59,Phone Call,Chicken Wings (5 pc),No,1,130,karur_kalam,No,0,130,GPay,4,
2026-05-04,20:11,Revathi S,+91 6080132677,28,Phone Call,Chicken Wings (5 pc),No,1,130,karur_kalam,No,0,130,Cash,5,"Amazing bbq stall, must try in this area"
2026-05-04,20:32,John S,+91 6893246095,30,Phone Call,Chicken Leg (2 pc),No,1,130,karur_kalam,No,0,130,GPay,5,
2026-05-04,19:29,Elango S,+91 8987769453,20,Phone Call,Chicken Wings (5 pc),No,2,260,karur_kalam,Yes,26,234,PhonePe,4,"Ultimate taste anna, naa daily varen"
2026-05-04,22:14,Selvam,+91 9400524278,,Phone Call,Chicken Wings (5 pc),No,1,130,karur_kalam,No,0,130,PhonePe,4,
2026-05-04,20:56,Deepa S,+91 6112805982,42,Walk-in,Chicken Lollipop (4 pc),No,1,130,karur_kalam,No,0,130,GPay,5,"Ultimate taste anna, naa daily varen"
2026-05-04,18:54,Senthil R,+91 9469061096,17,Walk-in,Chicken Wings (5 pc),No,1,130,karur_kalam,No,0,130,PhonePe,4,"Kalakalappa irundhuchu, next time friends oda varen"
2026-05-04,21:20,Sathish Kumar,+91 8843443757,37,Walk-in,Chicken Lollipop (4 pc),No,1,130,karur_kalam,No,0,130,GPay,3,"It was fine, nothing special"
2026-05-04,22:34,Naveen Devi,+91 7873342708,41,Phone Call,Chicken Wings (5 pc),No,1,130,karur_kalam,No,0,130,PhonePe,4,"Wings semma crispy ah irundhuchu, thanks anna"
2026-05-04,19:08,Senthil,+91 7141888059,23,Phone Call,Chicken Wings (5 pc),No,1,130,karur_kalam,No,0,130,GPay,4,"Semma taste bro, chicken romba soft ah irundhuchu"
2026-05-04,18:35,Ayesha Kumar,+91 9706197500,28,Walk-in,Chicken Leg (2 pc),No,1,130,karur_kalam,No,0,130,Cash,5,
2026-05-04,19:33,Karthik Babu,+91 7534858425,36,Walk-in,Chicken Wings (5 pc),No,1,130,karur_kalam,No,0,130,Card,4,"Amazing bbq stall, must try in this area"
2026-05-04,20:03,Sathish,+91 8798169535,24,Walk-in,Chicken Leg (2 pc),No,1,130,karur_kalam,No,0,130,Cash,5,Very tasty and quick service too
2026-05-04,22:56,,+91 6193958981,60,Walk-in,Chicken Leg (2 pc),No,1,130,karur_kalam,No,0,130,Cash,5,"Best chicken lollipop I've had, will come again"
2026-05-04,19:37,Ayesha Babu,+91 7145623285,48,Phone Call,Chicken Wings (5 pc),No,1,130,karur_kalam,No,0,130,PhonePe,3,"Average, expected more spice"
2026-05-04,18:38,Pradeep Prasad,+91 6430305486,49,Walk-in,Chicken Lollipop (4 pc),No,1,130,karur_kalam,No,0,130,PhonePe,,"It was fine, nothing special"
2026-05-04,18:17,Sivakumar S,+91 8991216558,38,Walk-in,Chicken Lollipop (4 pc),No,1,130,karur_kalam,No,0,130,Cash,4,"Chicken leg romba soft ah vekachu irundhuchu, super"
2026-05-04,19:40,,+91 9401489025,16,Phone Call,Chicken Lollipop (4 pc),No,1,130,karur_kalam,No,0,130,PhonePe,4,"Ultimate taste anna, naa daily varen"
2026-05-04,18:44,Gowtham Babu,+91 6435395956,53,Walk-in,Chicken Wings (5 pc),No,1,130,karur_kalam,No,0,130,GPay,,"Nalla crispy ah irundhuchu, quantity um super"
2026-05-04,18:06,Selvam,+91 8277374811,,Walk-in,Chicken Lollipop (4 pc),No,1,130,karur_kalam,No,0,130,,4,
2026-05-04,22:22,Lakshmi Babu,+91 9825731302,,Walk-in,Chicken Wings (5 pc),No,1,130,karur_kalam,No,0,130,PhonePe,2,"Too salty, not up to the mark today"
2026-05-04,21:42,Pradeep Babu,+91 7462475107,54,Phone Call,Chicken Wings (5 pc),No,1,130,karur_kalam,No,0,130,GPay,,"Chicken leg romba soft ah vekachu irundhuchu, super"
2026-05-04,22:47,John S,+91 6893246095,30,Walk-in,Chicken Wings (5 pc),No,1,130,karur_kalam,No,0,130,Cash,4,
2026-05-04,20:01,Yazhini Kumar,+91 7206152501,,Walk-in,Chicken Lollipop (4 pc),No,1,130,karur_kalam,No,0,130,PhonePe,4,
2026-05-04,22:44,Muthu,+91 9759174890,53,Walk-in,Chicken Leg (2 pc),No,1,130,karur_kalam,No,0,130,Cash,3,
2026-05-04,19:36,Meena,+91 7018366752,38,Walk-in,Chicken Leg (2 pc),No,1,130,karur_kalam,Yes,13,117,Cash,4,"Ultimate taste anna, naa daily varen"
2026-05-04,22:05,Ayesha S,+91 7218987016,24,Walk-in,Chicken Lollipop (4 pc),No,1,130,karur_kalam,No,0,130,,5,"Vera level taste, oru sight ah irundhuchu"
2026-05-04,21:22,John Prasad,+91 8315027439,30,Walk-in,Chicken Lollipop (4 pc),No,1,130,karur_kalam,No,0,130,Cash,5,
2026-05-04,17:03,Bala K,+91 9958607250,53,Walk-in,Chicken Leg (2 pc),No,1,130,karur_kalam,No,0,130,PhonePe,5,"Freshly grilled and juicy, highly recommend"
2026-05-04,19:05,Vidya Raj,+91 8281349785,43,Walk-in,Chicken Lollipop (4 pc),No,1,130,karur_kalam,No,0,130,Cash,5,"Chicken leg romba soft ah vekachu irundhuchu, super"
2026-05-04,19:15,Priya Kumar,+91 8283644089,26,Walk-in,Chicken Lollipop (4 pc),No,1,130,karur_kalam,No,0,130,PhonePe,5,"Freshly grilled and juicy, highly recommend"
2026-05-05,21:25,Nithya Raj,+91 9707034562,19,Walk-in,Chicken Lollipop (4 pc),No,1,130,karur_kalam,No,0,130,Cash,4,
2026-05-05,20:24,Naveen,+91 6454906547,48,Walk-in,Chicken Wings (5 pc),No,1,130,karur_kalam,No,0,130,GPay,3,"Average, expected more spice"
2026-05-05,19:29,Revathi,+91 6749890061,50,Walk-in,Chicken Wings (5 pc),No,2,260,karur_kalam,Yes,26,234,Cash,5,"Amazing bbq stall, must try in this area"
2026-05-05,20:39,Gowtham R,+91 8445076547,48,Walk-in,Chicken Leg (2 pc),No,1,130,karur_kalam,No,0,130,PhonePe,4,"Super spicy and juicy, best bbq in area"
2026-05-05,17:12,Revathi Raj,+91 8499045301,44,Walk-in,Chicken Lollipop (4 pc),No,2,260,karur_kalam,No,0,260,Cash,4,"Vera level taste, oru sight ah irundhuchu"
2026-05-05,20:02,Dinesh K,+91 9498941343,38,Walk-in,Chicken Lollipop (4 pc),No,1,130,karur_kalam,No,0,130,Cash,3,"Taste romba pramadham illa, sagalama irundhuchu"
2026-05-05,20:15,Arun Babu,+91 8940781618,,Walk-in,Chicken Wings (5 pc),No,1,130,karur_kalam,No,0,130,GPay,3,"Taste romba pramadham illa, sagalama irundhuchu"
2026-05-05,22:22,Vignesh Kumar,+91 8957885685,37,Phone Call,Chicken Wings (5 pc),No,1,130,karur_kalam,No,0,130,PhonePe,4,
2026-05-05,18:15,Rajesh M,+91 9504773586,,Phone Call,Chicken Lollipop (4 pc),No,1,130,karur_kalam,No,0,130,GPay,5,
2026-05-05,21:22,Pradeep Devi,+91 6803038794,25,Walk-in,Chicken Leg (2 pc),No,2,260,karur_kalam,No,0,260,Cash,5,"Vera level taste, oru sight ah irundhuchu"
2026-05-05,20:40,Pradeep Kumar,+91 8841438424,54,Phone Call,Chicken Wings (5 pc),No,2,260,karur_kalam,No,0,260,Cash,3,
2026-05-05,18:37,Manoj R,+91 9194311426,60,Phone Call,Chicken Lollipop (4 pc),No,1,130,karur_kalam,No,0,130,Paytm,3,
2026-05-05,21:19,Harish Kumar,+91 9214895134,29,Phone Call,Chicken Leg (2 pc),No,1,130,karur_kalam,Yes,13,117,GPay,4,"Kalakalappa irundhuchu, next time friends oda varen"
2026-05-05,19:28,Sowmya Babu,+91 7481328180,21,Walk-in,Chicken Wings (5 pc),No,1,130,karur_kalam,No,0,130,Cash,4,
2026-05-05,17:27,Naveen,+91 9841459332,45,Phone Call,Chicken Leg (2 pc),No,1,130,karur_kalam,No,0,130,Cash,5,"Amazing bbq stall, must try in this area"
2026-05-05,17:33,Meena,+91 7018366752,38,Walk-in,Chicken Leg (2 pc),No,2,260,karur_kalam,No,0,260,Cash,4,"Best chicken lollipop I've had, will come again"
2026-05-05,22:59,Abdul Kareem K,+91 7734670656,25,Walk-in,Chicken Leg (2 pc),No,1,130,karur_kalam,No,0,130,GPay,3,
2026-05-05,19:27,Meena Prasad,+91 7341016668,45,Walk-in,Chicken Wings (5 pc),No,1,130,karur_kalam,No,0,130,Cash,3,
2026-05-05,18:21,Farhan Devi,+91 7185188888,16,Phone Call,Chicken Wings (5 pc),No,1,130,karur_kalam,No,0,130,Cash,4,
2026-05-05,21:05,Karthik R,+91 9603859770,28,Phone Call,Chicken Lollipop (4 pc),No,1,130,karur_kalam,No,0,130,PhonePe,,
2026-05-05,19:20,Iniya Raj,+91 6873178529,45,Walk-in,Chicken Wings (5 pc),No,1,130,karur_kalam,No,0,130,PhonePe,3,
2026-05-05,22:06,Anitha R,+91 9927429003,54,Walk-in,Chicken Lollipop (4 pc),No,1,130,karur_kalam,No,0,130,Cash,,
2026-05-05,20:26,Sowmya Kumar,+91 9480521702,17,Walk-in,Chicken Wings (5 pc),No,1,130,karur_kalam,No,0,130,Paytm,4,"Chicken leg romba soft ah vekachu irundhuchu, super"
2026-05-05,20:31,Elango Prasad,+91 6822782489,42,Phone Call,Chicken Lollipop (4 pc),No,1,130,karur_kalam,No,0,130,,4,
2026-05-05,21:14,Meena Raj,+91 8888444245,18,Walk-in,Chicken Wings (5 pc),No,1,130,karur_kalam,No,0,130,Cash,5,"Kalakalappa irundhuchu, next time friends oda varen"
2026-05-05,18:23,Prakash Kumar,+91 9231665876,18,Phone Call,Chicken Leg (2 pc),No,1,130,karur_kalam,No,0,130,GPay,4,"Loved the combo, perfect spice level"
2026-05-05,20:31,Manoj,+91 6268186850,40,Walk-in,Chicken Leg (2 pc),No,1,130,karur_kalam,No,0,130,Cash,4,"Excellent flavour, family panindhalum enjoy pannanga"
2026-05-05,21:25,,+91 7424235928,48,Walk-in,Chicken Lollipop (4 pc),No,1,130,karur_kalam,No,0,130,Cash,,"Konjam over cooked ah irundhuchu, disappointed"
2026-05-05,20:16,Vidya Kumar,+91 8738299737,41,Walk-in,Chicken Leg (2 pc),No,1,130,karur_kalam,No,0,130,Paytm,2,
2026-05-05,20:22,Ramesh K,+91 9275733200,41,Walk-in,Chicken Lollipop (4 pc),No,1,130,karur_kalam,Yes,13,117,Cash,,"Freshly grilled and juicy, highly recommend"
2026-05-05,19:04,Senthil R,+91 8235845963,50,Walk-in,Chicken Leg (2 pc),No,1,130,karur_kalam,No,0,130,Cash,,"Excellent flavour, family panindhalum enjoy pannanga"
2026-05-05,20:58,Kalaivani,+91 9535560932,,Phone Call,Chicken Lollipop (4 pc),No,1,130,karur_kalam,No,0,130,GPay,,
2026-05-05,21:30,Anitha Kumar,+91 8024026811,45,Walk-in,Chicken Lollipop (4 pc),No,1,130,karur_kalam,No,0,130,Cash,5,"Ultimate taste anna, naa daily varen"
2026-05-05,22:09,Vidya Devi,+91 9908740640,28,Phone Call,Chicken Lollipop (4 pc),No,1,130,karur_kalam,No,0,130,GPay,5,
2026-05-05,18:33,Joseph,+91 6433218196,,Walk-in,Chicken Lollipop (4 pc),No,1,130,karur_kalam,No,0,130,Cash,5,
2026-05-05,22:24,Kavya Kumar,+91 6515220472,60,Walk-in,Chicken Lollipop (4 pc),No,1,130,karur_kalam,No,0,130,Cash,5,"Nalla crispy ah irundhuchu, quantity um super"
2026-05-05,21:47,Iniya M,+91 8485211215,51,Walk-in,Chicken Leg (2 pc),No,1,130,karur_kalam,No,0,130,GPay,,"Best chicken lollipop I've had, will come again"
2026-05-05,20:51,Arun Prasad,+91 9069053370,58,Walk-in,Chicken Leg (2 pc),No,2,260,karur_kalam,Yes,26,234,PhonePe,5,
2026-05-05,19:21,Meena Prasad,+91 6902294131,,Phone Call,Chicken Leg (2 pc),No,2,260,karur_kalam,No,0,260,Cash,,"Kalakalappa irundhuchu, next time friends oda varen"
2026-05-06,17:42,Sowmya Kumar,+91 8403317393,40,Phone Call,Chicken Lollipop (4 pc),No,1,130,karur_kalam,No,0,130,GPay,4,"Vera level taste, oru sight ah irundhuchu"
2026-05-06,22:50,,+91 8940781618,33,Walk-in,Chicken Lollipop (4 pc),No,2,260,karur_kalam,No,0,260,GPay,,"Kalakalappa irundhuchu, next time friends oda varen"
2026-05-06,20:28,Vignesh,+91 8593348869,35,Walk-in,Chicken Leg (2 pc),No,1,130,karur_kalam,No,0,130,Paytm,4,
2026-05-06,20:30,Swathi R,+91 9230913075,41,Phone Call,Chicken Wings (5 pc),No,1,130,karur_kalam,No,0,130,Cash,5,"Great value for money, fresh and hot"
2026-05-06,18:21,Anand,+91 6993308330,21,Phone Call,Chicken Leg (2 pc),No,2,260,karur_kalam,No,0,260,GPay,5,"Best chicken lollipop I've had, will come again"
2026-05-06,20:38,Fathima M,+91 8782911467,48,Walk-in,Chicken Leg (2 pc),No,1,130,karur_kalam,Yes,13,117,Cash,5,
2026-05-06,21:09,Elango S,+91 8987769453,,Phone Call,Chicken Leg (2 pc),No,2,260,karur_kalam,No,0,260,GPay,4,"Super spicy and juicy, best bbq in area"
2026-05-06,20:38,Gopal Kumar,+91 7460639818,15,Walk-in,Chicken Wings (5 pc),No,1,130,karur_kalam,No,0,130,Cash,,"Nalla crispy ah irundhuchu, quantity um super"
2026-05-06,19:56,,+91 9567661825,22,Walk-in,Chicken Lollipop (4 pc),No,1,130,karur_kalam,No,0,130,Card,5,
2026-05-06,19:35,Selvam,+91 9400524278,60,Walk-in,Chicken Leg (2 pc),No,1,130,karur_kalam,No,0,130,,4,"Wings semma crispy ah irundhuchu, thanks anna"
2026-05-06,20:20,Swathi S,+91 7554665905,19,Walk-in,Chicken Lollipop (4 pc),No,1,130,karur_kalam,No,0,130,GPay,,
2026-05-06,18:35,Meena Prasad,+91 6902294131,50,Walk-in,Chicken Leg (2 pc),No,1,130,karur_kalam,Yes,13,117,Card,2,"Quantity kammiya kudutanga, not worth the price"
2026-05-06,20:32,Senthil Devi,+91 6634051300,37,Walk-in,Chicken Wings (5 pc),No,1,130,karur_kalam,No,0,130,GPay,,"Great value for money, fresh and hot"
2026-05-06,20:20,John M,+91 9817548144,23,Walk-in,Chicken Lollipop (4 pc),No,1,130,karur_kalam,No,0,130,Paytm,4,
2026-05-06,21:37,Gopal Prasad,+91 8687927185,37,Walk-in,Chicken Lollipop (4 pc),No,1,130,karur_kalam,No,0,130,Cash,4,"Semma taste bro, chicken romba soft ah irundhuchu"
2026-05-06,18:08,Arun Prasad,+91 9793936939,,Walk-in,Chicken Wings (5 pc),No,1,130,karur_kalam,No,0,130,PhonePe,5,"Ultimate taste anna, naa daily varen"
2026-05-06,18:20,Arun,+91 8681389331,28,Phone Call,Chicken Lollipop (4 pc),No,1,130,karur_kalam,No,0,130,GPay,3,"It was fine, nothing special"
2026-05-06,20:29,Muthu Raj,+91 6762851030,19,Walk-in,Chicken Leg (2 pc),No,1,130,karur_kalam,No,0,130,Cash,,
2026-05-06,18:41,Naveen K,+91 8991022901,32,Phone Call,Chicken Lollipop (4 pc),No,1,130,karur_kalam,No,0,130,GPay,4,
2026-05-06,19:52,Ravi Raj,+91 6850166415,16,Walk-in,Chicken Lollipop (4 pc),No,1,130,karur_kalam,No,0,130,Paytm,4,"Loved the combo, perfect spice level"
2026-05-06,21:10,John Kumar,+91 6493928223,38,Walk-in,Chicken Lollipop (4 pc),No,1,130,karur_kalam,No,0,130,PhonePe,5,"Best chicken lollipop I've had, will come again"
2026-05-06,21:02,Senthil M,+91 6652773087,59,Walk-in,Chicken Leg (2 pc),No,2,260,karur_kalam,Yes,26,234,Cash,4,"Semma taste bro, chicken romba soft ah irundhuchu"
2026-05-06,21:27,Murugan R,+91 9765172775,29,Walk-in,Chicken Lollipop (4 pc),No,1,130,karur_kalam,No,0,130,Cash,3,"Average, expected more spice"
2026-05-06,18:37,Selvam R,+91 6217659180,29,Walk-in,Chicken Wings (5 pc),No,1,130,karur_kalam,No,0,130,Paytm,2,"Quantity kammiya kudutanga, not worth the price"
2026-05-06,22:53,Kavya Devi,+91 9309066958,18,Walk-in,Chicken Lollipop (4 pc),No,1,130,karur_kalam,No,0,130,Paytm,4,
2026-05-06,20:50,Kumar R,+91 8569092755,43,Walk-in,Chicken Wings (5 pc),No,1,130,karur_kalam,No,0,130,Cash,,
2026-05-06,22:27,,+91 8298280379,58,Walk-in,Chicken Leg (2 pc),No,1,130,karur_kalam,No,0,130,Cash,2,"Konjam over cooked ah irundhuchu, disappointed"
2026-05-06,19:52,Deepa Raj,+91 9442216968,53,Walk-in,Chicken Wings (5 pc),No,1,130,karur_kalam,No,0,130,GPay,,"Wings semma crispy ah irundhuchu, thanks anna"
2026-05-06,18:43,,+91 9851604817,38,Walk-in,Chicken Leg (2 pc),No,2,260,karur_kalam,No,0,260,Cash,3,"It was fine, nothing special"
2026-05-06,19:23,Ayesha Babu,+91 6718702621,45,Walk-in,Chicken Wings (5 pc),No,1,130,karur_kalam,No,0,130,Cash,5,"Semma taste bro, chicken romba soft ah irundhuchu"
2026-05-06,21:14,Farhan Devi,+91 7185188888,16,Walk-in,Chicken Lollipop (4 pc),No,1,130,karur_kalam,No,0,130,PhonePe,5,"Kalakalappa irundhuchu, next time friends oda varen"
2026-05-06,19:03,Prakash Prasad,+91 8687833918,43,Phone Call,Chicken Lollipop (4 pc),No,1,130,karur_kalam,No,0,130,PhonePe,,"Nalla crispy ah irundhuchu, quantity um super"
2026-05-06,22:18,Yazhini Devi,+91 8648236629,51,Phone Call,Chicken Wings (5 pc),No,1,130,karur_kalam,No,0,130,Cash,5,
2026-05-06,20:41,Dinesh K,+91 9401489025,,Walk-in,Chicken Lollipop (4 pc),No,2,260,karur_kalam,No,0,260,GPay,3,"Average, expected more spice"
2026-05-06,21:45,Iniya S,+91 9287431527,,Phone Call,Chicken Wings (5 pc),No,1,130,karur_kalam,No,0,130,Cash,,"Great value for money, fresh and hot"
2026-05-06,20:07,Senthil Raj,+91 7618324210,25,Phone Call,Chicken Leg (2 pc),No,1,130,karur_kalam,No,0,130,PhonePe,4,"Freshly grilled and juicy, highly recommend"
2026-05-06,21:30,Ayesha Raj,+91 6265423511,39,Phone Call,Chicken Lollipop (4 pc),No,1,130,karur_kalam,No,0,130,,5,"Super spicy and juicy, best bbq in area"
2026-05-06,19:48,Joseph Prasad,+91 9515021864,36,Walk-in,Chicken Leg (2 pc),No,2,260,karur_kalam,No,0,260,Cash,,"Taste romba pramadham illa, sagalama irundhuchu"
2026-05-06,19:37,Ravi S,+91 9423536937,50,Phone Call,Chicken Leg (2 pc),No,1,130,karur_kalam,No,0,130,GPay,3,"Average, expected more spice"
2026-05-06,19:03,Pradeep K,+91 8600642092,24,Walk-in,Chicken Leg (2 pc),No,1,130,karur_kalam,No,0,130,PhonePe,4,
2026-05-06,19:54,Vijay K,+91 7032232354,,Walk-in,Chicken Wings (5 pc),No,2,260,karur_kalam,No,0,260,Cash,4,"Amazing bbq stall, must try in this area"
2026-05-06,21:13,Manoj,+91 9382459622,29,Walk-in,Chicken Wings (5 pc),No,1,130,karur_kalam,No,0,130,Paytm,5,"Nalla crispy ah irundhuchu, quantity um super"
2026-05-07,21:59,Rajesh Kumar,+91 8339421047,,Phone Call,Chicken Lollipop (4 pc),No,1,130,karur_kalam,No,0,130,Cash,4,
2026-05-07,17:10,Kavya K,+91 6532092835,30,Walk-in,Chicken Wings (5 pc),No,1,130,karur_kalam,No,0,130,Cash,5,
2026-05-07,20:57,Saravanan R,+91 7673657661,35,Phone Call,Chicken Lollipop (4 pc),No,1,130,karur_kalam,Yes,13,117,PhonePe,5,"Loved the combo, perfect spice level"
2026-05-07,20:36,Elango S,+91 9872774348,,Walk-in,Chicken Leg (2 pc),No,1,130,karur_kalam,No,0,130,,5,
2026-05-07,22:09,Sathish,+91 6547642494,34,Walk-in,Chicken Lollipop (4 pc),No,1,130,karur_kalam,Yes,13,117,Paytm,4,"Chicken leg romba soft ah vekachu irundhuchu, super"
2026-05-07,18:25,John,+91 9827297213,42,Walk-in,Chicken Wings (5 pc),No,1,130,karur_kalam,No,0,130,Cash,,"Not fresh today, taste changed"
2026-05-07,22:56,Lakshmi,+91 7930103105,19,Phone Call,Chicken Lollipop (4 pc),No,1,130,karur_kalam,No,0,130,GPay,,
2026-05-07,17:52,Manoj R,+91 9194311426,60,Walk-in,Chicken Wings (5 pc),No,2,260,karur_kalam,No,0,260,GPay,4,"Vera level taste, oru sight ah irundhuchu"
2026-05-07,17:09,Kalaivani,+91 6699016272,18,Walk-in,Chicken Lollipop (4 pc),No,1,130,karur_kalam,No,0,130,PhonePe,4,"Vera level taste, oru sight ah irundhuchu"
2026-05-07,20:48,Arun,+91 7339845461,38,Phone Call,Chicken Leg (2 pc),No,1,130,karur_kalam,No,0,130,,,Very tasty and quick service too
2026-05-07,18:48,Elango Babu,+91 7224084074,51,Walk-in,Chicken Lollipop (4 pc),No,1,130,karur_kalam,No,0,130,Cash,,"Amazing bbq stall, must try in this area"
2026-05-07,17:13,Pradeep Devi,+91 7757059640,19,Walk-in,Chicken Leg (2 pc),No,2,260,karur_kalam,Yes,26,234,GPay,3,"Average, expected more spice"
2026-05-07,17:39,Selvam M,+91 6334123281,25,Walk-in,Chicken Lollipop (4 pc),No,1,130,karur_kalam,No,0,130,Cash,5,
2026-05-07,19:01,Ramesh Kumar,+91 8376724238,49,Phone Call,Chicken Wings (5 pc),No,2,260,karur_kalam,No,0,260,PhonePe,5,
2026-05-07,19:23,Manoj S,+91 9823004786,49,Phone Call,Chicken Wings (5 pc),No,1,130,karur_kalam,Yes,13,117,GPay,5,
2026-05-07,17:20,Priya R,+91 7324335069,48,Walk-in,Chicken Leg (2 pc),No,1,130,karur_kalam,No,0,130,GPay,5,"Best chicken lollipop I've had, will come again"
2026-05-07,21:44,Meena Prasad,+91 6902294131,50,Phone Call,Chicken Wings (5 pc),No,1,130,karur_kalam,No,0,130,PhonePe,4,"Freshly grilled and juicy, highly recommend"
2026-05-07,19:25,John S,+91 9798079359,45,Walk-in,Chicken Leg (2 pc),No,1,130,karur_kalam,No,0,130,PhonePe,2,"Konjam over cooked ah irundhuchu, disappointed"
2026-05-07,22:44,Ravi K,+91 7054932966,,Walk-in,Chicken Lollipop (4 pc),No,1,130,karur_kalam,No,0,130,Cash,,"Freshly grilled and juicy, highly recommend"
2026-05-07,19:02,John R,+91 9480162456,38,Walk-in,Chicken Wings (5 pc),No,1,130,karur_kalam,No,0,130,GPay,3,
2026-05-07,19:20,Gopal K,+91 6974993097,25,Phone Call,Chicken Wings (5 pc),No,1,130,karur_kalam,No,0,130,Cash,4,
2026-05-07,19:34,Anitha,+91 9263445565,50,Walk-in,Chicken Lollipop (4 pc),No,1,130,karur_kalam,No,0,130,PhonePe,4,"Excellent flavour, family panindhalum enjoy pannanga"
2026-05-07,20:30,Dhanush K,+91 6574733848,59,Phone Call,Chicken Wings (5 pc),No,1,130,karur_kalam,Yes,13,117,GPay,,"Too salty, not up to the mark today"
2026-05-07,21:39,Prakash Raj,+91 7292127799,43,Walk-in,Chicken Wings (5 pc),No,1,130,karur_kalam,No,0,130,Cash,4,"Great value for money, fresh and hot"
2026-05-07,20:12,Revathi,+91 6625352293,,Walk-in,Chicken Leg (2 pc),No,2,260,karur_kalam,No,0,260,GPay,5,
2026-05-07,19:47,Suresh R,+91 7654145868,36,Walk-in,Chicken Wings (5 pc),No,2,260,karur_kalam,No,0,260,PhonePe,,"Best chicken lollipop I've had, will come again"
2026-05-07,20:28,Meena Prasad,+91 6902294131,50,Phone Call,Chicken Lollipop (4 pc),No,2,260,karur_kalam,No,0,260,GPay,4,"Freshly grilled and juicy, highly recommend"
2026-05-07,20:03,Elango S,+91 8987769453,20,Phone Call,Chicken Leg (2 pc),No,1,130,karur_kalam,No,0,130,PhonePe,4,"Wings semma crispy ah irundhuchu, thanks anna"
2026-05-07,17:30,Senthil S,+91 7028439599,58,Phone Call,Chicken Wings (5 pc),No,1,130,karur_kalam,No,0,130,GPay,4,
2026-05-07,19:13,Anand Prasad,+91 9123728735,46,Walk-in,Chicken Wings (5 pc),No,1,130,karur_kalam,No,0,130,Cash,5,"Great value for money, fresh and hot"
2026-05-07,20:44,Anand,+91 6993308330,21,Walk-in,Chicken Wings (5 pc),No,1,130,karur_kalam,No,0,130,GPay,4,"Kalakalappa irundhuchu, next time friends oda varen"
2026-05-07,21:46,Joseph M,+91 8931034131,39,Walk-in,Chicken Leg (2 pc),No,1,130,karur_kalam,No,0,130,GPay,4,"Best chicken lollipop I've had, will come again"
2026-05-07,17:09,Revathi R,+91 9034530073,32,Walk-in,Chicken Lollipop (4 pc),No,1,130,karur_kalam,Yes,13,117,Cash,3,
2026-05-07,19:43,,+91 6875374126,16,Walk-in,Chicken Lollipop (4 pc),No,1,130,karur_kalam,Yes,13,117,PhonePe,,
2026-05-07,17:10,Manoj R,+91 9194311426,60,Walk-in,Chicken Lollipop (4 pc),No,1,130,karur_kalam,No,0,130,GPay,4,"Excellent flavour, family panindhalum enjoy pannanga"
2026-05-08,19:22,Abdul Kareem S,+91 9008484086,26,Walk-in,Chicken Leg (2 pc),No,1,130,karur_kalam,No,0,130,Cash,5,
2026-05-08,18:23,Naveen Devi,+91 6443699577,,Phone Call,Chicken Wings (5 pc),No,1,130,karur_kalam,No,0,130,Paytm,,"Cold ah kudutanga, expected hot and fresh"
2026-05-08,19:23,Swathi Prasad,+91 7982595269,34,Walk-in,Chicken Wings (5 pc),No,1,130,karur_kalam,No,0,130,Cash,3,
2026-05-08,19:31,Pradeep Devi,+91 7757059640,19,Walk-in,Chicken Leg (2 pc),No,1,130,karur_kalam,No,0,130,GPay,5,
2026-05-08,20:51,Dinesh K,+91 9401489025,,Walk-in,Chicken Lollipop (4 pc),No,1,130,karur_kalam,No,0,130,Paytm,3,"Decent taste, price sari than"
2026-05-08,20:00,Vidya Babu,+91 6182999091,15,Walk-in,Chicken Leg (2 pc),No,1,130,karur_kalam,No,0,130,Card,2,"Not fresh today, taste changed"
2026-05-08,20:28,Kumar Kumar,+91 6190790306,43,Walk-in,Chicken Lollipop (4 pc),No,1,130,karur_kalam,No,0,130,Cash,4,"Chicken leg romba soft ah vekachu irundhuchu, super"
2026-05-08,18:02,Dinesh S,+91 7465787133,,Phone Call,Chicken Lollipop (4 pc),No,1,130,karur_kalam,No,0,130,GPay,,"Chicken leg romba soft ah vekachu irundhuchu, super"
2026-05-08,18:51,Mary R,+91 9422577983,15,Walk-in,Chicken Leg (2 pc),No,1,130,karur_kalam,No,0,130,Cash,,
2026-05-08,19:11,Murugan Babu,+91 7058527722,19,Phone Call,Chicken Lollipop (4 pc),No,1,130,karur_kalam,No,0,130,Cash,5,"Freshly grilled and juicy, highly recommend"
2026-05-08,18:21,Lakshmi,+91 9449251925,34,Phone Call,Chicken Leg (2 pc),No,1,130,karur_kalam,No,0,130,GPay,4,
2026-05-08,20:52,Karthik R,+91 6845146270,31,Walk-in,Chicken Lollipop (4 pc),No,1,130,karur_kalam,No,0,130,Paytm,4,"Great value for money, fresh and hot"
2026-05-08,19:01,Divya Prasad,+91 6654051531,52,Walk-in,Chicken Lollipop (4 pc),No,1,130,karur_kalam,No,0,130,Cash,5,
2026-05-08,22:20,Ravi K,+91 9965328710,22,Phone Call,Chicken Lollipop (4 pc),No,1,130,karur_kalam,No,0,130,Cash,3,
2026-05-08,18:09,Selvam M,+91 6334123281,25,Phone Call,Chicken Leg (2 pc),No,1,130,karur_kalam,No,0,130,GPay,5,
2026-05-08,20:43,Prakash Devi,+91 7689702838,,Phone Call,Chicken Lollipop (4 pc),No,1,130,karur_kalam,No,0,130,Paytm,5,
2026-05-08,17:34,Ayesha Devi,+91 6383478626,32,Walk-in,Chicken Lollipop (4 pc),No,1,130,karur_kalam,No,0,130,GPay,,"Decent taste, price sari than"
2026-05-08,18:12,Elango M,+91 6786114076,43,Walk-in,Chicken Wings (5 pc),No,2,260,karur_kalam,Yes,26,234,Cash,4,"Freshly grilled and juicy, highly recommend"
2026-05-08,19:50,Muthu R,+91 9476219893,49,Walk-in,Chicken Leg (2 pc),No,1,130,karur_kalam,No,0,130,Cash,5,"Great value for money, fresh and hot"
2026-05-08,17:12,Vidya,+91 6715182037,43,Walk-in,Chicken Wings (5 pc),No,1,130,karur_kalam,No,0,130,PhonePe,3,"Okay okay taste, but konjam salt adhigama irundhuchu"
2026-05-08,20:58,Saravanan K,+91 6017660279,20,Walk-in,Chicken Leg (2 pc),No,1,130,karur_kalam,No,0,130,Cash,5,
2026-05-08,21:12,Murugan Prasad,+91 9527758416,20,Walk-in,Chicken Wings (5 pc),No,1,130,karur_kalam,Yes,13,117,Cash,2,
2026-05-08,22:36,Swathi Devi,+91 6447394731,,Phone Call,Chicken Wings (5 pc),No,1,130,karur_kalam,No,0,130,GPay,3,
2026-05-08,20:24,Nithya Devi,+91 6251778528,,Phone Call,Chicken Lollipop (4 pc),No,1,130,karur_kalam,No,0,130,Cash,5,
2026-05-08,18:10,Manoj M,+91 9131158250,,Walk-in,Chicken Lollipop (4 pc),No,1,130,karur_kalam,No,0,130,PhonePe,3,"It was fine, nothing special"
2026-05-08,19:15,Revathi S,+91 9558867533,51,Phone Call,Chicken Lollipop (4 pc),No,1,130,karur_kalam,No,0,130,Paytm,4,"Freshly grilled and juicy, highly recommend"
2026-05-08,20:45,Sathish,+91 8439220781,16,Walk-in,Chicken Lollipop (4 pc),No,1,130,karur_kalam,No,0,130,GPay,5,"Chicken leg romba soft ah vekachu irundhuchu, super"
2026-05-08,19:22,Dinesh Devi,+91 7510738515,,Walk-in,Chicken Wings (5 pc),No,1,130,karur_kalam,No,0,130,PhonePe,,
2026-05-08,22:45,Saravanan R,+91 7673657661,35,Walk-in,Chicken Wings (5 pc),No,1,130,karur_kalam,No,0,130,GPay,4,
2026-05-08,18:51,John Raj,+91 8198327315,50,Phone Call,Chicken Wings (5 pc),No,1,130,karur_kalam,No,0,130,Paytm,3,
2026-05-08,20:02,Saravanan Raj,+91 9840369003,34,Walk-in,Chicken Lollipop (4 pc),No,1,130,karur_kalam,No,0,130,GPay,4,
2026-05-08,21:06,Sowmya Kumar,+91 8403317393,40,Phone Call,Chicken Wings (5 pc),No,1,130,karur_kalam,Yes,13,117,GPay,4,"Best chicken lollipop I've had, will come again"
2026-05-08,20:36,,+91 7415822121,38,Walk-in,Chicken Lollipop (4 pc),No,1,130,karur_kalam,Yes,13,117,Cash,2,
2026-05-08,20:01,Pradeep Raj,+91 6081452860,,Walk-in,Chicken Wings (5 pc),No,1,130,karur_kalam,No,0,130,Cash,3,"Okay okay taste, but konjam salt adhigama irundhuchu"
2026-05-08,21:04,Ravi R,+91 9639160076,51,Walk-in,Chicken Wings (5 pc),No,1,130,karur_kalam,No,0,130,GPay,5,"Great value for money, fresh and hot"
2026-05-08,22:43,Naveen,+91 9785304456,44,Walk-in,Chicken Leg (2 pc),No,1,130,karur_kalam,No,0,130,GPay,5,
2026-05-08,21:08,Suresh K,+91 6531003309,24,Phone Call,Chicken Lollipop (4 pc),No,1,130,karur_kalam,No,0,130,GPay,,"Amazing bbq stall, must try in this area"
2026-05-08,19:25,Swathi Babu,+91 7056605999,27,Walk-in,Chicken Wings (5 pc),No,1,130,karur_kalam,Yes,13,117,PhonePe,5,"Super spicy and juicy, best bbq in area"
2026-05-08,21:50,Kavya Kumar,+91 6515220472,,Phone Call,Chicken Leg (2 pc),No,1,130,karur_kalam,No,0,130,GPay,4,
2026-05-08,19:41,Revathi Raj,+91 8499045301,44,Phone Call,Chicken Lollipop (4 pc),No,1,130,karur_kalam,No,0,130,GPay,3,"Taste romba pramadham illa, sagalama irundhuchu"
2026-05-09,20:40,Kumar M,+91 7622444721,25,Phone Call,Chicken Lollipop (4 pc),No,1,130,karur_kalam,No,0,130,Cash,4,
2026-05-09,20:05,,+91 6422842102,15,Phone Call,Chicken Leg (2 pc),No,1,130,karur_kalam,Yes,13,117,GPay,4,
2026-05-09,20:30,Joseph Kumar,+91 8714345581,23,Phone Call,Chicken Wings (5 pc),No,1,130,karur_kalam,No,0,130,PhonePe,,"Chicken leg romba soft ah vekachu irundhuchu, super"
2026-05-09,19:09,Swathi Devi,+91 6982726065,45,Walk-in,Chicken Wings (5 pc),No,1,130,karur_kalam,No,0,130,GPay,,"It was fine, nothing special"
2026-05-09,20:18,Vidya,+91 8288789259,48,Walk-in,Chicken Leg (2 pc),No,1,130,karur_kalam,No,0,130,Cash,4,
2026-05-09,20:50,Iniya Babu,+91 6643171390,18,Phone Call,Chicken Wings (5 pc),No,1,130,karur_kalam,No,0,130,Cash,3,
2026-05-09,20:22,Ramesh Prasad,+91 7715518844,25,Phone Call,Chicken Wings (5 pc),No,1,130,karur_kalam,No,0,130,GPay,3,"Average, expected more spice"
2026-05-09,20:52,Mary,+91 7431611724,16,Phone Call,Chicken Lollipop (4 pc),No,2,260,karur_kalam,No,0,260,,5,
2026-05-09,19:21,Joseph Prasad,+91 6756551256,,Phone Call,Chicken Lollipop (4 pc),No,1,130,karur_kalam,No,0,130,GPay,5,
2026-05-09,17:03,Bala Raj,+91 6975861393,,Walk-in,Chicken Lollipop (4 pc),No,1,130,karur_kalam,No,0,130,PhonePe,4,"Freshly grilled and juicy, highly recommend"
2026-05-09,20:51,,+91 6798436348,,Walk-in,Chicken Wings (5 pc),No,1,130,karur_kalam,Yes,13,117,Card,5,"Great value for money, fresh and hot"
2026-05-09,18:24,Abdul Kareem K,+91 8137078703,57,Walk-in,Chicken Leg (2 pc),No,1,130,karur_kalam,No,0,130,Cash,2,
2026-05-09,17:33,Sowmya M,+91 9646705742,15,Walk-in,Chicken Lollipop (4 pc),No,2,260,karur_kalam,No,0,260,Cash,5,"Excellent flavour, family panindhalum enjoy pannanga"
2026-05-09,18:17,Saravanan M,+91 6688709090,34,Walk-in,Chicken Lollipop (4 pc),No,1,130,karur_kalam,No,0,130,PhonePe,3,"Decent taste, price sari than"
2026-05-09,22:43,Ayesha R,+91 8259220213,54,Walk-in,Chicken Wings (5 pc),No,1,130,karur_kalam,No,0,130,PhonePe,4,"Nalla crispy ah irundhuchu, quantity um super"
2026-05-09,18:21,Muthu Devi,+91 6983584168,,Phone Call,Chicken Leg (2 pc),No,1,130,karur_kalam,No,0,130,GPay,5,"Best chicken lollipop I've had, will come again"
2026-05-09,20:44,,+91 6112805982,42,Phone Call,Chicken Wings (5 pc),No,2,260,karur_kalam,No,0,260,PhonePe,4,"Ultimate taste anna, naa daily varen"
2026-05-09,17:18,Aishwarya R,+91 8682681415,36,Walk-in,Chicken Wings (5 pc),No,1,130,karur_kalam,No,0,130,PhonePe,,
2026-05-09,18:55,Kumar M,+91 6916998543,57,Phone Call,Chicken Wings (5 pc),No,1,130,karur_kalam,Yes,13,117,Cash,3,
2026-05-09,21:19,Pradeep Babu,+91 7462475107,,Phone Call,Chicken Leg (2 pc),No,1,130,karur_kalam,No,0,130,PhonePe,5,"Ultimate taste anna, naa daily varen"
2026-05-09,20:20,Karthik S,+91 9131712748,,Walk-in,Chicken Leg (2 pc),No,1,130,karur_kalam,No,0,130,PhonePe,,"Wings semma crispy ah irundhuchu, thanks anna"
2026-05-09,19:19,Murugan Prasad,+91 9527758416,20,Walk-in,Chicken Wings (5 pc),No,1,130,karur_kalam,No,0,130,Cash,5,"Excellent flavour, family panindhalum enjoy pannanga"
2026-05-09,20:47,Sowmya,+91 8188338953,34,Walk-in,Chicken Lollipop (4 pc),No,1,130,karur_kalam,No,0,130,Cash,5,"Semma taste bro, chicken romba soft ah irundhuchu"
2026-05-09,20:10,Swathi S,+91 7554665905,19,Walk-in,Chicken Leg (2 pc),No,1,130,karur_kalam,Yes,13,117,Cash,4,"Great value for money, fresh and hot"
2026-05-09,21:29,Vignesh M,+91 8743826782,50,Walk-in,Chicken Leg (2 pc),No,1,130,karur_kalam,No,0,130,Cash,,"Excellent flavour, family panindhalum enjoy pannanga"
2026-05-09,20:24,Naveen K,+91 8991022901,32,Phone Call,Chicken Lollipop (4 pc),No,1,130,karur_kalam,No,0,130,GPay,3,Quantity konjam kammiya irundhuchu but taste okay
2026-05-09,22:50,Karthik M,+91 8777520471,19,Phone Call,Chicken Leg (2 pc),No,1,130,karur_kalam,No,0,130,GPay,3,"Not bad, but waiting time konjam adhigama irundhuchu"
2026-05-09,20:23,Sowmya Prasad,+91 6104328986,22,Phone Call,Chicken Wings (5 pc),No,1,130,karur_kalam,No,0,130,Paytm,4,
2026-05-09,22:41,Rajesh,+91 6818835523,,Phone Call,Chicken Wings (5 pc),No,1,130,karur_kalam,No,0,130,Cash,5,"Kalakalappa irundhuchu, next time friends oda varen"
2026-05-09,18:17,Ayesha Babu,+91 9947055169,34,Phone Call,Chicken Lollipop (4 pc),No,1,130,karur_kalam,No,0,130,GPay,5,"Loved the combo, perfect spice level"
2026-05-09,18:54,Muthu K,+91 6298455828,19,Walk-in,Chicken Wings (5 pc),No,1,130,karur_kalam,No,0,130,Card,4,"Super spicy and juicy, best bbq in area"
2026-05-09,19:54,Swathi S,+91 7554665905,19,Phone Call,Chicken Lollipop (4 pc),No,1,130,karur_kalam,No,0,130,GPay,5,"Best chicken lollipop I've had, will come again"
2026-05-09,18:45,Swathi,+91 6812191361,51,Walk-in,Chicken Leg (2 pc),No,1,130,karur_kalam,No,0,130,Cash,3,
2026-05-09,21:22,Harish Babu,+91 9932874342,18,Walk-in,Chicken Lollipop (4 pc),No,1,130,karur_kalam,No,0,130,PhonePe,4,"Nalla crispy ah irundhuchu, quantity um super"
2026-05-09,20:56,Senthil Babu,+91 6926925261,45,Walk-in,Chicken Lollipop (4 pc),No,1,130,karur_kalam,No,0,130,Paytm,4,"Vera level taste, oru sight ah irundhuchu"
2026-05-09,20:21,,+91 6399923239,58,Walk-in,Chicken Lollipop (4 pc),No,1,130,karur_kalam,No,0,130,Card,4,"Kalakalappa irundhuchu, next time friends oda varen"
2026-05-09,18:15,Abdul Kareem Devi,+91 9076442070,46,Walk-in,Chicken Lollipop (4 pc),No,2,260,karur_kalam,No,0,260,GPay,4,"Freshly grilled and juicy, highly recommend"
2026-05-10,21:41,Sathish Kumar,+91 8843443757,,Walk-in,Chicken Leg (2 pc),No,1,130,karur_kalam,No,0,130,Card,,
2026-05-10,18:20,Anand Devi,+91 9746550575,57,Walk-in,Chicken Leg (2 pc),No,2,260,karur_kalam,Yes,26,234,Cash,4,"Vera level taste, oru sight ah irundhuchu"
2026-05-10,22:43,Yazhini R,+91 9582029702,19,Phone Call,Chicken Wings (5 pc),No,1,130,karur_kalam,No,0,130,PhonePe,4,"Chicken leg romba soft ah vekachu irundhuchu, super"
2026-05-10,20:42,Prakash S,+91 6326029748,,Walk-in,Chicken Leg (2 pc),No,1,130,karur_kalam,No,0,130,PhonePe,4,"Wings semma crispy ah irundhuchu, thanks anna"
2026-05-10,21:12,Farhan Devi,+91 9416052975,20,Phone Call,Chicken Leg (2 pc),No,1,130,karur_kalam,No,0,130,GPay,3,"Okay okay taste, but konjam salt adhigama irundhuchu"
2026-05-10,21:22,Yazhini S,+91 6898579172,20,Walk-in,Chicken Lollipop (4 pc),No,1,130,karur_kalam,No,0,130,Cash,4,"Excellent flavour, family panindhalum enjoy pannanga"
2026-05-10,20:33,Revathi R,+91 9797643815,42,Phone Call,Chicken Wings (5 pc),No,2,260,karur_kalam,No,0,260,GPay,4,
2026-05-10,22:07,Kumar Kumar,+91 6190790306,43,Phone Call,Chicken Lollipop (4 pc),No,1,130,karur_kalam,Yes,13,117,GPay,4,"Amazing bbq stall, must try in this area"
2026-05-10,19:06,Iniya Kumar,+91 7812401476,39,Walk-in,Chicken Wings (5 pc),No,1,130,karur_kalam,No,0,130,Cash,4,
2026-05-10,21:04,Gopal K,+91 6974993097,25,Phone Call,Chicken Wings (5 pc),No,1,130,karur_kalam,No,0,130,Cash,2,"Too salty, not up to the mark today"
2026-05-10,20:39,,+91 8527111161,38,Walk-in,Chicken Leg (2 pc),No,1,130,karur_kalam,No,0,130,PhonePe,5,
2026-05-10,19:21,Iniya Babu,+91 6643171390,18,Phone Call,Chicken Lollipop (4 pc),No,1,130,karur_kalam,No,0,130,Paytm,2,
2026-05-10,18:35,Harish,+91 7725956168,53,Walk-in,Chicken Leg (2 pc),No,1,130,karur_kalam,No,0,130,Cash,4,"Chicken leg romba soft ah vekachu irundhuchu, super"
2026-05-10,20:02,Vijay M,+91 6659401399,,Phone Call,Chicken Lollipop (4 pc),No,1,130,karur_kalam,No,0,130,Cash,4,"Kalakalappa irundhuchu, next time friends oda varen"
2026-05-10,18:11,Suresh K,+91 6531003309,24,Phone Call,Chicken Leg (2 pc),No,1,130,karur_kalam,No,0,130,PhonePe,4,"Loved the combo, perfect spice level"
2026-05-10,19:38,Kalaivani R,+91 8740748217,37,Phone Call,Chicken Lollipop (4 pc),No,1,130,karur_kalam,No,0,130,GPay,,"Ultimate taste anna, naa daily varen"
2026-05-10,20:41,Joseph M,+91 8931034131,39,Walk-in,Chicken Lollipop (4 pc),No,1,130,karur_kalam,No,0,130,Cash,4,"Kalakalappa irundhuchu, next time friends oda varen"
2026-05-10,20:38,Lakshmi S,+91 6596545827,28,Walk-in,Chicken Wings (5 pc),No,1,130,karur_kalam,No,0,130,GPay,3,"Not bad, but waiting time konjam adhigama irundhuchu"
2026-05-10,20:31,Ramesh Prasad,+91 7715518844,25,Walk-in,Chicken Leg (2 pc),No,2,260,karur_kalam,No,0,260,Cash,2,"Konjam over cooked ah irundhuchu, disappointed"
2026-05-10,18:25,Dinesh R,+91 6092733852,50,Walk-in,Chicken Leg (2 pc),No,1,130,karur_kalam,No,0,130,Cash,5,"Chicken leg romba soft ah vekachu irundhuchu, super"
2026-05-10,21:33,Ramesh Babu,+91 9731753639,43,Walk-in,Chicken Lollipop (4 pc),No,1,130,karur_kalam,No,0,130,Cash,4,"Ultimate taste anna, naa daily varen"
2026-05-10,18:35,Swathi Prasad,+91 7982595269,,Walk-in,Chicken Leg (2 pc),No,1,130,karur_kalam,No,0,130,Cash,3,"Taste romba pramadham illa, sagalama irundhuchu"
2026-05-10,19:09,Gopal Raj,+91 8961586578,17,Phone Call,Chicken Lollipop (4 pc),No,1,130,karur_kalam,No,0,130,GPay,4,"Ultimate taste anna, naa daily varen"
2026-05-10,21:09,Sivakumar,+91 7902157320,49,Walk-in,Chicken Wings (5 pc),No,2,260,karur_kalam,No,0,260,PhonePe,5,
2026-05-10,19:41,Karthik M,+91 7048161133,42,Walk-in,Chicken Leg (2 pc),No,2,260,karur_kalam,No,0,260,PhonePe,,"Freshly grilled and juicy, highly recommend"
2026-05-10,19:26,,+91 6983584168,43,Walk-in,Chicken Wings (5 pc),No,1,130,karur_kalam,No,0,130,GPay,4,
2026-05-10,20:42,Farhan K,+91 9662909137,33,Walk-in,Chicken Lollipop (4 pc),No,1,130,karur_kalam,Yes,13,117,GPay,3,
2026-05-10,20:14,,+91 7654145868,36,Walk-in,Chicken Wings (5 pc),No,1,130,karur_kalam,No,0,130,GPay,,
2026-05-10,20:13,Mary Raj,+91 9383473597,,Phone Call,Chicken Lollipop (4 pc),No,1,130,karur_kalam,No,0,130,Paytm,3,"Okay okay taste, but konjam salt adhigama irundhuchu"
2026-05-10,20:23,Iniya M,+91 6147342722,18,Walk-in,Chicken Leg (2 pc),No,1,130,karur_kalam,No,0,130,GPay,5,
2026-05-10,20:38,Saravanan R,+91 7673657661,35,Phone Call,Chicken Wings (5 pc),No,1,130,karur_kalam,No,0,130,GPay,,"Best chicken lollipop I've had, will come again"
2026-05-10,19:43,,+91 6290166515,19,Walk-in,Chicken Wings (5 pc),No,1,130,karur_kalam,No,0,130,Cash,4,Very tasty and quick service too
2026-05-10,19:15,Iniya,+91 7350468015,,Walk-in,Chicken Leg (2 pc),No,1,130,karur_kalam,Yes,13,117,GPay,,"Wings semma crispy ah irundhuchu, thanks anna"
2026-05-10,18:37,Mary R,+91 9322991945,59,Phone Call,Chicken Wings (5 pc),No,1,130,karur_kalam,No,0,130,GPay,4,"Freshly grilled and juicy, highly recommend"
2026-05-10,19:03,Bala,+91 8505331586,54,Phone Call,Chicken Lollipop (4 pc),No,1,130,karur_kalam,No,0,130,PhonePe,5,"Loved the combo, perfect spice level"
2026-05-10,22:12,Murugan Babu,+91 7058527722,19,Phone Call,Chicken Wings (5 pc),No,2,260,karur_kalam,No,0,260,PhonePe,5,"Wings semma crispy ah irundhuchu, thanks anna"
2026-05-10,22:25,Gowtham Raj,+91 7742078427,22,Walk-in,Chicken Wings (5 pc),No,1,130,karur_kalam,No,0,130,PhonePe,5,"Super spicy and juicy, best bbq in area"
2026-05-10,19:57,Vijay M,+91 6659401399,,Phone Call,Chicken Leg (2 pc),No,1,130,karur_kalam,No,0,130,Cash,4,"Best chicken lollipop I've had, will come again"
2026-05-10,19:10,Murugan S,+91 7449353487,31,Phone Call,Chicken Wings (5 pc),No,1,130,karur_kalam,No,0,130,PhonePe,,"Nalla crispy ah irundhuchu, quantity um super"
2026-05-10,22:59,Rajesh,+91 6220139216,,Walk-in,Chicken Leg (2 pc),No,1,130,karur_kalam,No,0,130,GPay,4,"Nalla crispy ah irundhuchu, quantity um super"
2026-05-10,18:13,Suresh K,+91 6531003309,24,Walk-in,Chicken Lollipop (4 pc),No,1,130,karur_kalam,No,0,130,PhonePe,4,
2026-05-11,19:51,Gopal Raj,+91 8717464887,43,Phone Call,Chicken Lollipop (4 pc),No,1,130,karur_kalam,Yes,13,117,Cash,,"Kalakalappa irundhuchu, next time friends oda varen"
2026-05-11,19:45,Suresh,+91 9873395004,46,Phone Call,Chicken Leg (2 pc),No,1,130,karur_kalam,No,0,130,Cash,3,
2026-05-11,21:39,Joseph M,+91 8931034131,,Phone Call,Chicken Wings (5 pc),No,1,130,karur_kalam,No,0,130,GPay,5,Very tasty and quick service too
2026-05-11,20:26,Lakshmi Kumar,+91 7745374012,39,Walk-in,Chicken Leg (2 pc),No,1,130,karur_kalam,No,0,130,PhonePe,5,"Semma taste bro, chicken romba soft ah irundhuchu"
2026-05-11,18:42,Senthil,+91 7483827906,55,Walk-in,Chicken Leg (2 pc),No,2,260,karur_kalam,No,0,260,Cash,5,"Chicken leg romba soft ah vekachu irundhuchu, super"
2026-05-11,18:42,Naveen K,+91 8991022901,32,Walk-in,Chicken Wings (5 pc),No,1,130,karur_kalam,No,0,130,Cash,5,"Wings semma crispy ah irundhuchu, thanks anna"
2026-05-11,20:49,Pradeep R,+91 8945204524,24,Walk-in,Chicken Wings (5 pc),No,1,130,karur_kalam,No,0,130,GPay,2,"Too salty, not up to the mark today"
2026-05-11,20:18,Murugan Babu,+91 7058527722,19,Phone Call,Chicken Lollipop (4 pc),No,1,130,karur_kalam,No,0,130,PhonePe,5,"Best chicken lollipop I've had, will come again"
2026-05-11,20:11,,+91 9951270570,60,Walk-in,Chicken Lollipop (4 pc),No,1,130,karur_kalam,No,0,130,Card,,
2026-05-11,18:58,Murugan Prasad,+91 9527758416,20,Phone Call,Chicken Wings (5 pc),No,1,130,karur_kalam,Yes,13,117,Paytm,4,"Nalla crispy ah irundhuchu, quantity um super"
2026-05-11,20:36,Arun Prasad,+91 7654016242,53,Walk-in,Chicken Lollipop (4 pc),No,1,130,karur_kalam,No,0,130,Cash,5,
2026-05-11,18:54,Pradeep K,+91 6583283715,48,Walk-in,Chicken Wings (5 pc),No,1,130,karur_kalam,No,0,130,Cash,4,
2026-05-11,18:18,Mary Raj,+91 9383473597,44,Phone Call,Chicken Leg (2 pc),No,1,130,karur_kalam,No,0,130,Cash,3,"Okay okay taste, but konjam salt adhigama irundhuchu"
2026-05-11,18:49,Murugan Devi,+91 9043024193,37,Walk-in,Chicken Lollipop (4 pc),No,1,130,karur_kalam,Yes,13,117,PhonePe,,
2026-05-11,20:40,,+91 8288151473,51,Walk-in,Chicken Wings (5 pc),No,2,260,karur_kalam,No,0,260,GPay,4,
2026-05-11,18:08,Revathi Raj,+91 8499045301,44,Phone Call,Chicken Wings (5 pc),No,1,130,karur_kalam,No,0,130,GPay,,"Freshly grilled and juicy, highly recommend"
2026-05-11,20:12,Vignesh Kumar,+91 8957885685,37,Walk-in,Chicken Lollipop (4 pc),No,2,260,karur_kalam,No,0,260,Card,,
2026-05-11,20:05,Vidya Devi,+91 9908740640,28,Phone Call,Chicken Leg (2 pc),No,2,260,karur_kalam,Yes,26,234,GPay,5,
2026-05-11,20:24,Murugan,+91 9861084476,17,Walk-in,Chicken Lollipop (4 pc),No,1,130,karur_kalam,No,0,130,GPay,,
2026-05-11,21:52,Priya,+91 9122753046,30,Phone Call,Chicken Leg (2 pc),No,1,130,karur_kalam,No,0,130,Paytm,,
2026-05-11,18:20,Ayesha Babu,+91 7145623285,48,Walk-in,Chicken Leg (2 pc),No,1,130,karur_kalam,No,0,130,Cash,4,
2026-05-11,17:17,Suresh R,+91 7654145868,36,Phone Call,Chicken Leg (2 pc),No,1,130,karur_kalam,Yes,13,117,Paytm,,"Great value for money, fresh and hot"
2026-05-11,20:59,Revathi K,+91 7145726542,,Walk-in,Chicken Lollipop (4 pc),No,1,130,karur_kalam,No,0,130,PhonePe,,
2026-05-11,21:59,Joseph M,+91 8931034131,39,Walk-in,Chicken Wings (5 pc),No,1,130,karur_kalam,No,0,130,Cash,,"Amazing bbq stall, must try in this area"
2026-05-11,19:07,Suresh,+91 9873395004,46,Phone Call,Chicken Wings (5 pc),No,1,130,karur_kalam,No,0,130,Cash,4,
2026-05-11,21:19,Lakshmi,+91 7930103105,,Phone Call,Chicken Wings (5 pc),No,1,130,karur_kalam,No,0,130,Cash,4,"Best chicken lollipop I've had, will come again"
2026-05-11,17:36,Deepa,+91 9328798815,52,Walk-in,Chicken Lollipop (4 pc),No,1,130,karur_kalam,No,0,130,Card,5,"Great value for money, fresh and hot"
2026-05-11,20:21,Anitha S,+91 6477005411,54,Walk-in,Chicken Wings (5 pc),No,1,130,karur_kalam,No,0,130,Cash,5,"Ultimate taste anna, naa daily varen"
2026-05-11,19:41,Anand Prasad,+91 7799650752,46,Walk-in,Chicken Leg (2 pc),No,1,130,karur_kalam,Yes,13,117,Cash,2,"Too salty, not up to the mark today"
2026-05-11,22:07,Divya S,+91 7114963867,41,Walk-in,Chicken Lollipop (4 pc),No,1,130,karur_kalam,No,0,130,GPay,,"Vera level taste, oru sight ah irundhuchu"
2026-05-11,21:12,Selvam,+91 9400524278,60,Walk-in,Chicken Lollipop (4 pc),No,1,130,karur_kalam,No,0,130,PhonePe,,
2026-05-11,22:11,Lakshmi Raj,+91 7594283981,22,Walk-in,Chicken Lollipop (4 pc),No,1,130,karur_kalam,Yes,13,117,Cash,2,"Quantity kammiya kudutanga, not worth the price"
2026-05-11,22:00,Priya Devi,+91 9322917123,26,Phone Call,Chicken Leg (2 pc),No,1,130,karur_kalam,Yes,13,117,PhonePe,5,"Kalakalappa irundhuchu, next time friends oda varen"
2026-05-11,20:12,Dinesh S,+91 7465787133,19,Walk-in,Chicken Leg (2 pc),No,1,130,karur_kalam,No,0,130,PhonePe,4,
2026-05-11,20:14,Prakash,+91 7875099770,15,Walk-in,Chicken Lollipop (4 pc),No,1,130,karur_kalam,No,0,130,Cash,4,
2026-05-11,20:22,Swathi S,+91 7554665905,19,Walk-in,Chicken Leg (2 pc),No,1,130,karur_kalam,Yes,13,117,PhonePe,5,
2026-05-12,19:11,Yazhini Devi,+91 8648236629,,Phone Call,Chicken Wings (5 pc),No,1,130,karur_kalam,No,0,130,Paytm,,"Wings semma crispy ah irundhuchu, thanks anna"
2026-05-12,19:00,John S,+91 9798079359,45,Phone Call,Chicken Lollipop (4 pc),No,1,130,karur_kalam,Yes,13,117,GPay,4,
2026-05-12,22:53,Saravanan R,+91 7673657661,35,Walk-in,Chicken Leg (2 pc),No,1,130,karur_kalam,No,0,130,GPay,3,
2026-05-12,21:00,Senthil,+91 7141888059,23,Phone Call,Chicken Lollipop (4 pc),No,1,130,karur_kalam,Yes,13,117,PhonePe,3,"Taste romba pramadham illa, sagalama irundhuchu"
2026-05-12,18:31,Selvam Devi,+91 7944205203,,Walk-in,Chicken Lollipop (4 pc),No,1,130,karur_kalam,No,0,130,Cash,4,"Loved the combo, perfect spice level"
2026-05-12,19:44,Rajesh S,+91 6136049474,60,Walk-in,Chicken Leg (2 pc),No,1,130,karur_kalam,No,0,130,Cash,5,
2026-05-12,19:22,Ramesh Kumar,+91 8376724238,49,Phone Call,Chicken Lollipop (4 pc),No,1,130,karur_kalam,No,0,130,Cash,4,
2026-05-12,20:23,Harish M,+91 8527177449,18,Phone Call,Chicken Wings (5 pc),No,1,130,karur_kalam,No,0,130,Paytm,5,"Amazing bbq stall, must try in this area"
2026-05-12,18:56,Rajesh M,+91 9504773586,42,Walk-in,Chicken Wings (5 pc),No,1,130,karur_kalam,Yes,13,117,Cash,5,"Loved the combo, perfect spice level"
2026-05-12,20:31,Karthik R,+91 6845146270,31,Phone Call,Chicken Wings (5 pc),No,1,130,karur_kalam,No,0,130,GPay,5,"Semma taste bro, chicken romba soft ah irundhuchu"
2026-05-12,20:33,Swathi R,+91 9230913075,41,Phone Call,Chicken Leg (2 pc),No,2,260,karur_kalam,No,0,260,PhonePe,3,"Decent taste, price sari than"
2026-05-12,20:49,Divya K,+91 9391890091,47,Walk-in,Chicken Wings (5 pc),No,1,130,karur_kalam,No,0,130,PhonePe,5,"Best chicken lollipop I've had, will come again"
2026-05-12,19:01,Anand S,+91 9071775450,46,Walk-in,Chicken Wings (5 pc),No,1,130,karur_kalam,No,0,130,GPay,5,
2026-05-12,19:24,Sathish S,+91 8978719139,26,Walk-in,Chicken Wings (5 pc),No,1,130,karur_kalam,Yes,13,117,GPay,,"Semma taste bro, chicken romba soft ah irundhuchu"
2026-05-12,17:42,Deepa M,+91 7845115447,53,Walk-in,Chicken Wings (5 pc),No,1,130,karur_kalam,No,0,130,Cash,4,"Nalla crispy ah irundhuchu, quantity um super"
2026-05-12,20:37,Joseph,+91 6545304214,30,Walk-in,Chicken Leg (2 pc),No,1,130,karur_kalam,No,0,130,Cash,,"Wings semma crispy ah irundhuchu, thanks anna"
2026-05-12,20:32,,+91 6298168783,28,Walk-in,Chicken Wings (5 pc),No,1,130,karur_kalam,No,0,130,GPay,3,"Okay okay taste, but konjam salt adhigama irundhuchu"
2026-05-12,18:58,Gopal Raj,+91 8961586578,17,Phone Call,Chicken Leg (2 pc),No,1,130,karur_kalam,No,0,130,GPay,3,"Taste romba pramadham illa, sagalama irundhuchu"
2026-05-12,17:25,Vidya,+91 6715182037,43,Phone Call,Chicken Wings (5 pc),No,1,130,karur_kalam,No,0,130,GPay,3,
2026-05-12,20:48,Farhan M,+91 8994018989,26,Phone Call,Chicken Lollipop (4 pc),No,1,130,karur_kalam,No,0,130,PhonePe,,
2026-05-12,19:45,Saravanan R,+91 7673657661,35,Phone Call,Chicken Lollipop (4 pc),No,1,130,karur_kalam,No,0,130,Cash,2,
2026-05-12,20:30,Gopal Raj,+91 8717464887,43,Phone Call,Chicken Lollipop (4 pc),No,1,130,karur_kalam,Yes,13,117,PhonePe,4,"Loved the combo, perfect spice level"
2026-05-12,19:28,Vidya,+91 6489325288,15,Phone Call,Chicken Leg (2 pc),No,2,260,karur_kalam,No,0,260,GPay,4,
2026-05-12,18:01,Elango S,+91 8987769453,20,Walk-in,Chicken Wings (5 pc),No,2,260,karur_kalam,No,0,260,Cash,4,"Kalakalappa irundhuchu, next time friends oda varen"
2026-05-12,19:03,Elango Prasad,+91 6822782489,42,Walk-in,Chicken Lollipop (4 pc),No,2,260,karur_kalam,No,0,260,Cash,4,
2026-05-12,17:24,Manoj S,+91 9823004786,49,Walk-in,Chicken Leg (2 pc),No,2,260,karur_kalam,No,0,260,Cash,4,
2026-05-12,17:27,Kumar Kumar,+91 7878991723,36,Walk-in,Chicken Lollipop (4 pc),No,1,130,karur_kalam,No,0,130,Paytm,4,
2026-05-12,17:18,Kumar S,+91 8467854458,46,Phone Call,Chicken Lollipop (4 pc),No,1,130,karur_kalam,No,0,130,GPay,,"Loved the combo, perfect spice level"
2026-05-12,17:35,Vidya Kumar,+91 7899710575,31,Walk-in,Chicken Wings (5 pc),No,1,130,karur_kalam,No,0,130,PhonePe,4,"Super spicy and juicy, best bbq in area"
2026-05-12,22:06,Selvam,+91 9400524278,,Walk-in,Chicken Wings (5 pc),No,1,130,karur_kalam,No,0,130,GPay,,"Vera level taste, oru sight ah irundhuchu"
2026-05-12,17:27,Kavya,+91 8936899809,57,Walk-in,Chicken Wings (5 pc),No,1,130,karur_kalam,No,0,130,Cash,2,"Not fresh today, taste changed"
2026-05-12,20:46,Suresh K,+91 6531003309,24,Walk-in,Chicken Lollipop (4 pc),No,1,130,karur_kalam,Yes,13,117,Cash,,"Wings semma crispy ah irundhuchu, thanks anna"
2026-05-12,20:45,Sivakumar S,+91 8991216558,38,Walk-in,Chicken Leg (2 pc),No,1,130,karur_kalam,No,0,130,,5,
2026-05-13,21:17,Dinesh,+91 7350037660,17,Walk-in,Chicken Wings (5 pc),No,1,130,karur_kalam,No,0,130,Cash,4,
2026-05-13,17:59,Prakash Raj,+91 7292127799,43,Phone Call,Chicken Lollipop (4 pc),No,1,130,karur_kalam,No,0,130,GPay,4,
2026-05-13,17:12,Ramesh Kumar,+91 8376724238,49,Walk-in,Chicken Wings (5 pc),No,1,130,karur_kalam,Yes,13,117,PhonePe,2,"Not fresh today, taste changed"
2026-05-13,19:22,Sivakumar,+91 8772619584,30,Phone Call,Chicken Wings (5 pc),No,1,130,karur_kalam,No,0,130,Cash,,
2026-05-13,22:42,Kavya Kumar,+91 6515220472,60,Walk-in,Chicken Leg (2 pc),No,1,130,karur_kalam,No,0,130,Cash,2,
2026-05-13,20:58,Karthik M,+91 8777520471,19,Walk-in,Chicken Lollipop (4 pc),No,1,130,karur_kalam,No,0,130,GPay,4,"Semma taste bro, chicken romba soft ah irundhuchu"
2026-05-13,18:54,Nithya Babu,+91 9120826773,33,Walk-in,Chicken Leg (2 pc),No,1,130,karur_kalam,No,0,130,GPay,2,"Quantity kammiya kudutanga, not worth the price"
2026-05-13,19:25,Kumar M,+91 7622444721,25,Walk-in,Chicken Lollipop (4 pc),No,1,130,karur_kalam,No,0,130,,3,"Taste romba pramadham illa, sagalama irundhuchu"
2026-05-13,21:27,Lakshmi,+91 7930103105,19,Walk-in,Chicken Leg (2 pc),No,2,260,karur_kalam,Yes,26,234,GPay,4,"Vera level taste, oru sight ah irundhuchu"
2026-05-13,20:44,Anitha S,+91 8723874848,51,Walk-in,Chicken Lollipop (4 pc),No,2,260,karur_kalam,No,0,260,GPay,5,Very tasty and quick service too
2026-05-13,19:00,Elango Prasad,+91 6374214157,16,Walk-in,Chicken Leg (2 pc),No,1,130,karur_kalam,No,0,130,PhonePe,4,"Chicken leg romba soft ah vekachu irundhuchu, super"
2026-05-13,18:38,Dhanush K,+91 9614943405,18,Walk-in,Chicken Leg (2 pc),No,1,130,karur_kalam,Yes,13,117,Paytm,5,
2026-05-13,19:00,Anand Prasad,+91 7799650752,46,Phone Call,Chicken Leg (2 pc),No,1,130,karur_kalam,No,0,130,GPay,5,"Ultimate taste anna, naa daily varen"
2026-05-13,22:43,Swathi,+91 6812191361,51,Phone Call,Chicken Leg (2 pc),No,1,130,karur_kalam,No,0,130,Cash,2,"Quantity kammiya kudutanga, not worth the price"
2026-05-13,17:09,,+91 7545995726,,Walk-in,Chicken Leg (2 pc),No,1,130,karur_kalam,No,0,130,Cash,5,
2026-05-13,18:18,Gowtham S,+91 9619828590,32,Walk-in,Chicken Lollipop (4 pc),No,1,130,karur_kalam,Yes,13,117,Card,,"Taste romba pramadham illa, sagalama irundhuchu"
2026-05-13,18:17,Selvam K,+91 6132633988,41,Walk-in,Chicken Lollipop (4 pc),No,1,130,karur_kalam,No,0,130,Cash,4,"Wings semma crispy ah irundhuchu, thanks anna"
2026-05-13,20:16,Vijay,+91 7190436056,51,Walk-in,Chicken Wings (5 pc),No,2,260,karur_kalam,Yes,26,234,PhonePe,5,
2026-05-13,22:29,Karthik Devi,+91 9099053032,41,Walk-in,Chicken Leg (2 pc),No,1,130,karur_kalam,No,0,130,Cash,5,"Super spicy and juicy, best bbq in area"
2026-05-13,20:09,Senthil S,+91 7028439599,,Walk-in,Chicken Wings (5 pc),No,1,130,karur_kalam,No,0,130,GPay,5,
2026-05-13,22:14,Swathi S,+91 7554665905,,Phone Call,Chicken Wings (5 pc),No,1,130,karur_kalam,No,0,130,PhonePe,5,"Amazing bbq stall, must try in this area"
2026-05-13,17:42,Ayesha,+91 7680182422,35,Phone Call,Chicken Wings (5 pc),No,1,130,karur_kalam,No,0,130,Cash,5,"Loved the combo, perfect spice level"
2026-05-13,21:18,Arun Babu,+91 8940781618,33,Phone Call,Chicken Lollipop (4 pc),No,1,130,karur_kalam,No,0,130,PhonePe,5,"Kalakalappa irundhuchu, next time friends oda varen"
2026-05-13,20:47,Ravi K,+91 9965328710,22,Phone Call,Chicken Wings (5 pc),No,1,130,karur_kalam,No,0,130,PhonePe,5,
2026-05-13,17:04,Anand Prasad,+91 8255341928,30,Phone Call,Chicken Lollipop (4 pc),No,1,130,karur_kalam,No,0,130,,5,
2026-05-13,18:08,Farhan,+91 8361067076,52,Walk-in,Chicken Leg (2 pc),No,1,130,karur_kalam,No,0,130,GPay,,
2026-05-13,22:22,Pradeep R,+91 9810528941,41,Walk-in,Chicken Wings (5 pc),No,1,130,karur_kalam,No,0,130,Cash,,
2026-05-13,22:27,Abdul Kareem,+91 7992299590,,Walk-in,Chicken Leg (2 pc),No,1,130,karur_kalam,No,0,130,Paytm,2,
2026-05-13,21:38,John R,+91 9480162456,38,Walk-in,Chicken Lollipop (4 pc),No,1,130,karur_kalam,No,0,130,GPay,4,Very tasty and quick service too
2026-05-13,22:25,Kumar S,+91 8467854458,46,Phone Call,Chicken Leg (2 pc),No,1,130,karur_kalam,No,0,130,GPay,2,"Not fresh today, taste changed"
2026-05-13,20:30,Deepa Raj,+91 6497038341,,Walk-in,Chicken Wings (5 pc),No,1,130,karur_kalam,No,0,130,GPay,5,"Super spicy and juicy, best bbq in area"
2026-05-13,21:18,,+91 8255341928,,Walk-in,Chicken Lollipop (4 pc),No,1,130,karur_kalam,No,0,130,GPay,5,"Great value for money, fresh and hot"
2026-05-13,17:50,Bala Kumar,+91 7540357133,50,Walk-in,Chicken Lollipop (4 pc),No,1,130,karur_kalam,No,0,130,GPay,5,"Loved the combo, perfect spice level"
2026-05-13,19:28,Sathish Raj,+91 7098050097,47,Walk-in,Chicken Wings (5 pc),No,1,130,karur_kalam,No,0,130,GPay,5,"Ultimate taste anna, naa daily varen"
2026-05-13,19:37,Gowtham Babu,+91 9139718707,23,Phone Call,Chicken Leg (2 pc),No,1,130,karur_kalam,No,0,130,GPay,5,
2026-05-14,22:47,,+91 8936899809,57,Phone Call,Chicken Wings (5 pc),No,1,130,karur_kalam,No,0,130,GPay,4,"Best chicken lollipop I've had, will come again"
2026-05-14,18:34,Lakshmi M,+91 7555625881,35,Phone Call,Chicken Lollipop (4 pc),No,1,130,karur_kalam,No,0,130,PhonePe,4,"Best chicken lollipop I've had, will come again"
2026-05-14,17:32,Priya Raj,+91 6193802620,40,Walk-in,Chicken Leg (2 pc),No,1,130,karur_kalam,Yes,13,117,Cash,2,"Not fresh today, taste changed"
2026-05-14,21:21,Murugan Babu,+91 7058527722,,Phone Call,Chicken Lollipop (4 pc),No,1,130,karur_kalam,No,0,130,PhonePe,4,"Amazing bbq stall, must try in this area"
2026-05-14,22:33,Harish M,+91 6388515869,33,Walk-in,Chicken Lollipop (4 pc),No,1,130,karur_kalam,No,0,130,Paytm,4,"Chicken leg romba soft ah vekachu irundhuchu, super"
2026-05-14,18:04,Aishwarya Devi,+91 9154580618,43,Walk-in,Chicken Lollipop (4 pc),No,1,130,karur_kalam,Yes,13,117,Cash,5,
2026-05-14,19:17,Dinesh,+91 8451076226,,Phone Call,Chicken Leg (2 pc),No,1,130,karur_kalam,No,0,130,PhonePe,5,
2026-05-14,20:11,Meena Prasad,+91 6902294131,50,Walk-in,Chicken Lollipop (4 pc),No,1,130,karur_kalam,No,0,130,Paytm,4,"Semma taste bro, chicken romba soft ah irundhuchu"
2026-05-14,19:18,Arun Babu,+91 7104308045,29,Walk-in,Chicken Lollipop (4 pc),No,1,130,karur_kalam,Yes,13,117,Cash,5,"Nalla crispy ah irundhuchu, quantity um super"
2026-05-14,20:30,Gopal Raj,+91 8961586578,17,Phone Call,Chicken Lollipop (4 pc),No,2,260,karur_kalam,Yes,26,234,PhonePe,5,"Vera level taste, oru sight ah irundhuchu"
2026-05-14,21:34,Nithya Devi,+91 6251778528,55,Walk-in,Chicken Leg (2 pc),No,1,130,karur_kalam,No,0,130,PhonePe,3,
2026-05-14,19:08,Ayesha Babu,+91 9947055169,34,Phone Call,Chicken Lollipop (4 pc),No,1,130,karur_kalam,No,0,130,Cash,5,"Loved the combo, perfect spice level"
2026-05-14,17:22,,+91 9449251925,34,Walk-in,Chicken Lollipop (4 pc),No,1,130,karur_kalam,No,0,130,Cash,5,"Semma taste bro, chicken romba soft ah irundhuchu"
2026-05-14,20:36,Murugan Babu,+91 7058527722,19,Phone Call,Chicken Wings (5 pc),No,1,130,karur_kalam,No,0,130,Cash,,
2026-05-14,17:31,Iniya Devi,+91 8060564329,15,Walk-in,Chicken Leg (2 pc),No,1,130,karur_kalam,Yes,13,117,PhonePe,,
2026-05-14,20:16,Nithya,+91 7982250538,40,Walk-in,Chicken Leg (2 pc),No,1,130,karur_kalam,No,0,130,GPay,3,
2026-05-14,18:45,Pradeep,+91 6424579727,,Walk-in,Chicken Lollipop (4 pc),No,1,130,karur_kalam,No,0,130,GPay,5,"Amazing bbq stall, must try in this area"
2026-05-14,20:53,Farhan Devi,+91 7185188888,16,Phone Call,Chicken Wings (5 pc),No,1,130,karur_kalam,Yes,13,117,PhonePe,4,"Excellent flavour, family panindhalum enjoy pannanga"
2026-05-14,19:47,Murugan,+91 7226025634,25,Phone Call,Chicken Lollipop (4 pc),No,1,130,karur_kalam,No,0,130,PhonePe,4,
2026-05-14,18:05,Kalaivani R,+91 9659732460,38,Walk-in,Chicken Lollipop (4 pc),No,2,260,karur_kalam,No,0,260,Cash,5,
2026-05-14,19:16,Rajesh Kumar,+91 9825170245,56,Walk-in,Chicken Lollipop (4 pc),No,1,130,karur_kalam,No,0,130,,,"Chicken leg romba soft ah vekachu irundhuchu, super"
2026-05-14,17:43,Vignesh Devi,+91 9632016328,44,Phone Call,Chicken Leg (2 pc),No,1,130,karur_kalam,No,0,130,Paytm,,"Nalla crispy ah irundhuchu, quantity um super"
2026-05-14,21:11,Muthu Devi,+91 6983584168,43,Walk-in,Chicken Lollipop (4 pc),No,1,130,karur_kalam,Yes,13,117,Cash,4,"Best chicken lollipop I've had, will come again"
2026-05-14,19:58,Vijay M,+91 6659401399,16,Phone Call,Chicken Leg (2 pc),No,1,130,karur_kalam,No,0,130,PhonePe,3,"Decent taste, price sari than"
2026-05-14,21:57,Prakash R,+91 7559948482,46,Walk-in,Chicken Wings (5 pc),No,2,260,karur_kalam,No,0,260,GPay,4,
2026-05-14,18:49,Iniya R,+91 8477725228,46,Walk-in,Chicken Wings (5 pc),No,2,260,karur_kalam,No,0,260,GPay,5,"Loved the combo, perfect spice level"
2026-05-14,21:43,Prakash Devi,+91 7689702838,35,Phone Call,Chicken Wings (5 pc),No,1,130,karur_kalam,No,0,130,PhonePe,5,
2026-05-14,21:18,Meena K,+91 9020762451,30,Walk-in,Chicken Leg (2 pc),No,1,130,karur_kalam,No,0,130,Cash,,"Super spicy and juicy, best bbq in area"
2026-05-14,20:20,Joseph R,+91 9870568566,24,Phone Call,Chicken Leg (2 pc),No,2,260,karur_kalam,No,0,260,PhonePe,,"Nalla crispy ah irundhuchu, quantity um super"
2026-05-14,18:10,Muthu Babu,+91 6455623869,58,Walk-in,Chicken Lollipop (4 pc),No,1,130,karur_kalam,No,0,130,GPay,4,"Ultimate taste anna, naa daily varen"
2026-05-14,17:57,Revathi R,+91 9797643815,42,Walk-in,Chicken Wings (5 pc),No,1,130,karur_kalam,No,0,130,Cash,4,"Super spicy and juicy, best bbq in area"
2026-05-14,17:19,Ayesha,+91 7680182422,35,Walk-in,Chicken Lollipop (4 pc),No,1,130,karur_kalam,No,0,130,PhonePe,5,"Loved the combo, perfect spice level"
2026-05-14,21:49,Meena Prasad,+91 7341016668,45,Walk-in,Chicken Wings (5 pc),No,2,260,karur_kalam,No,0,260,Cash,4,
2026-05-14,19:53,Gopal Raj,+91 8961586578,17,Walk-in,Chicken Leg (2 pc),No,2,260,karur_kalam,No,0,260,Cash,4,"Super spicy and juicy, best bbq in area"
2026-05-14,17:13,Manoj S,+91 6801006231,60,Phone Call,Chicken Leg (2 pc),No,1,130,karur_kalam,No,0,130,PhonePe,5,"Kalakalappa irundhuchu, next time friends oda varen"
2026-05-15,19:40,Priya Kumar,+91 8283644089,26,Phone Call,Chicken Wings (5 pc),No,1,130,karur_kalam,No,0,130,Paytm,,
2026-05-15,20:23,Ayesha Babu,+91 9947055169,34,Walk-in,Chicken Leg (2 pc),No,2,260,karur_kalam,No,0,260,PhonePe,5,"Loved the combo, perfect spice level"
2026-05-15,19:03,Iniya R,+91 6940548465,26,Walk-in,Chicken Leg (2 pc),No,1,130,karur_kalam,No,0,130,Card,3,Quantity konjam kammiya irundhuchu but taste okay
2026-05-15,21:17,Selvam R,+91 6217659180,29,Walk-in,Chicken Leg (2 pc),No,1,130,karur_kalam,Yes,13,117,Cash,4,"Chicken leg romba soft ah vekachu irundhuchu, super"
2026-05-15,19:52,,+91 8396907844,45,Walk-in,Chicken Lollipop (4 pc),No,1,130,karur_kalam,No,0,130,PhonePe,,"Vera level taste, oru sight ah irundhuchu"
2026-05-15,17:19,Gopal Prasad,+91 7400499154,44,Walk-in,Chicken Wings (5 pc),No,1,130,karur_kalam,No,0,130,Cash,5,"Best chicken lollipop I've had, will come again"
2026-05-15,17:38,Yazhini Devi,+91 7080201104,,Walk-in,Chicken Wings (5 pc),No,2,260,karur_kalam,Yes,26,234,Cash,,"Amazing bbq stall, must try in this area"
2026-05-15,19:31,Dhanush K,+91 6574733848,59,Phone Call,Chicken Lollipop (4 pc),No,1,130,karur_kalam,Yes,13,117,GPay,3,"Taste romba pramadham illa, sagalama irundhuchu"
2026-05-15,17:32,Bala Babu,+91 7797604027,22,Walk-in,Chicken Lollipop (4 pc),No,1,130,karur_kalam,No,0,130,PhonePe,5,
2026-05-15,18:42,,+91 6265423511,,Phone Call,Chicken Wings (5 pc),No,2,260,karur_kalam,No,0,260,Paytm,3,
2026-05-15,18:24,Dhanush M,+91 8789792691,20,Walk-in,Chicken Leg (2 pc),No,1,130,karur_kalam,No,0,130,GPay,5,"Kalakalappa irundhuchu, next time friends oda varen"
2026-05-15,18:27,Vijay S,+91 7978768245,48,Walk-in,Chicken Leg (2 pc),No,1,130,karur_kalam,No,0,130,GPay,4,"Great value for money, fresh and hot"
2026-05-15,21:07,Dinesh K,+91 9401489025,,Phone Call,Chicken Leg (2 pc),No,1,130,karur_kalam,No,0,130,GPay,4,"Super spicy and juicy, best bbq in area"
2026-05-15,22:52,Muthu Kumar,+91 7705544027,33,Walk-in,Chicken Leg (2 pc),No,1,130,karur_kalam,No,0,130,Cash,3,
2026-05-15,20:15,Selvam M,+91 6334123281,25,Phone Call,Chicken Leg (2 pc),No,1,130,karur_kalam,No,0,130,GPay,,"Chicken leg romba soft ah vekachu irundhuchu, super"
2026-05-15,20:13,Suresh R,+91 7654145868,36,Phone Call,Chicken Lollipop (4 pc),No,1,130,karur_kalam,No,0,130,GPay,4,"Nalla crispy ah irundhuchu, quantity um super"
2026-05-15,20:55,Murugan Prasad,+91 9855965211,45,Walk-in,Chicken Lollipop (4 pc),No,1,130,karur_kalam,No,0,130,Cash,5,"Excellent flavour, family panindhalum enjoy pannanga"
2026-05-15,21:19,Revathi S,+91 9558867533,51,Phone Call,Chicken Wings (5 pc),No,1,130,karur_kalam,No,0,130,Cash,3,"Decent taste, price sari than"
2026-05-15,17:34,Rajesh,+91 6818835523,21,Walk-in,Chicken Lollipop (4 pc),No,1,130,karur_kalam,No,0,130,Cash,3,"It was fine, nothing special"
2026-05-15,22:12,Anand Kumar,+91 7913539411,47,Walk-in,Chicken Leg (2 pc),No,1,130,karur_kalam,No,0,130,Cash,5,
2026-05-15,18:07,Saravanan,+91 8969554917,50,Walk-in,Chicken Lollipop (4 pc),No,1,130,karur_kalam,Yes,13,117,GPay,4,
2026-05-15,22:46,,+91 8376724238,49,Walk-in,Chicken Lollipop (4 pc),No,1,130,karur_kalam,No,0,130,Cash,5,
2026-05-15,22:06,Deepa,+91 7779054253,,Walk-in,Chicken Wings (5 pc),No,1,130,karur_kalam,No,0,130,Paytm,2,"Too salty, not up to the mark today"
2026-05-15,21:59,Harish Kumar,+91 9214895134,29,Phone Call,Chicken Wings (5 pc),No,1,130,karur_kalam,No,0,130,GPay,,
2026-05-15,20:12,Mary Devi,+91 8053773515,49,Phone Call,Chicken Leg (2 pc),No,1,130,karur_kalam,No,0,130,PhonePe,,
2026-05-15,21:42,Kalaivani,+91 9535560932,16,Phone Call,Chicken Lollipop (4 pc),No,1,130,karur_kalam,No,0,130,GPay,5,"Best chicken lollipop I've had, will come again"
2026-05-15,19:02,Muthu R,+91 9972281089,22,Walk-in,Chicken Wings (5 pc),No,1,130,karur_kalam,No,0,130,GPay,4,"Semma taste bro, chicken romba soft ah irundhuchu"
2026-05-15,22:55,Sowmya Devi,+91 9177115921,23,Walk-in,Chicken Lollipop (4 pc),No,1,130,karur_kalam,Yes,13,117,Cash,4,
2026-05-15,20:38,Harish M,+91 8527177449,18,Walk-in,Chicken Lollipop (4 pc),No,1,130,karur_kalam,No,0,130,PhonePe,,
2026-05-15,22:03,Dinesh K,+91 9498941343,38,Phone Call,Chicken Wings (5 pc),No,1,130,karur_kalam,No,0,130,PhonePe,5,"Freshly grilled and juicy, highly recommend"
2026-05-15,19:49,John Raj,+91 7359202730,,Walk-in,Chicken Wings (5 pc),No,2,260,karur_kalam,No,0,260,PhonePe,4,"Ultimate taste anna, naa daily varen"
2026-05-15,17:20,Vignesh Raj,+91 6244550229,57,Walk-in,Chicken Lollipop (4 pc),No,2,260,karur_kalam,No,0,260,GPay,5,
2026-05-15,20:38,Karthik M,+91 8777520471,19,Phone Call,Chicken Leg (2 pc),No,1,130,karur_kalam,No,0,130,GPay,5,"Amazing bbq stall, must try in this area"
2026-05-15,19:25,Senthil Raj,+91 7618324210,25,Walk-in,Chicken Lollipop (4 pc),No,1,130,karur_kalam,No,0,130,GPay,4,"Ultimate taste anna, naa daily varen"
2026-05-15,21:01,Fathima M,+91 7016127924,26,Walk-in,Chicken Leg (2 pc),No,2,260,karur_kalam,No,0,260,PhonePe,,"Chicken leg romba soft ah vekachu irundhuchu, super"
2026-05-16,22:49,Sivakumar R,+91 8902787429,42,Walk-in,Chicken Lollipop (4 pc),No,2,260,karur_kalam,No,0,260,Cash,4,"Great value for money, fresh and hot"
2026-05-16,20:42,Selvam R,+91 6217659180,29,Phone Call,Chicken Wings (5 pc),No,1,130,karur_kalam,No,0,130,GPay,2,"Not fresh today, taste changed"
2026-05-16,19:44,Prakash K,+91 7242009541,17,Walk-in,Chicken Lollipop (4 pc),No,1,130,karur_kalam,No,0,130,Card,5,"Vera level taste, oru sight ah irundhuchu"
2026-05-16,22:40,Vignesh R,+91 7149190586,57,Phone Call,Chicken Wings (5 pc),No,1,130,karur_kalam,No,0,130,Cash,,
2026-05-16,20:25,Prakash Devi,+91 7689702838,35,Phone Call,Chicken Wings (5 pc),No,1,130,karur_kalam,No,0,130,PhonePe,5,
2026-05-16,20:12,Meena Raj,+91 9820795207,36,Walk-in,Chicken Lollipop (4 pc),No,1,130,karur_kalam,No,0,130,Cash,4,"Freshly grilled and juicy, highly recommend"
2026-05-16,21:26,Sathish Kumar,+91 8843443757,37,Phone Call,Chicken Wings (5 pc),No,1,130,karur_kalam,Yes,13,117,Cash,5,"Vera level taste, oru sight ah irundhuchu"
2026-05-16,20:55,Naveen Devi,+91 6443699577,43,Walk-in,Chicken Leg (2 pc),No,1,130,karur_kalam,No,0,130,Cash,,"Loved the combo, perfect spice level"
2026-05-16,21:35,Deepa R,+91 8756091575,32,Walk-in,Chicken Lollipop (4 pc),No,2,260,karur_kalam,No,0,260,GPay,,
2026-05-16,18:17,Senthil,+91 7141888059,23,Walk-in,Chicken Leg (2 pc),No,1,130,karur_kalam,No,0,130,Cash,,"Average, expected more spice"
2026-05-16,20:35,John S,+91 6893246095,30,Phone Call,Chicken Lollipop (4 pc),No,1,130,karur_kalam,No,0,130,Cash,4,
2026-05-16,19:09,Iniya K,+91 9291486528,20,Phone Call,Chicken Wings (5 pc),No,2,260,karur_kalam,No,0,260,GPay,,"Excellent flavour, family panindhalum enjoy pannanga"
2026-05-16,19:18,Harish K,+91 8965137098,35,Phone Call,Chicken Wings (5 pc),No,1,130,karur_kalam,Yes,13,117,GPay,4,
2026-05-16,19:10,Rajesh M,+91 9504773586,42,Phone Call,Chicken Leg (2 pc),No,1,130,karur_kalam,No,0,130,GPay,,"Wings semma crispy ah irundhuchu, thanks anna"
2026-05-16,19:38,Priya M,+91 9465215724,49,Walk-in,Chicken Lollipop (4 pc),No,1,130,karur_kalam,No,0,130,Cash,4,"Wings semma crispy ah irundhuchu, thanks anna"
2026-05-16,21:49,Suresh,+91 7389083863,43,Phone Call,Chicken Wings (5 pc),No,1,130,karur_kalam,No,0,130,PhonePe,,"Wings semma crispy ah irundhuchu, thanks anna"
2026-05-16,17:48,Gopal,+91 8713052064,60,Phone Call,Chicken Leg (2 pc),No,1,130,karur_kalam,Yes,13,117,PhonePe,5,
2026-05-16,20:57,John,+91 6211409155,49,Walk-in,Chicken Lollipop (4 pc),No,1,130,karur_kalam,Yes,13,117,Cash,4,"Best chicken lollipop I've had, will come again"
2026-05-16,18:32,Anitha S,+91 6477005411,54,Phone Call,Chicken Wings (5 pc),No,2,260,karur_kalam,No,0,260,GPay,3,"Okay okay taste, but konjam salt adhigama irundhuchu"
2026-05-16,21:53,Abdul Kareem Prasad,+91 8264379797,,Walk-in,Chicken Wings (5 pc),No,1,130,karur_kalam,Yes,13,117,Cash,4,
2026-05-16,20:17,Murugan Devi,+91 7494590537,,Walk-in,Chicken Wings (5 pc),No,1,130,karur_kalam,No,0,130,Cash,,
2026-05-16,19:43,Suresh,+91 7389083863,43,Phone Call,Chicken Wings (5 pc),No,1,130,karur_kalam,No,0,130,PhonePe,5,
2026-05-16,21:43,Gopal K,+91 6607337543,29,Phone Call,Chicken Wings (5 pc),No,1,130,karur_kalam,No,0,130,GPay,5,"Wings semma crispy ah irundhuchu, thanks anna"
2026-05-16,19:03,Sathish M,+91 8731254970,46,Walk-in,Chicken Wings (5 pc),No,1,130,karur_kalam,No,0,130,Cash,,"Freshly grilled and juicy, highly recommend"
2026-05-16,19:59,Farhan Devi,+91 9416052975,20,Phone Call,Chicken Lollipop (4 pc),No,1,130,karur_kalam,No,0,130,Cash,3,
2026-05-16,21:09,Abdul Kareem K,+91 7734670656,25,Phone Call,Chicken Leg (2 pc),No,1,130,karur_kalam,No,0,130,GPay,,"Nalla crispy ah irundhuchu, quantity um super"
2026-05-16,22:36,Revathi S,+91 9558867533,51,Phone Call,Chicken Leg (2 pc),No,2,260,karur_kalam,No,0,260,Cash,5,"Excellent flavour, family panindhalum enjoy pannanga"
2026-05-16,18:21,Sowmya K,+91 8879432050,16,Walk-in,Chicken Lollipop (4 pc),No,2,260,karur_kalam,No,0,260,Cash,5,
2026-05-16,18:06,Ravi K,+91 7233606943,34,Walk-in,Chicken Lollipop (4 pc),No,1,130,karur_kalam,No,0,130,GPay,4,"Wings semma crispy ah irundhuchu, thanks anna"
2026-05-16,21:23,Joseph,+91 8481882649,,Walk-in,Chicken Leg (2 pc),No,1,130,karur_kalam,No,0,130,Cash,5,"Amazing bbq stall, must try in this area"
2026-05-16,20:21,Naveen Babu,+91 8094308943,55,Walk-in,Chicken Leg (2 pc),No,1,130,karur_kalam,No,0,130,GPay,,"Wings semma crispy ah irundhuchu, thanks anna"
2026-05-16,18:44,Harish R,+91 6695707130,47,Walk-in,Chicken Wings (5 pc),No,1,130,karur_kalam,Yes,13,117,GPay,3,"It was fine, nothing special"
2026-05-16,20:08,Mary Kumar,+91 6746120047,22,Phone Call,Chicken Leg (2 pc),No,1,130,karur_kalam,No,0,130,PhonePe,,"Okay okay taste, but konjam salt adhigama irundhuchu"
2026-05-16,18:28,Dinesh,+91 6001959408,55,Walk-in,Chicken Lollipop (4 pc),No,1,130,karur_kalam,No,0,130,Cash,4,
2026-05-16,17:17,Joseph Kumar,+91 8714345581,23,Phone Call,Chicken Lollipop (4 pc),No,1,130,karur_kalam,No,0,130,Cash,,
2026-05-16,18:39,Farhan S,+91 8377211831,50,Walk-in,Chicken Leg (2 pc),No,1,130,karur_kalam,No,0,130,Cash,4,
2026-05-16,18:41,Arun S,+91 7041292506,52,Walk-in,Chicken Lollipop (4 pc),No,1,130,karur_kalam,No,0,130,PhonePe,5,"Nalla crispy ah irundhuchu, quantity um super"
2026-05-16,22:51,Saravanan R,+91 7673657661,,Walk-in,Chicken Leg (2 pc),No,2,260,karur_kalam,No,0,260,PhonePe,5,Very tasty and quick service too
2026-05-16,19:25,Joseph R,+91 9870568566,24,Walk-in,Chicken Lollipop (4 pc),No,1,130,karur_kalam,Yes,13,117,Cash,3,"It was fine, nothing special"
2026-05-16,18:09,Anand Prasad,+91 8255341928,30,Walk-in,Chicken Leg (2 pc),No,1,130,karur_kalam,No,0,130,Card,5,
2026-05-16,18:15,Dhanush K,+91 6574733848,59,Phone Call,Chicken Lollipop (4 pc),No,2,260,karur_kalam,No,0,260,PhonePe,4,"Super spicy and juicy, best bbq in area"
2026-05-16,18:01,Ayesha Babu,+91 7145623285,,Phone Call,Chicken Leg (2 pc),No,1,130,karur_kalam,Yes,13,117,PhonePe,4,"Ultimate taste anna, naa daily varen"
2026-05-16,21:11,Kalaivani,+91 7784457676,58,Walk-in,Chicken Lollipop (4 pc),No,1,130,karur_kalam,No,0,130,GPay,5,"Super spicy and juicy, best bbq in area"
2026-05-17,18:53,Selvam R,+91 6217659180,29,Phone Call,Chicken Leg (2 pc),No,1,130,karur_kalam,No,0,130,GPay,2,"Konjam over cooked ah irundhuchu, disappointed"
2026-05-17,22:31,Lakshmi,+91 7930103105,19,Phone Call,Chicken Leg (2 pc),No,1,130,karur_kalam,No,0,130,PhonePe,2,
2026-05-17,19:09,Elango R,+91 9851604817,38,Phone Call,Chicken Leg (2 pc),No,2,260,karur_kalam,No,0,260,,3,"Decent taste, price sari than"
2026-05-17,20:16,Gowtham Prasad,+91 9483503056,32,Walk-in,Chicken Wings (5 pc),No,2,260,karur_kalam,No,0,260,GPay,,
2026-05-17,17:56,Senthil S,+91 7028439599,58,Phone Call,Chicken Leg (2 pc),No,1,130,karur_kalam,No,0,130,Cash,5,"Semma taste bro, chicken romba soft ah irundhuchu"
2026-05-17,22:09,Rajesh Kumar,+91 8339421047,17,Phone Call,Chicken Leg (2 pc),No,1,130,karur_kalam,Yes,13,117,PhonePe,,"Best chicken lollipop I've had, will come again"
2026-05-17,19:19,Selvam,+91 8769985893,53,Walk-in,Chicken Leg (2 pc),No,1,130,karur_kalam,No,0,130,GPay,,"Okay okay taste, but konjam salt adhigama irundhuchu"
2026-05-17,22:05,Farhan Babu,+91 8394534523,,Walk-in,Chicken Lollipop (4 pc),No,2,260,karur_kalam,No,0,260,Cash,3,
2026-05-17,20:26,Anand,+91 7341324262,47,Walk-in,Chicken Wings (5 pc),No,1,130,karur_kalam,No,0,130,Cash,4,"Kalakalappa irundhuchu, next time friends oda varen"
2026-05-17,21:16,Anand M,+91 8698478961,59,Phone Call,Chicken Leg (2 pc),No,2,260,karur_kalam,No,0,260,PhonePe,5,
2026-05-17,19:36,John Raj,+91 6200325866,27,Walk-in,Chicken Wings (5 pc),No,1,130,karur_kalam,No,0,130,PhonePe,,"Decent taste, price sari than"
2026-05-17,22:09,Dinesh S,+91 7337971302,55,Walk-in,Chicken Lollipop (4 pc),No,1,130,karur_kalam,No,0,130,PhonePe,3,"Not bad, but waiting time konjam adhigama irundhuchu"
2026-05-17,17:47,John Raj,+91 8198327315,50,Phone Call,Chicken Wings (5 pc),No,2,260,karur_kalam,No,0,260,GPay,4,"Nalla crispy ah irundhuchu, quantity um super"
2026-05-17,21:45,Ramesh Devi,+91 8479688248,53,Walk-in,Chicken Lollipop (4 pc),No,2,260,karur_kalam,No,0,260,GPay,,
2026-05-17,20:47,Arun Babu,+91 8940781618,33,Phone Call,Chicken Leg (2 pc),No,1,130,karur_kalam,No,0,130,Paytm,3,"Not bad, but waiting time konjam adhigama irundhuchu"
2026-05-17,18:18,Vidya Devi,+91 9908740640,28,Phone Call,Chicken Lollipop (4 pc),No,1,130,karur_kalam,No,0,130,GPay,4,"Vera level taste, oru sight ah irundhuchu"
2026-05-17,20:20,Karthik M,+91 8777520471,19,Phone Call,Chicken Leg (2 pc),No,1,130,karur_kalam,No,0,130,PhonePe,5,
2026-05-17,21:52,John S,+91 6693406088,,Phone Call,Chicken Wings (5 pc),No,1,130,karur_kalam,No,0,130,PhonePe,,Very tasty and quick service too
2026-05-17,21:49,Lakshmi,+91 7413590706,,Walk-in,Chicken Lollipop (4 pc),No,1,130,karur_kalam,Yes,13,117,PhonePe,3,
2026-05-17,20:45,Karthik S,+91 9813299111,22,Phone Call,Chicken Lollipop (4 pc),No,2,260,karur_kalam,No,0,260,PhonePe,5,"Nalla crispy ah irundhuchu, quantity um super"
2026-05-17,22:47,Abdul Kareem,+91 7992299590,16,Phone Call,Chicken Wings (5 pc),No,1,130,karur_kalam,No,0,130,GPay,4,"Great value for money, fresh and hot"
2026-05-17,22:40,Dinesh Devi,+91 9909670546,41,Walk-in,Chicken Leg (2 pc),No,1,130,karur_kalam,No,0,130,PhonePe,5,Very tasty and quick service too
2026-05-17,21:45,Ramesh Prasad,+91 7715518844,25,Phone Call,Chicken Lollipop (4 pc),No,1,130,karur_kalam,No,0,130,Cash,,"Freshly grilled and juicy, highly recommend"
2026-05-17,18:06,Naveen S,+91 7824104207,20,Walk-in,Chicken Leg (2 pc),No,1,130,karur_kalam,No,0,130,Cash,2,"Cold ah kudutanga, expected hot and fresh"
2026-05-17,18:42,Aishwarya Raj,+91 9807154516,47,Phone Call,Chicken Lollipop (4 pc),No,2,260,karur_kalam,No,0,260,PhonePe,5,"Nalla crispy ah irundhuchu, quantity um super"
2026-05-17,21:47,Naveen M,+91 6694406372,19,Walk-in,Chicken Leg (2 pc),No,1,130,karur_kalam,No,0,130,Card,,
2026-05-17,17:56,Vignesh Devi,+91 9632016328,,Walk-in,Chicken Leg (2 pc),No,1,130,karur_kalam,No,0,130,GPay,4,"Loved the combo, perfect spice level"
2026-05-17,21:35,Sathish Kumar,+91 8843443757,37,Walk-in,Chicken Wings (5 pc),No,1,130,karur_kalam,Yes,13,117,Cash,5,
2026-05-17,20:21,Naveen R,+91 7494156135,34,Walk-in,Chicken Lollipop (4 pc),No,1,130,karur_kalam,No,0,130,Cash,,
2026-05-17,18:04,John Raj,+91 6401272419,46,Walk-in,Chicken Wings (5 pc),No,1,130,karur_kalam,No,0,130,GPay,3,"Taste romba pramadham illa, sagalama irundhuchu"
2026-05-17,20:28,,+91 9778321867,28,Walk-in,Chicken Leg (2 pc),No,1,130,karur_kalam,No,0,130,GPay,4,
2026-05-17,20:58,Anitha M,+91 6517827335,18,Walk-in,Chicken Lollipop (4 pc),No,1,130,karur_kalam,No,0,130,Cash,4,"Super spicy and juicy, best bbq in area"
2026-05-17,20:58,Mary Raj,+91 9383473597,44,Phone Call,Chicken Leg (2 pc),No,1,130,karur_kalam,Yes,13,117,Cash,5,"Vera level taste, oru sight ah irundhuchu"
2026-05-17,21:40,Dinesh R,+91 6072324844,,Walk-in,Chicken Lollipop (4 pc),No,1,130,karur_kalam,No,0,130,PhonePe,5,"Super spicy and juicy, best bbq in area"
2026-05-17,18:50,Karthik,+91 8725294493,18,Walk-in,Chicken Lollipop (4 pc),No,1,130,karur_kalam,No,0,130,PhonePe,5,
2026-05-17,20:08,Rajesh Kumar,+91 7201861626,55,Walk-in,Chicken Lollipop (4 pc),No,1,130,karur_kalam,No,0,130,Cash,5,"Semma taste bro, chicken romba soft ah irundhuchu"
2026-05-17,18:41,Naveen,+91 7274930038,57,Walk-in,Chicken Lollipop (4 pc),No,1,130,karur_kalam,No,0,130,Paytm,5,
2026-05-17,19:49,Anand Prasad,+91 7799650752,,Phone Call,Chicken Lollipop (4 pc),No,1,130,karur_kalam,No,0,130,PhonePe,,"Loved the combo, perfect spice level"
2026-05-17,18:47,Kumar Prasad,+91 6473210469,41,Phone Call,Chicken Lollipop (4 pc),No,1,130,karur_kalam,No,0,130,PhonePe,2,"Not fresh today, taste changed"
2026-05-17,19:10,Suresh,+91 8294019655,42,Walk-in,Chicken Wings (5 pc),No,1,130,karur_kalam,No,0,130,GPay,,"Nalla crispy ah irundhuchu, quantity um super"
2026-05-18,21:48,Elango Devi,+91 9837770143,40,Phone Call,Chicken Leg (2 pc),No,1,130,karur_kalam,No,0,130,PhonePe,,"Nalla crispy ah irundhuchu, quantity um super"
2026-05-18,17:37,Gopal K,+91 6381848786,,Walk-in,Chicken Lollipop (4 pc),No,1,130,karur_kalam,No,0,130,,4,"Super spicy and juicy, best bbq in area"
2026-05-18,20:36,Vidya,+91 6715182037,,Phone Call,Chicken Lollipop (4 pc),No,2,260,karur_kalam,No,0,260,PhonePe,4,"Great value for money, fresh and hot"
2026-05-18,20:50,Gopal,+91 6003667580,55,Walk-in,Chicken Wings (5 pc),No,1,130,karur_kalam,No,0,130,GPay,5,"Best chicken lollipop I've had, will come again"
2026-05-18,21:14,Elango Kumar,+91 9574858685,,Walk-in,Chicken Lollipop (4 pc),No,2,260,karur_kalam,No,0,260,GPay,5,
2026-05-18,20:28,Prakash M,+91 7991196862,22,Walk-in,Chicken Lollipop (4 pc),No,1,130,karur_kalam,Yes,13,117,GPay,5,"Loved the combo, perfect spice level"
2026-05-18,20:23,Joseph Prasad,+91 6756551256,59,Walk-in,Chicken Lollipop (4 pc),No,1,130,karur_kalam,No,0,130,Paytm,5,"Excellent flavour, family panindhalum enjoy pannanga"
2026-05-18,20:57,Dinesh Babu,+91 8549480831,30,Walk-in,Chicken Wings (5 pc),No,2,260,karur_kalam,No,0,260,Paytm,5,
2026-05-18,21:50,Dinesh,+91 8451076226,49,Walk-in,Chicken Wings (5 pc),No,1,130,karur_kalam,No,0,130,GPay,4,
2026-05-18,21:02,Arun Kumar,+91 7387262473,,Phone Call,Chicken Wings (5 pc),No,1,130,karur_kalam,No,0,130,PhonePe,4,"Chicken leg romba soft ah vekachu irundhuchu, super"
2026-05-18,18:38,Gopal Babu,+91 7293183933,36,Phone Call,Chicken Wings (5 pc),No,1,130,karur_kalam,No,0,130,Paytm,3,"Okay okay taste, but konjam salt adhigama irundhuchu"
2026-05-18,22:21,Iniya,+91 7422899518,,Walk-in,Chicken Leg (2 pc),No,1,130,karur_kalam,No,0,130,Paytm,5,
2026-05-18,20:23,Gopal Babu,+91 8699033654,35,Walk-in,Chicken Wings (5 pc),No,1,130,karur_kalam,No,0,130,Cash,5,"Loved the combo, perfect spice level"
2026-05-18,20:48,Mary M,+91 9043206112,22,Walk-in,Chicken Leg (2 pc),No,1,130,karur_kalam,No,0,130,Cash,,"Semma taste bro, chicken romba soft ah irundhuchu"
2026-05-18,19:03,Ravi,+91 9490978276,,Phone Call,Chicken Wings (5 pc),No,1,130,karur_kalam,No,0,130,PhonePe,5,"Freshly grilled and juicy, highly recommend"
2026-05-18,18:07,Deepa,+91 7696816453,36,Phone Call,Chicken Wings (5 pc),No,1,130,karur_kalam,No,0,130,Paytm,4,
2026-05-18,18:31,,+91 9527758416,20,Phone Call,Chicken Lollipop (4 pc),No,1,130,karur_kalam,No,0,130,PhonePe,3,
2026-05-18,19:18,Kalaivani M,+91 9066999551,36,Walk-in,Chicken Leg (2 pc),No,1,130,karur_kalam,No,0,130,Cash,2,
2026-05-18,20:58,Gowtham S,+91 8614554511,,Walk-in,Chicken Leg (2 pc),No,1,130,karur_kalam,No,0,130,Cash,4,
2026-05-18,19:13,John Raj,+91 8198327315,50,Phone Call,Chicken Lollipop (4 pc),No,1,130,karur_kalam,No,0,130,Paytm,5,"Kalakalappa irundhuchu, next time friends oda varen"
2026-05-18,21:30,Kumar Kumar,+91 6190790306,,Phone Call,Chicken Wings (5 pc),No,1,130,karur_kalam,No,0,130,Card,4,
2026-05-18,21:45,Vidya R,+91 8916971576,59,Walk-in,Chicken Wings (5 pc),No,1,130,karur_kalam,No,0,130,Cash,5,"Ultimate taste anna, naa daily varen"
2026-05-18,21:27,Lakshmi,+91 9449251925,34,Phone Call,Chicken Leg (2 pc),No,1,130,karur_kalam,No,0,130,GPay,5,
2026-05-18,20:10,John R,+91 9480162456,38,Phone Call,Chicken Lollipop (4 pc),No,1,130,karur_kalam,Yes,13,117,PhonePe,4,"Chicken leg romba soft ah vekachu irundhuchu, super"
2026-05-18,19:37,Bala Raj,+91 8400903722,34,Walk-in,Chicken Wings (5 pc),No,1,130,karur_kalam,No,0,130,Cash,4,"Chicken leg romba soft ah vekachu irundhuchu, super"
2026-05-18,17:54,Selvam,+91 9799284639,36,Walk-in,Chicken Wings (5 pc),No,1,130,karur_kalam,No,0,130,Cash,4,"Vera level taste, oru sight ah irundhuchu"
2026-05-18,22:32,Yazhini,+91 6804794905,20,Walk-in,Chicken Lollipop (4 pc),No,1,130,karur_kalam,No,0,130,,4,"Excellent flavour, family panindhalum enjoy pannanga"
2026-05-18,21:14,,+91 7581141689,,Walk-in,Chicken Lollipop (4 pc),No,1,130,karur_kalam,Yes,13,117,Card,5,
2026-05-18,21:11,Kumar Prasad,+91 6473210469,41,Phone Call,Chicken Leg (2 pc),No,1,130,karur_kalam,Yes,13,117,PhonePe,4,"Loved the combo, perfect spice level"
2026-05-18,18:39,Fathima K,+91 9079472052,52,Walk-in,Chicken Leg (2 pc),No,1,130,karur_kalam,Yes,13,117,GPay,,"Great value for money, fresh and hot"
2026-05-19,21:24,Kumar,+91 8953278774,46,Phone Call,Chicken Wings (5 pc),No,1,130,karur_kalam,Yes,13,117,GPay,,"Chicken leg romba soft ah vekachu irundhuchu, super"
2026-05-19,19:08,Gopal Raj,+91 8961586578,17,Phone Call,Chicken Wings (5 pc),No,1,130,karur_kalam,No,0,130,GPay,,"Super spicy and juicy, best bbq in area"
2026-05-19,20:28,Joseph R,+91 9870568566,24,Phone Call,Chicken Lollipop (4 pc),No,1,130,karur_kalam,No,0,130,PhonePe,5,"Super spicy and juicy, best bbq in area"
2026-05-19,21:05,Kumar S,+91 6240579268,,Walk-in,Chicken Wings (5 pc),No,1,130,karur_kalam,No,0,130,Cash,5,"Kalakalappa irundhuchu, next time friends oda varen"
2026-05-19,18:42,Dinesh Babu,+91 6957300974,41,Walk-in,Chicken Wings (5 pc),No,1,130,karur_kalam,No,0,130,Cash,,"Vera level taste, oru sight ah irundhuchu"
2026-05-19,20:09,Karthik S,+91 9131712748,,Phone Call,Chicken Wings (5 pc),No,1,130,karur_kalam,No,0,130,GPay,,"Ultimate taste anna, naa daily varen"
2026-05-19,18:55,Deepa Raj,+91 9848085228,25,Walk-in,Chicken Wings (5 pc),No,1,130,karur_kalam,No,0,130,Cash,4,
2026-05-19,22:17,Senthil S,+91 7028439599,,Walk-in,Chicken Leg (2 pc),No,1,130,karur_kalam,No,0,130,PhonePe,5,"Semma taste bro, chicken romba soft ah irundhuchu"
2026-05-19,18:48,Dinesh M,+91 7614293968,36,Walk-in,Chicken Lollipop (4 pc),No,1,130,karur_kalam,Yes,13,117,GPay,4,"Nalla crispy ah irundhuchu, quantity um super"
2026-05-19,21:14,Anitha Kumar,+91 8024026811,45,Phone Call,Chicken Lollipop (4 pc),No,1,130,karur_kalam,No,0,130,Cash,5,"Kalakalappa irundhuchu, next time friends oda varen"
2026-05-19,21:31,Muthu Raj,+91 7210561219,57,Walk-in,Chicken Wings (5 pc),No,1,130,karur_kalam,No,0,130,Cash,4,"Kalakalappa irundhuchu, next time friends oda varen"
2026-05-19,22:40,Arun Kumar,+91 7675869261,46,Phone Call,Chicken Lollipop (4 pc),No,1,130,karur_kalam,Yes,13,117,Cash,3,
2026-05-19,18:17,Anand Devi,+91 9737826398,23,Walk-in,Chicken Wings (5 pc),No,1,130,karur_kalam,No,0,130,Cash,4,"Excellent flavour, family panindhalum enjoy pannanga"
2026-05-19,22:53,Prakash K,+91 8036012782,,Walk-in,Chicken Wings (5 pc),No,1,130,karur_kalam,Yes,13,117,Cash,,"Loved the combo, perfect spice level"
2026-05-19,17:03,Divya Prasad,+91 6654051531,,Walk-in,Chicken Wings (5 pc),No,1,130,karur_kalam,No,0,130,GPay,,"Great value for money, fresh and hot"
2026-05-19,19:35,Ravi Devi,+91 8375564641,45,Phone Call,Chicken Lollipop (4 pc),No,1,130,karur_kalam,Yes,13,117,Cash,,
2026-05-19,19:24,Dinesh,+91 8451076226,49,Phone Call,Chicken Leg (2 pc),No,1,130,karur_kalam,No,0,130,GPay,2,"Too salty, not up to the mark today"
2026-05-19,20:36,Pradeep Kumar,+91 8160607159,42,Phone Call,Chicken Lollipop (4 pc),No,1,130,karur_kalam,No,0,130,GPay,5,"Amazing bbq stall, must try in this area"
2026-05-19,20:36,Kumar M,+91 7622444721,25,Phone Call,Chicken Lollipop (4 pc),No,1,130,karur_kalam,No,0,130,GPay,,"Great value for money, fresh and hot"
2026-05-19,22:10,Mary Devi,+91 8053773515,49,Walk-in,Chicken Lollipop (4 pc),No,1,130,karur_kalam,No,0,130,GPay,4,"Best chicken lollipop I've had, will come again"
2026-05-19,21:58,Harish Prasad,+91 9028748928,60,Walk-in,Chicken Lollipop (4 pc),No,1,130,karur_kalam,No,0,130,Card,5,Very tasty and quick service too
2026-05-19,19:24,Revathi Raj,+91 8499045301,44,Walk-in,Chicken Wings (5 pc),No,1,130,karur_kalam,No,0,130,Paytm,3,"Not bad, but waiting time konjam adhigama irundhuchu"
2026-05-19,20:53,Dhanush Prasad,+91 6439516172,32,Walk-in,Chicken Leg (2 pc),No,1,130,karur_kalam,No,0,130,GPay,4,"Ultimate taste anna, naa daily varen"
2026-05-19,17:05,Muthu Devi,+91 6983584168,43,Phone Call,Chicken Lollipop (4 pc),No,1,130,karur_kalam,No,0,130,GPay,5,
2026-05-19,19:41,Dinesh Kumar,+91 8160462907,17,Walk-in,Chicken Leg (2 pc),No,2,260,karur_kalam,No,0,260,Cash,5,
2026-05-19,19:36,Aishwarya,+91 6363249384,59,Walk-in,Chicken Leg (2 pc),No,1,130,karur_kalam,No,0,130,GPay,,
2026-05-19,19:56,Sowmya Devi,+91 9177115921,23,Phone Call,Chicken Wings (5 pc),No,1,130,karur_kalam,Yes,13,117,Cash,3,"Average, expected more spice"
2026-05-19,17:06,Deepa M,+91 7845115447,53,Phone Call,Chicken Wings (5 pc),No,2,260,karur_kalam,No,0,260,GPay,4,"Chicken leg romba soft ah vekachu irundhuchu, super"
2026-05-19,22:57,Kumar Babu,+91 6612346119,23,Walk-in,Chicken Lollipop (4 pc),No,1,130,karur_kalam,No,0,130,GPay,3,Quantity konjam kammiya irundhuchu but taste okay
2026-05-19,19:37,Kumar R,+91 8569092755,43,Phone Call,Chicken Leg (2 pc),No,2,260,karur_kalam,No,0,260,Cash,4,"Vera level taste, oru sight ah irundhuchu"
2026-05-19,18:27,Joseph,+91 8908899212,16,Walk-in,Chicken Leg (2 pc),No,1,130,karur_kalam,No,0,130,GPay,5,"Excellent flavour, family panindhalum enjoy pannanga"
2026-05-19,20:09,,+91 7293183933,36,Phone Call,Chicken Leg (2 pc),No,1,130,karur_kalam,No,0,130,Paytm,4,"Semma taste bro, chicken romba soft ah irundhuchu"
2026-05-19,20:25,Gopal K,+91 9701629988,60,Walk-in,Chicken Leg (2 pc),No,1,130,karur_kalam,No,0,130,GPay,5,
2026-05-19,20:17,Manoj R,+91 9194311426,60,Walk-in,Chicken Leg (2 pc),No,1,130,karur_kalam,No,0,130,GPay,2,"Too salty, not up to the mark today"
2026-05-19,17:53,Selvam M,+91 6334123281,25,Phone Call,Chicken Leg (2 pc),No,1,130,karur_kalam,No,0,130,PhonePe,5,
2026-05-19,20:18,,+91 7185016315,53,Phone Call,Chicken Lollipop (4 pc),No,1,130,karur_kalam,No,0,130,Paytm,3,
2026-05-19,19:52,Kalaivani R,+91 8902573597,55,Walk-in,Chicken Leg (2 pc),No,1,130,karur_kalam,No,0,130,Cash,5,
2026-05-19,20:36,Mary S,+91 9427018972,29,Walk-in,Chicken Leg (2 pc),No,1,130,karur_kalam,No,0,130,GPay,,
2026-05-19,21:52,Murugan Prasad,+91 9527758416,20,Walk-in,Chicken Lollipop (4 pc),No,1,130,karur_kalam,No,0,130,GPay,5,
2026-05-20,20:54,Sivakumar S,+91 8991216558,,Phone Call,Chicken Wings (5 pc),No,1,130,karur_kalam,No,0,130,Cash,3,"Average, expected more spice"
2026-05-20,21:38,Mary Kumar,+91 6746120047,22,Phone Call,Chicken Lollipop (4 pc),No,1,130,karur_kalam,No,0,130,Paytm,4,
2026-05-20,19:03,Aishwarya S,+91 9359446342,,Walk-in,Chicken Lollipop (4 pc),No,2,260,karur_kalam,No,0,260,PhonePe,5,"Great value for money, fresh and hot"
2026-05-20,22:57,Iniya Babu,+91 6643171390,,Phone Call,Chicken Leg (2 pc),No,1,130,karur_kalam,No,0,130,PhonePe,,
2026-05-20,17:51,Saravanan Babu,+91 9307592579,44,Walk-in,Chicken Leg (2 pc),No,1,130,karur_kalam,No,0,130,Cash,,
2026-05-20,19:39,John Raj,+91 8198327315,50,Phone Call,Chicken Lollipop (4 pc),No,1,130,karur_kalam,No,0,130,GPay,5,"Nalla crispy ah irundhuchu, quantity um super"
2026-05-20,19:56,Dinesh K,+91 9401489025,,Phone Call,Chicken Leg (2 pc),No,2,260,karur_kalam,No,0,260,Cash,3,"Taste romba pramadham illa, sagalama irundhuchu"
2026-05-20,17:22,Prakash Raj,+91 7292127799,43,Phone Call,Chicken Leg (2 pc),No,1,130,karur_kalam,No,0,130,PhonePe,4,"Freshly grilled and juicy, highly recommend"
2026-05-20,20:47,Yazhini,+91 6916771086,40,Walk-in,Chicken Lollipop (4 pc),No,1,130,karur_kalam,No,0,130,Cash,,"Vera level taste, oru sight ah irundhuchu"
2026-05-20,21:28,Abdul Kareem,+91 9895278690,55,Walk-in,Chicken Lollipop (4 pc),No,2,260,karur_kalam,No,0,260,Cash,5,"Vera level taste, oru sight ah irundhuchu"
2026-05-20,21:07,Rajesh,+91 6422842102,15,Walk-in,Chicken Wings (5 pc),No,1,130,karur_kalam,Yes,13,117,GPay,4,"Semma taste bro, chicken romba soft ah irundhuchu"
2026-05-20,20:54,Vidya Raj,+91 8127105388,28,Walk-in,Chicken Lollipop (4 pc),No,2,260,karur_kalam,No,0,260,GPay,4,"Excellent flavour, family panindhalum enjoy pannanga"
2026-05-20,18:44,Naveen,+91 9841459332,45,Phone Call,Chicken Wings (5 pc),No,1,130,karur_kalam,No,0,130,GPay,,"Not fresh today, taste changed"
2026-05-20,17:31,,+91 9584044997,24,Phone Call,Chicken Lollipop (4 pc),No,1,130,karur_kalam,No,0,130,GPay,5,
2026-05-20,17:36,Selvam,+91 9400524278,60,Walk-in,Chicken Lollipop (4 pc),No,1,130,karur_kalam,No,0,130,Cash,4,"Freshly grilled and juicy, highly recommend"
2026-05-20,19:05,Nithya Kumar,+91 7469871685,37,Walk-in,Chicken Leg (2 pc),No,1,130,karur_kalam,Yes,13,117,GPay,5,"Super spicy and juicy, best bbq in area"
2026-05-20,21:44,,+91 8698478961,59,Phone Call,Chicken Leg (2 pc),No,1,130,karur_kalam,No,0,130,Paytm,5,"Nalla crispy ah irundhuchu, quantity um super"
2026-05-20,21:33,Abdul Kareem Babu,+91 6308981791,22,Walk-in,Chicken Lollipop (4 pc),No,1,130,karur_kalam,No,0,130,GPay,5,"Ultimate taste anna, naa daily varen"
2026-05-20,18:13,,+91 6783908470,18,Phone Call,Chicken Leg (2 pc),No,1,130,karur_kalam,No,0,130,GPay,3,
2026-05-20,18:44,Vijay,+91 8396907844,45,Walk-in,Chicken Leg (2 pc),No,1,130,karur_kalam,No,0,130,PhonePe,,Very tasty and quick service too
2026-05-20,17:40,Gowtham Babu,+91 9139718707,23,Walk-in,Chicken Leg (2 pc),No,2,260,karur_kalam,No,0,260,GPay,,
2026-05-20,19:08,Ramesh Kumar,+91 6852471953,,Phone Call,Chicken Wings (5 pc),No,1,130,karur_kalam,No,0,130,PhonePe,,"Cold ah kudutanga, expected hot and fresh"
2026-05-20,20:36,Arun,+91 7339845461,38,Phone Call,Chicken Lollipop (4 pc),No,1,130,karur_kalam,No,0,130,GPay,5,
2026-05-20,22:46,Priya,+91 9122753046,30,Phone Call,Chicken Wings (5 pc),No,1,130,karur_kalam,Yes,13,117,GPay,5,
2026-05-20,22:32,Lakshmi,+91 9449251925,34,Phone Call,Chicken Lollipop (4 pc),No,2,260,karur_kalam,No,0,260,Cash,5,"Chicken leg romba soft ah vekachu irundhuchu, super"
2026-05-20,18:32,John Prasad,+91 8452769662,56,Walk-in,Chicken Lollipop (4 pc),No,1,130,karur_kalam,No,0,130,GPay,,"Average, expected more spice"
2026-05-20,20:56,Vidya,+91 6715182037,43,Phone Call,Chicken Lollipop (4 pc),No,1,130,karur_kalam,Yes,13,117,GPay,5,
2026-05-20,19:44,,+91 8482739548,,Walk-in,Chicken Leg (2 pc),No,1,130,karur_kalam,No,0,130,GPay,4,"Super spicy and juicy, best bbq in area"
2026-05-20,19:06,Kumar R,+91 9471027677,28,Phone Call,Chicken Lollipop (4 pc),No,1,130,karur_kalam,Yes,13,117,GPay,5,
2026-05-20,21:57,Lakshmi,+91 8888582124,18,Walk-in,Chicken Wings (5 pc),No,2,260,karur_kalam,Yes,26,234,PhonePe,,
2026-05-20,17:24,Sowmya Kumar,+91 8403317393,40,Phone Call,Chicken Wings (5 pc),No,1,130,karur_kalam,No,0,130,PhonePe,5,
2026-05-20,21:29,Kumar Prasad,+91 6473210469,41,Walk-in,Chicken Leg (2 pc),No,1,130,karur_kalam,No,0,130,Paytm,4,"Loved the combo, perfect spice level"
2026-05-20,18:01,Vignesh Prasad,+91 7641492864,57,Walk-in,Chicken Leg (2 pc),No,1,130,karur_kalam,Yes,13,117,Cash,4,Very tasty and quick service too
2026-05-20,22:38,Mary Devi,+91 8053773515,49,Walk-in,Chicken Lollipop (4 pc),No,1,130,karur_kalam,No,0,130,Cash,2,"Too salty, not up to the mark today"
2026-05-20,19:43,Bala S,+91 8520298135,23,Walk-in,Chicken Leg (2 pc),No,1,130,karur_kalam,No,0,130,GPay,,"Excellent flavour, family panindhalum enjoy pannanga"
2026-05-20,19:50,Gowtham Kumar,+91 8988600000,32,Walk-in,Chicken Leg (2 pc),No,1,130,karur_kalam,No,0,130,Cash,5,
2026-05-20,20:59,Murugan K,+91 7357019165,18,Walk-in,Chicken Wings (5 pc),No,1,130,karur_kalam,No,0,130,Cash,4,
2026-05-20,18:53,Anand,+91 6296764249,60,Walk-in,Chicken Wings (5 pc),No,1,130,karur_kalam,No,0,130,Cash,4,"Loved the combo, perfect spice level"
2026-05-20,20:37,John S,+91 6693406088,58,Phone Call,Chicken Leg (2 pc),No,1,130,karur_kalam,No,0,130,GPay,4,
2026-05-20,18:39,Iniya Devi,+91 9121123792,,Walk-in,Chicken Lollipop (4 pc),No,1,130,karur_kalam,No,0,130,Cash,,"It was fine, nothing special"
2026-05-20,21:33,Swathi Prasad,+91 7982595269,34,Walk-in,Chicken Leg (2 pc),No,1,130,karur_kalam,Yes,13,117,Cash,,"Vera level taste, oru sight ah irundhuchu"
2026-05-21,17:39,,+91 6245285923,33,Walk-in,Chicken Leg (2 pc),No,1,130,karur_kalam,No,0,130,Cash,5,"Kalakalappa irundhuchu, next time friends oda varen"
2026-05-21,22:41,Vignesh Prasad,+91 8443135182,27,Phone Call,Chicken Wings (5 pc),No,1,130,karur_kalam,No,0,130,Cash,4,
2026-05-21,20:04,John Devi,+91 7229270653,43,Walk-in,Chicken Lollipop (4 pc),No,1,130,karur_kalam,No,0,130,GPay,4,
2026-05-21,22:17,Suresh Devi,+91 9326739589,33,Walk-in,Chicken Leg (2 pc),No,2,260,karur_kalam,No,0,260,Cash,5,"Excellent flavour, family panindhalum enjoy pannanga"
2026-05-21,17:30,Muthu Devi,+91 6983584168,43,Phone Call,Chicken Lollipop (4 pc),No,1,130,karur_kalam,No,0,130,GPay,,"Nalla crispy ah irundhuchu, quantity um super"
2026-05-21,21:41,Ravi Devi,+91 6755795878,18,Walk-in,Chicken Leg (2 pc),No,1,130,karur_kalam,No,0,130,Cash,4,
2026-05-21,20:23,,+91 9233884101,44,Walk-in,Chicken Wings (5 pc),No,1,130,karur_kalam,No,0,130,GPay,,"Chicken leg romba soft ah vekachu irundhuchu, super"
2026-05-21,22:05,Ravi Devi,+91 8375564641,,Phone Call,Chicken Lollipop (4 pc),No,1,130,karur_kalam,No,0,130,GPay,2,
2026-05-21,22:29,Sivakumar R,+91 8902787429,,Phone Call,Chicken Wings (5 pc),No,1,130,karur_kalam,No,0,130,PhonePe,4,
2026-05-21,19:45,Dinesh K,+91 9401489025,16,Walk-in,Chicken Wings (5 pc),No,1,130,karur_kalam,No,0,130,PhonePe,5,Very tasty and quick service too
2026-05-21,21:07,Deepa M,+91 7845115447,,Phone Call,Chicken Leg (2 pc),No,1,130,karur_kalam,No,0,130,PhonePe,5,"Amazing bbq stall, must try in this area"
2026-05-21,19:42,Muthu Devi,+91 6879963440,41,Walk-in,Chicken Lollipop (4 pc),No,1,130,karur_kalam,No,0,130,GPay,,"Chicken leg romba soft ah vekachu irundhuchu, super"
2026-05-21,22:11,Anand Prasad,+91 8255341928,30,Phone Call,Chicken Leg (2 pc),No,1,130,karur_kalam,No,0,130,Cash,5,"Ultimate taste anna, naa daily varen"
2026-05-21,19:22,Kumar S,+91 8467854458,,Phone Call,Chicken Leg (2 pc),No,1,130,karur_kalam,No,0,130,PhonePe,5,
2026-05-21,19:43,Sathish Kumar,+91 8843443757,37,Walk-in,Chicken Wings (5 pc),No,2,260,karur_kalam,No,0,260,GPay,4,"Nalla crispy ah irundhuchu, quantity um super"
2026-05-21,20:22,Vidya,+91 6715182037,,Walk-in,Chicken Wings (5 pc),No,1,130,karur_kalam,No,0,130,Cash,4,
2026-05-21,17:00,Nithya,+91 7217914018,56,Walk-in,Chicken Leg (2 pc),No,1,130,karur_kalam,No,0,130,Cash,3,"Not bad, but waiting time konjam adhigama irundhuchu"
2026-05-21,21:23,Bala M,+91 8554697261,31,Walk-in,Chicken Lollipop (4 pc),No,1,130,karur_kalam,Yes,13,117,Cash,4,"Best chicken lollipop I've had, will come again"
2026-05-21,21:05,Muthu Devi,+91 6983584168,43,Phone Call,Chicken Lollipop (4 pc),No,1,130,karur_kalam,No,0,130,GPay,4,
2026-05-21,21:50,Vidya,+91 7892565846,39,Walk-in,Chicken Lollipop (4 pc),No,1,130,karur_kalam,No,0,130,PhonePe,5,"Chicken leg romba soft ah vekachu irundhuchu, super"
2026-05-21,18:55,Abdul Kareem,+91 7992299590,16,Phone Call,Chicken Leg (2 pc),No,1,130,karur_kalam,No,0,130,GPay,,"Best chicken lollipop I've had, will come again"
2026-05-21,18:53,Joseph M,+91 8766273872,31,Walk-in,Chicken Wings (5 pc),No,1,130,karur_kalam,No,0,130,GPay,4,"Great value for money, fresh and hot"
2026-05-21,22:47,Anitha S,+91 6995604661,,Walk-in,Chicken Leg (2 pc),No,1,130,karur_kalam,No,0,130,PhonePe,5,"Vera level taste, oru sight ah irundhuchu"
2026-05-21,18:10,Dhanush K,+91 6574733848,59,Phone Call,Chicken Leg (2 pc),No,1,130,karur_kalam,Yes,13,117,Cash,,
2026-05-21,18:44,Selvam R,+91 6217659180,29,Phone Call,Chicken Wings (5 pc),No,1,130,karur_kalam,No,0,130,GPay,,
2026-05-21,19:13,Elango Kumar,+91 6469901398,28,Phone Call,Chicken Leg (2 pc),No,2,260,karur_kalam,No,0,260,Paytm,4,
2026-05-21,17:38,Vijay Kumar,+91 9506068536,20,Phone Call,Chicken Lollipop (4 pc),No,1,130,karur_kalam,No,0,130,Cash,5,
2026-05-21,21:17,Iniya Babu,+91 6643171390,18,Walk-in,Chicken Lollipop (4 pc),No,1,130,karur_kalam,No,0,130,Card,4,"Loved the combo, perfect spice level"
2026-05-21,21:21,Sowmya Devi,+91 9177115921,23,Phone Call,Chicken Lollipop (4 pc),No,1,130,karur_kalam,No,0,130,PhonePe,5,"Ultimate taste anna, naa daily varen"
2026-05-21,20:44,Saravanan,+91 9769693911,16,Walk-in,Chicken Lollipop (4 pc),No,2,260,karur_kalam,No,0,260,Paytm,5,"Kalakalappa irundhuchu, next time friends oda varen"
2026-05-21,17:16,Saravanan R,+91 7673657661,35,Phone Call,Chicken Leg (2 pc),No,1,130,karur_kalam,No,0,130,PhonePe,3,"Okay okay taste, but konjam salt adhigama irundhuchu"
2026-05-21,19:37,Gopal Kumar,+91 6071365910,,Walk-in,Chicken Leg (2 pc),No,1,130,karur_kalam,Yes,13,117,GPay,3,Quantity konjam kammiya irundhuchu but taste okay
2026-05-21,19:07,Iniya S,+91 9287431527,56,Phone Call,Chicken Wings (5 pc),No,1,130,karur_kalam,No,0,130,GPay,3,
2026-05-21,20:07,Gopal R,+91 7655110475,,Phone Call,Chicken Lollipop (4 pc),No,1,130,karur_kalam,Yes,13,117,PhonePe,4,"Excellent flavour, family panindhalum enjoy pannanga"
2026-05-21,21:32,Arun Babu,+91 8940781618,33,Walk-in,Chicken Leg (2 pc),No,1,130,karur_kalam,No,0,130,PhonePe,3,Quantity konjam kammiya irundhuchu but taste okay
2026-05-21,18:28,Farhan M,+91 7878885882,49,Walk-in,Chicken Wings (5 pc),No,1,130,karur_kalam,Yes,13,117,Paytm,4,"Wings semma crispy ah irundhuchu, thanks anna"
2026-05-21,19:04,Anitha M,+91 8406409097,33,Phone Call,Chicken Wings (5 pc),No,1,130,karur_kalam,No,0,130,GPay,4,
2026-05-21,21:05,Sowmya Prasad,+91 6104328986,22,Phone Call,Chicken Leg (2 pc),No,1,130,karur_kalam,No,0,130,PhonePe,4,"Best chicken lollipop I've had, will come again"
2026-05-21,19:31,Prakash R,+91 7691669784,50,Phone Call,Chicken Lollipop (4 pc),No,1,130,karur_kalam,No,0,130,GPay,5,
2026-05-21,19:31,Vijay Raj,+91 6066632258,,Walk-in,Chicken Wings (5 pc),No,1,130,karur_kalam,No,0,130,Cash,2,"Too salty, not up to the mark today"
2026-05-21,20:10,Vignesh M,+91 8222498679,56,Walk-in,Chicken Leg (2 pc),No,2,260,karur_kalam,No,0,260,Cash,3,"Not bad, but waiting time konjam adhigama irundhuchu"
2026-05-21,21:10,Dinesh K,+91 9498941343,38,Phone Call,Chicken Wings (5 pc),No,1,130,karur_kalam,No,0,130,GPay,5,
2026-05-21,22:21,,+91 7185188888,16,Phone Call,Chicken Wings (5 pc),No,1,130,karur_kalam,Yes,13,117,GPay,5,"Kalakalappa irundhuchu, next time friends oda varen"
2026-05-21,22:10,Sowmya M,+91 6370571132,43,Walk-in,Chicken Lollipop (4 pc),No,1,130,karur_kalam,No,0,130,Paytm,5,"Chicken leg romba soft ah vekachu irundhuchu, super"
2026-05-21,18:44,Swathi Raj,+91 8565520133,25,Walk-in,Chicken Leg (2 pc),No,1,130,karur_kalam,Yes,13,117,Card,4,Very tasty and quick service too
2026-05-21,19:41,Vidya,+91 6715182037,43,Phone Call,Chicken Wings (5 pc),No,2,260,karur_kalam,No,0,260,Cash,4,"Super spicy and juicy, best bbq in area"
2026-05-21,19:50,Sowmya Kumar,+91 8403317393,40,Walk-in,Chicken Lollipop (4 pc),No,2,260,karur_kalam,No,0,260,GPay,4,
2026-05-21,20:34,Saravanan,+91 8190496631,52,Phone Call,Chicken Leg (2 pc),No,1,130,karur_kalam,No,0,130,PhonePe,2,"Too salty, not up to the mark today"
2026-05-21,20:49,Sowmya Babu,+91 6814124782,42,Phone Call,Chicken Wings (5 pc),No,1,130,karur_kalam,No,0,130,GPay,5,Very tasty and quick service too
2026-05-21,18:06,Mary,+91 7431611724,16,Phone Call,Chicken Lollipop (4 pc),No,1,130,karur_kalam,No,0,130,GPay,4,
2026-05-21,19:57,Vignesh Babu,+91 9719201248,34,Walk-in,Chicken Lollipop (4 pc),No,1,130,karur_kalam,No,0,130,Cash,3,"Okay okay taste, but konjam salt adhigama irundhuchu"
2026-05-21,18:41,Sathish,+91 6656670106,36,Phone Call,Chicken Lollipop (4 pc),No,1,130,karur_kalam,No,0,130,Paytm,4,"Ultimate taste anna, naa daily varen"
2026-05-21,20:09,Yazhini,+91 7205853748,38,Walk-in,Chicken Leg (2 pc),No,1,130,karur_kalam,No,0,130,GPay,4,
2026-05-21,19:50,Saravanan Raj,+91 9200809125,,Walk-in,Chicken Leg (2 pc),No,1,130,karur_kalam,No,0,130,Cash,5,
2026-05-21,18:15,Ayesha,+91 6651801704,41,Walk-in,Chicken Lollipop (4 pc),No,1,130,karur_kalam,No,0,130,Cash,4,
2026-05-22,22:36,Divya Kumar,+91 9057662702,47,Phone Call,Chicken Lollipop (4 pc),No,1,130,karur_kalam,No,0,130,Cash,5,"Amazing bbq stall, must try in this area"
2026-05-22,19:42,Sowmya M,+91 6879804186,,Walk-in,Chicken Lollipop (4 pc),No,1,130,karur_kalam,No,0,130,PhonePe,3,"Not bad, but waiting time konjam adhigama irundhuchu"
2026-05-22,22:45,Ravi K,+91 9965328710,22,Phone Call,Chicken Wings (5 pc),No,1,130,karur_kalam,No,0,130,Paytm,5,
2026-05-22,21:57,Priya,+91 9122753046,30,Phone Call,Chicken Lollipop (4 pc),No,1,130,karur_kalam,Yes,13,117,Cash,4,"Great value for money, fresh and hot"
2026-05-22,22:02,Revathi S,+91 6080132677,28,Phone Call,Chicken Wings (5 pc),No,1,130,karur_kalam,No,0,130,Cash,,
2026-05-22,19:55,Manoj S,+91 6801006231,60,Phone Call,Chicken Leg (2 pc),No,1,130,karur_kalam,No,0,130,,5,"Chicken leg romba soft ah vekachu irundhuchu, super"
2026-05-22,19:05,Priya K,+91 6324677817,55,Walk-in,Chicken Leg (2 pc),No,1,130,karur_kalam,No,0,130,PhonePe,5,"Kalakalappa irundhuchu, next time friends oda varen"
2026-05-22,22:04,Kalaivani Prasad,+91 8265979843,39,Walk-in,Chicken Wings (5 pc),No,1,130,karur_kalam,No,0,130,,2,"Not fresh today, taste changed"
2026-05-22,20:58,Rajesh R,+91 9260346317,47,Walk-in,Chicken Leg (2 pc),No,1,130,karur_kalam,No,0,130,Cash,,
2026-05-22,20:33,Manoj,+91 9567661825,22,Phone Call,Chicken Leg (2 pc),No,1,130,karur_kalam,Yes,13,117,GPay,3,"Decent taste, price sari than"
2026-05-22,18:44,Mary Raj,+91 9383473597,44,Phone Call,Chicken Lollipop (4 pc),No,2,260,karur_kalam,No,0,260,GPay,4,"Wings semma crispy ah irundhuchu, thanks anna"
2026-05-22,17:43,Murugan,+91 7226025634,25,Walk-in,Chicken Wings (5 pc),No,2,260,karur_kalam,No,0,260,Cash,,"Nalla crispy ah irundhuchu, quantity um super"
2026-05-22,19:16,Divya K,+91 7185016315,53,Phone Call,Chicken Wings (5 pc),No,1,130,karur_kalam,No,0,130,PhonePe,,"Best chicken lollipop I've had, will come again"
2026-05-22,22:44,,+91 8486348718,29,Walk-in,Chicken Leg (2 pc),No,1,130,karur_kalam,No,0,130,GPay,,
2026-05-22,18:20,Sowmya Devi,+91 6988024274,28,Walk-in,Chicken Wings (5 pc),No,2,260,karur_kalam,No,0,260,Paytm,5,"Chicken leg romba soft ah vekachu irundhuchu, super"
2026-05-22,18:27,Vidya Kumar,+91 6859249347,,Walk-in,Chicken Wings (5 pc),No,1,130,karur_kalam,No,0,130,GPay,,"Great value for money, fresh and hot"
2026-05-22,20:54,Karthik R,+91 6845146270,31,Walk-in,Chicken Leg (2 pc),No,1,130,karur_kalam,No,0,130,PhonePe,4,"Freshly grilled and juicy, highly recommend"
2026-05-22,21:10,Nithya,+91 7978248918,23,Walk-in,Chicken Lollipop (4 pc),No,1,130,karur_kalam,No,0,130,PhonePe,4,"Great value for money, fresh and hot"
2026-05-22,18:29,,+91 8280707718,48,Walk-in,Chicken Leg (2 pc),No,2,260,karur_kalam,Yes,26,234,PhonePe,4,"Excellent flavour, family panindhalum enjoy pannanga"
2026-05-22,19:59,Kumar M,+91 6916998543,57,Walk-in,Chicken Leg (2 pc),No,2,260,karur_kalam,No,0,260,PhonePe,5,
2026-05-22,17:35,Kumar M,+91 6916998543,57,Phone Call,Chicken Lollipop (4 pc),No,1,130,karur_kalam,No,0,130,Cash,5,
2026-05-22,19:16,Bala S,+91 6988516560,,Phone Call,Chicken Lollipop (4 pc),No,1,130,karur_kalam,No,0,130,GPay,,
2026-05-22,21:20,Manoj,+91 9447227643,51,Walk-in,Chicken Wings (5 pc),No,1,130,karur_kalam,Yes,13,117,PhonePe,4,
2026-05-22,22:46,Swathi Babu,+91 8938978726,21,Walk-in,Chicken Lollipop (4 pc),No,1,130,karur_kalam,No,0,130,GPay,5,"Amazing bbq stall, must try in this area"
2026-05-22,21:49,Elango,+91 6847629749,31,Walk-in,Chicken Leg (2 pc),No,2,260,karur_kalam,No,0,260,Cash,5,"Super spicy and juicy, best bbq in area"
2026-05-22,18:00,Prakash,+91 7875099770,15,Phone Call,Chicken Lollipop (4 pc),No,2,260,karur_kalam,Yes,26,234,GPay,5,"Chicken leg romba soft ah vekachu irundhuchu, super"
2026-05-22,22:03,Elango Prasad,+91 8746766542,18,Walk-in,Chicken Leg (2 pc),No,1,130,karur_kalam,No,0,130,Cash,,"Wings semma crispy ah irundhuchu, thanks anna"
2026-05-22,20:08,Gowtham,+91 6209016744,28,Walk-in,Chicken Lollipop (4 pc),No,1,130,karur_kalam,No,0,130,GPay,3,"Average, expected more spice"
2026-05-22,21:34,Elango,+91 7524624702,19,Walk-in,Chicken Wings (5 pc),No,1,130,karur_kalam,No,0,130,Cash,5,
2026-05-22,22:54,Arun,+91 6267888610,20,Walk-in,Chicken Leg (2 pc),No,1,130,karur_kalam,No,0,130,Card,,"Amazing bbq stall, must try in this area"
2026-05-22,22:06,Joseph Babu,+91 6749145592,37,Walk-in,Chicken Wings (5 pc),No,1,130,karur_kalam,No,0,130,PhonePe,4,
2026-05-22,17:56,Revathi R,+91 9797643815,42,Walk-in,Chicken Wings (5 pc),No,1,130,karur_kalam,No,0,130,GPay,4,"Vera level taste, oru sight ah irundhuchu"
2026-05-22,17:15,Sathish Kumar,+91 6145939207,45,Walk-in,Chicken Leg (2 pc),No,1,130,karur_kalam,Yes,13,117,GPay,5,
2026-05-22,20:03,Meena Prasad,+91 6902294131,50,Walk-in,Chicken Wings (5 pc),No,1,130,karur_kalam,No,0,130,PhonePe,5,
2026-05-22,20:18,Sowmya Prasad,+91 6104328986,22,Phone Call,Chicken Wings (5 pc),No,1,130,karur_kalam,No,0,130,PhonePe,4,"Wings semma crispy ah irundhuchu, thanks anna"
2026-05-22,21:47,Saravanan Devi,+91 6630258366,50,Walk-in,Chicken Lollipop (4 pc),No,1,130,karur_kalam,No,0,130,Paytm,,"Not bad, but waiting time konjam adhigama irundhuchu"
2026-05-22,19:36,Lakshmi,+91 9449251925,34,Walk-in,Chicken Leg (2 pc),No,2,260,karur_kalam,No,0,260,Paytm,5,"Great value for money, fresh and hot"
2026-05-22,17:39,Selvam S,+91 7172788957,54,Walk-in,Chicken Leg (2 pc),No,1,130,karur_kalam,No,0,130,GPay,4,"Great value for money, fresh and hot"
2026-05-22,18:01,Kumar Prasad,+91 6473210469,41,Phone Call,Chicken Lollipop (4 pc),No,1,130,karur_kalam,Yes,13,117,PhonePe,,"Super spicy and juicy, best bbq in area"
2026-05-23,20:35,Manoj,+91 9723827814,41,Walk-in,Chicken Leg (2 pc),No,1,130,karur_kalam,No,0,130,Cash,5,"Wings semma crispy ah irundhuchu, thanks anna"
2026-05-23,17:23,Sathish S,+91 6294657602,32,Walk-in,Chicken Leg (2 pc),No,1,130,karur_kalam,No,0,130,GPay,5,"Amazing bbq stall, must try in this area"
2026-05-23,21:01,Swathi S,+91 7554665905,19,Phone Call,Chicken Lollipop (4 pc),No,1,130,karur_kalam,No,0,130,Cash,4,"Amazing bbq stall, must try in this area"
2026-05-23,22:19,Lakshmi,+91 7930103105,19,Phone Call,Chicken Leg (2 pc),No,2,260,karur_kalam,No,0,260,GPay,,
2026-05-23,20:21,Fathima M,+91 8782911467,48,Walk-in,Chicken Wings (5 pc),No,1,130,karur_kalam,No,0,130,Cash,5,
2026-05-23,20:04,Deepa Kumar,+91 7221705075,44,Walk-in,Chicken Leg (2 pc),No,2,260,karur_kalam,No,0,260,GPay,2,
2026-05-23,19:38,Ayesha,+91 6651801704,41,Phone Call,Chicken Leg (2 pc),No,1,130,karur_kalam,No,0,130,PhonePe,3,Quantity konjam kammiya irundhuchu but taste okay
2026-05-23,19:28,Kalaivani Devi,+91 7221471195,23,Walk-in,Chicken Wings (5 pc),No,1,130,karur_kalam,No,0,130,,4,"Best chicken lollipop I've had, will come again"
2026-05-23,19:53,Kavya,+91 8936899809,57,Phone Call,Chicken Leg (2 pc),No,1,130,karur_kalam,No,0,130,GPay,3,
2026-05-23,19:27,Prakash Raj,+91 7292127799,,Phone Call,Chicken Wings (5 pc),No,1,130,karur_kalam,No,0,130,GPay,2,"Konjam over cooked ah irundhuchu, disappointed"
2026-05-23,22:42,Saravanan,+91 8640587342,25,Phone Call,Chicken Wings (5 pc),No,1,130,karur_kalam,No,0,130,GPay,,"Best chicken lollipop I've had, will come again"
2026-05-23,17:13,Selvam R,+91 6217659180,29,Walk-in,Chicken Lollipop (4 pc),No,2,260,karur_kalam,No,0,260,Cash,2,"Too salty, not up to the mark today"
2026-05-23,20:06,Sivakumar Prasad,+91 7887240024,,Walk-in,Chicken Lollipop (4 pc),No,1,130,karur_kalam,No,0,130,PhonePe,2,"Waiting time mikka adhigama irundhuchu, service slow"
2026-05-23,22:40,Yazhini R,+91 9582029702,19,Phone Call,Chicken Lollipop (4 pc),No,1,130,karur_kalam,No,0,130,Paytm,5,"Freshly grilled and juicy, highly recommend"
2026-05-23,22:04,Ayesha Babu,+91 6718702621,,Phone Call,Chicken Wings (5 pc),No,1,130,karur_kalam,No,0,130,Cash,4,"Super spicy and juicy, best bbq in area"
2026-05-23,18:59,John Devi,+91 7229270653,43,Phone Call,Chicken Lollipop (4 pc),No,1,130,karur_kalam,Yes,13,117,Paytm,5,"Wings semma crispy ah irundhuchu, thanks anna"
2026-05-23,19:56,Priya R,+91 8978799632,,Walk-in,Chicken Leg (2 pc),No,1,130,karur_kalam,No,0,130,GPay,4,
2026-05-23,17:28,Revathi Babu,+91 7967753621,15,Walk-in,Chicken Leg (2 pc),No,1,130,karur_kalam,Yes,13,117,GPay,5,
2026-05-23,20:02,John S,+91 9798079359,,Phone Call,Chicken Lollipop (4 pc),No,1,130,karur_kalam,No,0,130,GPay,5,"Semma taste bro, chicken romba soft ah irundhuchu"
2026-05-23,17:03,Vijay R,+91 8823479931,49,Walk-in,Chicken Lollipop (4 pc),No,2,260,karur_kalam,No,0,260,Cash,4,"Kalakalappa irundhuchu, next time friends oda varen"
2026-05-23,19:39,Joseph M,+91 8931034131,39,Phone Call,Chicken Leg (2 pc),No,2,260,karur_kalam,No,0,260,PhonePe,4,"Excellent flavour, family panindhalum enjoy pannanga"
2026-05-23,19:14,Dinesh M,+91 7614293968,36,Phone Call,Chicken Lollipop (4 pc),No,1,130,karur_kalam,No,0,130,Cash,,"Ultimate taste anna, naa daily varen"
2026-05-23,22:54,Selvam S,+91 7172788957,,Phone Call,Chicken Lollipop (4 pc),No,1,130,karur_kalam,No,0,130,PhonePe,,"Chicken leg romba soft ah vekachu irundhuchu, super"
2026-05-23,18:00,Gopal Babu,+91 7293183933,36,Phone Call,Chicken Lollipop (4 pc),No,1,130,karur_kalam,No,0,130,GPay,,
2026-05-23,19:36,,+91 9767758313,58,Walk-in,Chicken Lollipop (4 pc),No,1,130,karur_kalam,No,0,130,Cash,3,"Taste romba pramadham illa, sagalama irundhuchu"
2026-05-23,21:55,Saravanan Kumar,+91 8543405416,57,Walk-in,Chicken Leg (2 pc),No,2,260,karur_kalam,No,0,260,Cash,,"Great value for money, fresh and hot"
2026-05-23,19:03,Sivakumar S,+91 9360511035,28,Phone Call,Chicken Wings (5 pc),No,1,130,karur_kalam,No,0,130,GPay,5,"Ultimate taste anna, naa daily varen"
2026-05-23,17:25,,+91 9331665937,28,Walk-in,Chicken Wings (5 pc),No,1,130,karur_kalam,No,0,130,Cash,4,"Super spicy and juicy, best bbq in area"
2026-05-23,20:15,Dinesh Devi,+91 9909670546,41,Walk-in,Chicken Wings (5 pc),No,1,130,karur_kalam,No,0,130,PhonePe,,
2026-05-23,20:23,Mary,+91 7431611724,16,Phone Call,Chicken Leg (2 pc),No,1,130,karur_kalam,No,0,130,Cash,4,
2026-05-23,18:27,Saravanan R,+91 7673657661,35,Walk-in,Chicken Leg (2 pc),No,1,130,karur_kalam,No,0,130,Cash,,Very tasty and quick service too
2026-05-23,19:19,Aishwarya Babu,+91 7712904240,48,Walk-in,Chicken Wings (5 pc),No,1,130,karur_kalam,No,0,130,,4,"Wings semma crispy ah irundhuchu, thanks anna"
2026-05-23,18:03,Ravi K,+91 9965328710,,Phone Call,Chicken Leg (2 pc),No,1,130,karur_kalam,No,0,130,PhonePe,4,"Kalakalappa irundhuchu, next time friends oda varen"
2026-05-23,19:59,Prakash Raj,+91 7292127799,,Walk-in,Chicken Wings (5 pc),No,1,130,karur_kalam,No,0,130,GPay,4,"Semma taste bro, chicken romba soft ah irundhuchu"
2026-05-23,21:47,Lakshmi M,+91 7555625881,,Walk-in,Chicken Lollipop (4 pc),No,1,130,karur_kalam,No,0,130,Cash,,"Loved the combo, perfect spice level"
2026-05-23,19:14,Gowtham Prasad,+91 8980841241,21,Walk-in,Chicken Leg (2 pc),No,1,130,karur_kalam,No,0,130,Cash,3,"Decent taste, price sari than"
2026-05-23,19:13,,+91 7634351751,49,Phone Call,Chicken Wings (5 pc),No,1,130,karur_kalam,No,0,130,PhonePe,3,"Decent taste, price sari than"
2026-05-23,21:52,Kumar Prasad,+91 6473210469,41,Walk-in,Chicken Wings (5 pc),No,1,130,karur_kalam,No,0,130,Cash,5,
2026-05-23,21:22,Joseph R,+91 9870568566,,Phone Call,Chicken Leg (2 pc),No,1,130,karur_kalam,No,0,130,Card,2,
2026-05-23,21:15,Vidya Devi,+91 9908740640,28,Walk-in,Chicken Leg (2 pc),No,1,130,karur_kalam,No,0,130,Paytm,4,"Wings semma crispy ah irundhuchu, thanks anna"
2026-05-23,22:59,Dinesh S,+91 7465787133,19,Phone Call,Chicken Leg (2 pc),No,1,130,karur_kalam,No,0,130,PhonePe,4,"Vera level taste, oru sight ah irundhuchu"
2026-05-23,17:48,Vijay K,+91 9285802082,18,Walk-in,Chicken Wings (5 pc),No,1,130,karur_kalam,No,0,130,Cash,5,"Freshly grilled and juicy, highly recommend"
2026-05-23,18:39,Prakash Prasad,+91 8687833918,43,Walk-in,Chicken Leg (2 pc),No,1,130,karur_kalam,Yes,13,117,Cash,,"Excellent flavour, family panindhalum enjoy pannanga"
2026-05-23,18:03,Gopal,+91 7219693792,29,Phone Call,Chicken Wings (5 pc),No,2,260,karur_kalam,No,0,260,PhonePe,4,"Wings semma crispy ah irundhuchu, thanks anna"
2026-05-23,20:48,Sathish,+91 6037917693,60,Phone Call,Chicken Lollipop (4 pc),No,2,260,karur_kalam,No,0,260,GPay,5,"Ultimate taste anna, naa daily varen"
2026-05-23,21:34,Rajesh,+91 6422842102,15,Walk-in,Chicken Wings (5 pc),No,1,130,karur_kalam,No,0,130,,2,"Cold ah kudutanga, expected hot and fresh"
2026-05-23,21:41,Naveen,+91 8188689055,16,Walk-in,Chicken Leg (2 pc),No,1,130,karur_kalam,No,0,130,GPay,4,"Vera level taste, oru sight ah irundhuchu"
2026-05-23,22:28,Swathi R,+91 7502652879,17,Walk-in,Chicken Lollipop (4 pc),No,1,130,karur_kalam,No,0,130,PhonePe,5,
2026-05-24,22:09,Gopal Raj,+91 8717464887,43,Phone Call,Chicken Wings (5 pc),No,1,130,karur_kalam,Yes,13,117,GPay,2,"Konjam over cooked ah irundhuchu, disappointed"
2026-05-24,18:39,Suresh R,+91 7654145868,36,Walk-in,Chicken Lollipop (4 pc),No,1,130,karur_kalam,No,0,130,Paytm,3,"Taste romba pramadham illa, sagalama irundhuchu"
2026-05-24,21:58,Ramesh Raj,+91 9584044997,24,Phone Call,Chicken Leg (2 pc),No,1,130,karur_kalam,No,0,130,Paytm,,"Not bad, but waiting time konjam adhigama irundhuchu"
2026-05-24,21:12,Divya Prasad,+91 6654051531,,Phone Call,Chicken Wings (5 pc),No,2,260,karur_kalam,No,0,260,GPay,5,"Amazing bbq stall, must try in this area"
2026-05-24,18:53,Anand R,+91 9897087467,31,Walk-in,Chicken Wings (5 pc),No,1,130,karur_kalam,Yes,13,117,Card,4,"Freshly grilled and juicy, highly recommend"
2026-05-24,22:18,Arun Kumar,+91 7387262473,19,Phone Call,Chicken Lollipop (4 pc),No,1,130,karur_kalam,Yes,13,117,Cash,5,"Semma taste bro, chicken romba soft ah irundhuchu"
2026-05-24,21:30,Saravanan R,+91 7673657661,35,Phone Call,Chicken Wings (5 pc),No,1,130,karur_kalam,No,0,130,PhonePe,4,"Chicken leg romba soft ah vekachu irundhuchu, super"
2026-05-24,19:53,Elango Prasad,+91 8735587857,39,Walk-in,Chicken Wings (5 pc),No,1,130,karur_kalam,No,0,130,PhonePe,3,Quantity konjam kammiya irundhuchu but taste okay
2026-05-24,17:04,Farhan Prasad,+91 8753045370,46,Walk-in,Chicken Wings (5 pc),No,1,130,karur_kalam,No,0,130,GPay,5,
2026-05-24,19:38,Gopal K,+91 6974993097,25,Phone Call,Chicken Leg (2 pc),No,1,130,karur_kalam,Yes,13,117,PhonePe,5,"Nalla crispy ah irundhuchu, quantity um super"
2026-05-24,21:16,Prakash Raj,+91 7292127799,43,Phone Call,Chicken Lollipop (4 pc),No,1,130,karur_kalam,No,0,130,PhonePe,5,"Freshly grilled and juicy, highly recommend"
2026-05-24,18:55,Yazhini K,+91 6595931857,59,Walk-in,Chicken Wings (5 pc),No,1,130,karur_kalam,Yes,13,117,Cash,5,"Great value for money, fresh and hot"
2026-05-24,17:36,,+91 6190790306,43,Phone Call,Chicken Leg (2 pc),No,2,260,karur_kalam,No,0,260,PhonePe,3,"Okay okay taste, but konjam salt adhigama irundhuchu"
2026-05-24,17:22,Naveen,+91 6848139519,15,Walk-in,Chicken Leg (2 pc),No,2,260,karur_kalam,No,0,260,GPay,,
2026-05-24,17:17,Senthil Raj,+91 7618324210,25,Phone Call,Chicken Lollipop (4 pc),No,1,130,karur_kalam,Yes,13,117,PhonePe,4,
2026-05-24,20:21,Ayesha,+91 6651801704,,Phone Call,Chicken Lollipop (4 pc),No,1,130,karur_kalam,No,0,130,Cash,,Very tasty and quick service too
2026-05-24,18:35,Fathima M,+91 8782911467,48,Walk-in,Chicken Lollipop (4 pc),No,1,130,karur_kalam,No,0,130,GPay,4,
2026-05-24,19:52,Karthik Raj,+91 9571737715,44,Walk-in,Chicken Leg (2 pc),No,1,130,karur_kalam,No,0,130,Cash,5,
2026-05-24,22:16,Vidya,+91 9355325878,48,Walk-in,Chicken Wings (5 pc),No,1,130,karur_kalam,No,0,130,Cash,2,
2026-05-24,20:08,Divya M,+91 8594830741,28,Walk-in,Chicken Wings (5 pc),No,1,130,karur_kalam,No,0,130,Cash,5,"Kalakalappa irundhuchu, next time friends oda varen"
2026-05-24,21:39,Harish Kumar,+91 9214895134,29,Phone Call,Chicken Lollipop (4 pc),No,1,130,karur_kalam,No,0,130,Cash,3,
2026-05-24,21:52,Harish Kumar,+91 9214895134,,Phone Call,Chicken Lollipop (4 pc),No,1,130,karur_kalam,No,0,130,PhonePe,5,
2026-05-24,22:10,Gopal K,+91 6974993097,25,Walk-in,Chicken Wings (5 pc),No,1,130,karur_kalam,No,0,130,Cash,4,
2026-05-24,21:46,Dinesh Babu,+91 8549480831,30,Walk-in,Chicken Wings (5 pc),No,1,130,karur_kalam,No,0,130,Cash,3,Quantity konjam kammiya irundhuchu but taste okay
2026-05-24,19:41,John S,+91 6893246095,30,Walk-in,Chicken Wings (5 pc),No,1,130,karur_kalam,No,0,130,Paytm,4,Very tasty and quick service too
2026-05-24,17:18,Meena Prasad,+91 7341016668,,Phone Call,Chicken Leg (2 pc),No,1,130,karur_kalam,No,0,130,Cash,5,"Best chicken lollipop I've had, will come again"
2026-05-24,20:22,Harish Kumar,+91 9214895134,29,Walk-in,Chicken Leg (2 pc),No,1,130,karur_kalam,No,0,130,PhonePe,4,"Vera level taste, oru sight ah irundhuchu"
2026-05-24,19:26,Kumar S,+91 8467854458,46,Phone Call,Chicken Wings (5 pc),No,1,130,karur_kalam,No,0,130,PhonePe,5,
2026-05-24,19:24,Manoj Kumar,+91 7668086631,37,Walk-in,Chicken Wings (5 pc),No,1,130,karur_kalam,No,0,130,Cash,,"Chicken leg romba soft ah vekachu irundhuchu, super"
2026-05-24,19:03,Karthik Devi,+91 9974034471,58,Phone Call,Chicken Lollipop (4 pc),No,1,130,karur_kalam,No,0,130,GPay,4,"Loved the combo, perfect spice level"
2026-05-24,19:39,Vijay,+91 8396907844,45,Phone Call,Chicken Wings (5 pc),No,1,130,karur_kalam,No,0,130,,3,
2026-05-24,18:22,Pradeep Kumar,+91 8160607159,42,Phone Call,Chicken Wings (5 pc),No,1,130,karur_kalam,No,0,130,Cash,4,"Wings semma crispy ah irundhuchu, thanks anna"
2026-05-24,18:50,Senthil Raj,+91 9141136317,43,Walk-in,Chicken Wings (5 pc),No,1,130,karur_kalam,No,0,130,Paytm,5,
2026-05-24,17:25,Selvam M,+91 6334123281,25,Phone Call,Chicken Leg (2 pc),No,1,130,karur_kalam,No,0,130,GPay,5,
2026-05-24,22:29,Priya Raj,+91 6193802620,40,Walk-in,Chicken Leg (2 pc),No,1,130,karur_kalam,No,0,130,PhonePe,4,"Kalakalappa irundhuchu, next time friends oda varen"
2026-05-24,18:33,Divya Kumar,+91 7752431069,16,Walk-in,Chicken Lollipop (4 pc),No,1,130,karur_kalam,No,0,130,GPay,5,"Loved the combo, perfect spice level"
2026-05-24,19:21,Sowmya Devi,+91 9177115921,23,Phone Call,Chicken Lollipop (4 pc),No,1,130,karur_kalam,No,0,130,GPay,5,
2026-05-24,21:23,Sivakumar,+91 7986800025,45,Walk-in,Chicken Lollipop (4 pc),No,2,260,karur_kalam,No,0,260,PhonePe,4,
2026-05-24,20:31,Nithya Babu,+91 9120826773,33,Walk-in,Chicken Lollipop (4 pc),No,1,130,karur_kalam,No,0,130,Cash,5,"Kalakalappa irundhuchu, next time friends oda varen"
2026-05-24,18:18,,+91 9873395004,,Phone Call,Chicken Leg (2 pc),No,1,130,karur_kalam,No,0,130,,,"It was fine, nothing special"
2026-05-24,22:28,Anitha Kumar,+91 8024026811,45,Phone Call,Chicken Lollipop (4 pc),No,1,130,karur_kalam,No,0,130,GPay,4,"Wings semma crispy ah irundhuchu, thanks anna"
2026-05-24,18:40,Murugan Prasad,+91 9527758416,20,Phone Call,Chicken Lollipop (4 pc),No,1,130,karur_kalam,No,0,130,Cash,3,Quantity konjam kammiya irundhuchu but taste okay
2026-05-24,19:46,Murugan Babu,+91 7058527722,,Walk-in,Chicken Lollipop (4 pc),No,1,130,karur_kalam,No,0,130,Cash,5,"Wings semma crispy ah irundhuchu, thanks anna"
2026-05-24,21:11,Deepa S,+91 6112805982,42,Walk-in,Chicken Leg (2 pc),No,2,260,karur_kalam,No,0,260,GPay,4,"Super spicy and juicy, best bbq in area"
2026-05-24,21:09,Anand S,+91 7477109324,50,Phone Call,Chicken Lollipop (4 pc),No,1,130,karur_kalam,Yes,13,117,Paytm,2,
2026-05-24,20:03,Yazhini Prasad,+91 9527858549,45,Walk-in,Chicken Leg (2 pc),No,1,130,karur_kalam,No,0,130,PhonePe,4,"Vera level taste, oru sight ah irundhuchu"
2026-05-24,21:03,Ramesh Prasad,+91 8753946343,19,Walk-in,Chicken Leg (2 pc),No,1,130,karur_kalam,No,0,130,Cash,2,"Quantity kammiya kudutanga, not worth the price"
2026-05-24,19:39,Gowtham S,+91 6672796641,15,Walk-in,Chicken Lollipop (4 pc),No,1,130,karur_kalam,No,0,130,PhonePe,,
2026-05-24,19:03,Suresh K,+91 6537799851,54,Walk-in,Chicken Lollipop (4 pc),No,1,130,karur_kalam,No,0,130,Cash,5,"Nalla crispy ah irundhuchu, quantity um super"
2026-05-24,22:33,Ramesh Prasad,+91 7715518844,25,Walk-in,Chicken Leg (2 pc),No,1,130,karur_kalam,No,0,130,PhonePe,,
2026-05-25,19:20,Farhan K,+91 9935419893,26,Walk-in,Chicken Wings (5 pc),No,1,130,karur_kalam,No,0,130,GPay,5,"Excellent flavour, family panindhalum enjoy pannanga"
2026-05-25,22:29,Selvam M,+91 6334123281,25,Phone Call,Chicken Leg (2 pc),No,1,130,karur_kalam,No,0,130,PhonePe,,
2026-05-25,18:13,John S,+91 6693406088,58,Phone Call,Chicken Lollipop (4 pc),No,1,130,karur_kalam,No,0,130,GPay,3,"Okay okay taste, but konjam salt adhigama irundhuchu"
2026-05-25,19:09,Murugan M,+91 8769325726,18,Walk-in,Chicken Wings (5 pc),No,2,260,karur_kalam,No,0,260,GPay,,
2026-05-25,19:35,Joseph,+91 6433218196,17,Walk-in,Chicken Lollipop (4 pc),No,1,130,karur_kalam,No,0,130,Cash,5,
2026-05-25,18:52,Sowmya S,+91 9268565505,59,Walk-in,Chicken Wings (5 pc),No,1,130,karur_kalam,Yes,13,117,Paytm,4,"Amazing bbq stall, must try in this area"
2026-05-25,21:06,Abdul Kareem,+91 7992299590,16,Phone Call,Chicken Leg (2 pc),No,1,130,karur_kalam,No,0,130,GPay,2,"Waiting time mikka adhigama irundhuchu, service slow"
2026-05-25,19:57,John R,+91 9480162456,38,Phone Call,Chicken Wings (5 pc),No,1,130,karur_kalam,No,0,130,GPay,3,Quantity konjam kammiya irundhuchu but taste okay
2026-05-25,17:11,Priya Raj,+91 6193802620,,Phone Call,Chicken Leg (2 pc),No,1,130,karur_kalam,No,0,130,GPay,5,
2026-05-25,18:30,Prakash Kumar,+91 9231665876,18,Phone Call,Chicken Wings (5 pc),No,2,260,karur_kalam,No,0,260,Cash,4,"Vera level taste, oru sight ah irundhuchu"
2026-05-25,19:10,Elango,+91 8682860748,36,Walk-in,Chicken Lollipop (4 pc),No,1,130,karur_kalam,No,0,130,Cash,4,"Wings semma crispy ah irundhuchu, thanks anna"
2026-05-25,18:14,Joseph R,+91 6817275525,47,Walk-in,Chicken Leg (2 pc),No,1,130,karur_kalam,No,0,130,GPay,4,
2026-05-25,18:16,Murugan S,+91 7449353487,,Walk-in,Chicken Wings (5 pc),No,1,130,karur_kalam,No,0,130,Cash,4,"Amazing bbq stall, must try in this area"
2026-05-25,22:17,Senthil Raj,+91 7618324210,25,Phone Call,Chicken Wings (5 pc),No,1,130,karur_kalam,No,0,130,PhonePe,4,"Best chicken lollipop I've had, will come again"
2026-05-25,21:01,Swathi S,+91 7554665905,19,Walk-in,Chicken Wings (5 pc),No,1,130,karur_kalam,No,0,130,GPay,4,
2026-05-25,18:43,Swathi K,+91 8191088398,24,Phone Call,Chicken Lollipop (4 pc),No,1,130,karur_kalam,No,0,130,GPay,5,"Nalla crispy ah irundhuchu, quantity um super"
2026-05-25,17:16,,+91 7462475107,54,Phone Call,Chicken Wings (5 pc),No,1,130,karur_kalam,Yes,13,117,GPay,,"Amazing bbq stall, must try in this area"
2026-05-25,20:36,,+91 9426941117,58,Walk-in,Chicken Wings (5 pc),No,1,130,karur_kalam,Yes,13,117,Cash,5,"Freshly grilled and juicy, highly recommend"
2026-05-25,19:38,Sowmya Prasad,+91 6104328986,22,Phone Call,Chicken Lollipop (4 pc),No,1,130,karur_kalam,Yes,13,117,GPay,4,"Best chicken lollipop I've had, will come again"
2026-05-25,22:45,Rajesh R,+91 6718560671,,Walk-in,Chicken Lollipop (4 pc),No,1,130,karur_kalam,No,0,130,Cash,,"Ultimate taste anna, naa daily varen"
2026-05-25,20:24,Harish Babu,+91 8831062128,47,Walk-in,Chicken Lollipop (4 pc),No,1,130,karur_kalam,No,0,130,Cash,3,
2026-05-25,20:53,Vidya,+91 6311860909,56,Walk-in,Chicken Leg (2 pc),No,1,130,karur_kalam,Yes,13,117,Paytm,4,"Wings semma crispy ah irundhuchu, thanks anna"
2026-05-25,18:32,Sowmya Babu,+91 6814124782,42,Walk-in,Chicken Leg (2 pc),No,2,260,karur_kalam,No,0,260,Cash,,"Freshly grilled and juicy, highly recommend"
2026-05-25,21:36,Mary Prasad,+91 7754581430,24,Walk-in,Chicken Wings (5 pc),No,2,260,karur_kalam,No,0,260,Cash,5,"Kalakalappa irundhuchu, next time friends oda varen"
2026-05-25,19:21,Iniya R,+91 8477725228,,Walk-in,Chicken Leg (2 pc),No,1,130,karur_kalam,No,0,130,GPay,4,"Great value for money, fresh and hot"
2026-05-25,19:36,Harish Kumar,+91 9214895134,29,Phone Call,Chicken Lollipop (4 pc),No,1,130,karur_kalam,No,0,130,Cash,4,
2026-05-25,20:46,Lakshmi M,+91 9318871879,48,Walk-in,Chicken Wings (5 pc),No,1,130,karur_kalam,No,0,130,Cash,5,"Nalla crispy ah irundhuchu, quantity um super"
2026-05-25,20:32,Vidya,+91 8791225157,36,Walk-in,Chicken Lollipop (4 pc),No,1,130,karur_kalam,No,0,130,Card,2,"Quantity kammiya kudutanga, not worth the price"
2026-05-25,19:54,Arun,+91 9929362584,17,Walk-in,Chicken Leg (2 pc),No,1,130,karur_kalam,No,0,130,Cash,2,"Quantity kammiya kudutanga, not worth the price"
2026-05-25,22:25,Dinesh Devi,+91 9909670546,41,Phone Call,Chicken Lollipop (4 pc),No,1,130,karur_kalam,No,0,130,PhonePe,4,"Great value for money, fresh and hot"
2026-05-25,19:56,Dinesh Devi,+91 8800048916,50,Walk-in,Chicken Leg (2 pc),No,1,130,karur_kalam,No,0,130,Paytm,4,"Kalakalappa irundhuchu, next time friends oda varen"
2026-05-25,20:32,Rajesh,+91 6818835523,21,Phone Call,Chicken Lollipop (4 pc),No,1,130,karur_kalam,No,0,130,PhonePe,5,"Semma taste bro, chicken romba soft ah irundhuchu"
2026-05-25,18:03,Abdul Kareem K,+91 7734670656,25,Walk-in,Chicken Leg (2 pc),No,1,130,karur_kalam,No,0,130,GPay,,"Freshly grilled and juicy, highly recommend"
2026-05-26,20:25,Ramesh Raj,+91 9584044997,24,Walk-in,Chicken Leg (2 pc),No,1,130,karur_kalam,No,0,130,Cash,5,"Vera level taste, oru sight ah irundhuchu"
2026-05-26,18:11,Arun Babu,+91 8940781618,33,Walk-in,Chicken Wings (5 pc),No,1,130,karur_kalam,No,0,130,PhonePe,5,"Super spicy and juicy, best bbq in area"
2026-05-26,18:28,Pradeep Prasad,+91 6430305486,49,Walk-in,Chicken Leg (2 pc),No,1,130,karur_kalam,No,0,130,GPay,,
2026-05-26,22:12,Ayesha Raj,+91 9474367136,51,Phone Call,Chicken Lollipop (4 pc),No,1,130,karur_kalam,No,0,130,GPay,5,"Chicken leg romba soft ah vekachu irundhuchu, super"
2026-05-26,20:45,Sathish,+91 6656670106,36,Phone Call,Chicken Lollipop (4 pc),No,1,130,karur_kalam,Yes,13,117,PhonePe,,"Decent taste, price sari than"
2026-05-26,20:35,Nithya S,+91 7634351751,49,Phone Call,Chicken Lollipop (4 pc),No,1,130,karur_kalam,No,0,130,Paytm,4,
2026-05-26,17:46,Ramesh Babu,+91 7368830116,15,Walk-in,Chicken Lollipop (4 pc),No,1,130,karur_kalam,No,0,130,GPay,4,"Wings semma crispy ah irundhuchu, thanks anna"
2026-05-26,17:26,Revathi R,+91 9797643815,42,Phone Call,Chicken Leg (2 pc),No,2,260,karur_kalam,No,0,260,Paytm,3,
2026-05-26,20:48,Vijay Kumar,+91 9506068536,20,Walk-in,Chicken Lollipop (4 pc),No,1,130,karur_kalam,No,0,130,Cash,,"Wings semma crispy ah irundhuchu, thanks anna"
2026-05-26,18:21,Anitha M,+91 8406409097,33,Phone Call,Chicken Leg (2 pc),No,2,260,karur_kalam,No,0,260,GPay,4,"Semma taste bro, chicken romba soft ah irundhuchu"
2026-05-26,21:31,Abdul Kareem Prasad,+91 9970422024,32,Walk-in,Chicken Leg (2 pc),No,1,130,karur_kalam,No,0,130,PhonePe,5,"Ultimate taste anna, naa daily varen"
2026-05-26,17:27,Saravanan S,+91 9987859286,50,Walk-in,Chicken Lollipop (4 pc),No,2,260,karur_kalam,No,0,260,Paytm,4,"Freshly grilled and juicy, highly recommend"
2026-05-26,21:43,Sowmya Raj,+91 6345054156,40,Phone Call,Chicken Lollipop (4 pc),No,1,130,karur_kalam,No,0,130,GPay,2,
2026-05-26,19:22,Vijay,+91 8396907844,45,Phone Call,Chicken Leg (2 pc),No,1,130,karur_kalam,No,0,130,PhonePe,4,"Super spicy and juicy, best bbq in area"
2026-05-26,21:54,Joseph M,+91 6776640072,16,Walk-in,Chicken Lollipop (4 pc),No,1,130,karur_kalam,No,0,130,PhonePe,3,
2026-05-26,21:01,Aishwarya,+91 7157855048,40,Walk-in,Chicken Leg (2 pc),No,1,130,karur_kalam,No,0,130,PhonePe,4,
2026-05-26,20:50,Gopal Babu,+91 7293183933,,Walk-in,Chicken Leg (2 pc),No,1,130,karur_kalam,No,0,130,GPay,,"Loved the combo, perfect spice level"
2026-05-26,21:30,Rajesh M,+91 9504773586,42,Phone Call,Chicken Lollipop (4 pc),No,1,130,karur_kalam,No,0,130,PhonePe,4,"Amazing bbq stall, must try in this area"
2026-05-26,21:13,Dinesh Babu,+91 8549480831,30,Walk-in,Chicken Lollipop (4 pc),No,1,130,karur_kalam,No,0,130,Cash,4,
2026-05-26,17:59,Sowmya Raj,+91 7274993524,,Walk-in,Chicken Wings (5 pc),No,1,130,karur_kalam,Yes,13,117,Cash,4,"Excellent flavour, family panindhalum enjoy pannanga"
2026-05-26,20:25,Selvam,+91 9400524278,60,Walk-in,Chicken Lollipop (4 pc),No,1,130,karur_kalam,No,0,130,Card,,"Wings semma crispy ah irundhuchu, thanks anna"
2026-05-26,19:46,,+91 8299991430,18,Walk-in,Chicken Leg (2 pc),No,1,130,karur_kalam,No,0,130,PhonePe,2,"Too salty, not up to the mark today"
2026-05-26,18:20,Anitha Kumar,+91 8024026811,,Walk-in,Chicken Leg (2 pc),No,1,130,karur_kalam,No,0,130,PhonePe,5,"Super spicy and juicy, best bbq in area"
2026-05-26,18:55,Manoj Babu,+91 9486971210,41,Walk-in,Chicken Wings (5 pc),No,1,130,karur_kalam,No,0,130,GPay,5,"Chicken leg romba soft ah vekachu irundhuchu, super"
2026-05-26,18:03,Vijay Kumar,+91 9506068536,20,Phone Call,Chicken Leg (2 pc),No,2,260,karur_kalam,No,0,260,Cash,4,"Loved the combo, perfect spice level"
2026-05-26,21:09,Vignesh Kumar,+91 8957885685,37,Walk-in,Chicken Leg (2 pc),No,1,130,karur_kalam,No,0,130,GPay,5,
2026-05-26,18:15,Kavya Prasad,+91 8666271312,,Walk-in,Chicken Wings (5 pc),No,1,130,karur_kalam,No,0,130,Cash,,Quantity konjam kammiya irundhuchu but taste okay
2026-05-26,22:19,Manoj Kumar,+91 7554992086,44,Walk-in,Chicken Leg (2 pc),No,2,260,karur_kalam,No,0,260,GPay,,"Quantity kammiya kudutanga, not worth the price"
2026-05-26,20:22,Iniya R,+91 9850542357,27,Phone Call,Chicken Leg (2 pc),No,1,130,karur_kalam,No,0,130,GPay,5,
2026-05-26,22:14,Mary Kumar,+91 6746120047,22,Phone Call,Chicken Wings (5 pc),No,1,130,karur_kalam,Yes,13,117,PhonePe,3,
2026-05-26,19:43,Priya,+91 9122753046,30,Walk-in,Chicken Wings (5 pc),No,1,130,karur_kalam,No,0,130,GPay,5,
2026-05-26,20:59,Deepa S,+91 6112805982,42,Phone Call,Chicken Wings (5 pc),No,1,130,karur_kalam,Yes,13,117,GPay,3,"Not bad, but waiting time konjam adhigama irundhuchu"
2026-05-26,21:59,,+91 6656670106,,Phone Call,Chicken Lollipop (4 pc),No,1,130,karur_kalam,No,0,130,GPay,4,"Loved the combo, perfect spice level"
2026-05-26,17:13,John R,+91 9480162456,38,Phone Call,Chicken Wings (5 pc),No,1,130,karur_kalam,No,0,130,GPay,4,"Kalakalappa irundhuchu, next time friends oda varen"
2026-05-26,21:30,Elango Prasad,+91 6822782489,42,Walk-in,Chicken Lollipop (4 pc),No,2,260,karur_kalam,No,0,260,Cash,3,Quantity konjam kammiya irundhuchu but taste okay
2026-05-26,22:13,Vignesh,+91 6832551213,60,Walk-in,Chicken Lollipop (4 pc),No,1,130,karur_kalam,No,0,130,Cash,3,"Okay okay taste, but konjam salt adhigama irundhuchu"
2026-05-26,20:18,Ravi K,+91 9965328710,22,Walk-in,Chicken Leg (2 pc),No,1,130,karur_kalam,No,0,130,Cash,3,"Decent taste, price sari than"
2026-05-26,17:40,Dinesh Devi,+91 9076280995,41,Walk-in,Chicken Leg (2 pc),No,1,130,karur_kalam,Yes,13,117,GPay,3,
2026-05-26,20:07,Iniya K,+91 9291486528,20,Phone Call,Chicken Wings (5 pc),No,1,130,karur_kalam,No,0,130,GPay,,
2026-05-26,19:41,Manoj,+91 9567661825,22,Walk-in,Chicken Wings (5 pc),No,1,130,karur_kalam,No,0,130,Cash,4,"Chicken leg romba soft ah vekachu irundhuchu, super"
2026-05-27,19:25,Anitha Prasad,+91 7182913133,,Walk-in,Chicken Lollipop (4 pc),No,1,130,karur_kalam,No,0,130,Paytm,2,"Quantity kammiya kudutanga, not worth the price"
2026-05-27,22:58,Manoj S,+91 6801006231,60,Phone Call,Chicken Lollipop (4 pc),No,1,130,karur_kalam,No,0,130,Cash,4,"Wings semma crispy ah irundhuchu, thanks anna"
2026-05-27,17:48,Pradeep Devi,+91 7757059640,19,Walk-in,Chicken Lollipop (4 pc),No,1,130,karur_kalam,No,0,130,Cash,5,"Semma taste bro, chicken romba soft ah irundhuchu"
2026-05-27,19:23,Rajesh Raj,+91 7410369711,46,Walk-in,Chicken Leg (2 pc),No,1,130,karur_kalam,No,0,130,PhonePe,5,
2026-05-27,20:03,Murugan Prasad,+91 9527758416,20,Phone Call,Chicken Leg (2 pc),No,1,130,karur_kalam,No,0,130,GPay,,"Semma taste bro, chicken romba soft ah irundhuchu"
2026-05-27,19:59,Kumar,+91 9193745299,60,Phone Call,Chicken Wings (5 pc),No,1,130,karur_kalam,No,0,130,PhonePe,,"Great value for money, fresh and hot"
2026-05-27,18:06,Karthik S,+91 9131712748,60,Walk-in,Chicken Wings (5 pc),No,2,260,karur_kalam,No,0,260,GPay,4,
2026-05-27,20:29,Bala S,+91 6988516560,33,Phone Call,Chicken Wings (5 pc),No,1,130,karur_kalam,No,0,130,Cash,4,"Kalakalappa irundhuchu, next time friends oda varen"
2026-05-27,21:47,Ayesha Babu,+91 9050206515,43,Walk-in,Chicken Lollipop (4 pc),No,1,130,karur_kalam,No,0,130,GPay,5,"Nalla crispy ah irundhuchu, quantity um super"
2026-05-27,18:09,Rajesh,+91 6422842102,15,Phone Call,Chicken Wings (5 pc),No,1,130,karur_kalam,No,0,130,GPay,,"Wings semma crispy ah irundhuchu, thanks anna"
2026-05-27,19:22,Selvam,+91 6707821176,32,Walk-in,Chicken Leg (2 pc),No,1,130,karur_kalam,No,0,130,GPay,5,"Kalakalappa irundhuchu, next time friends oda varen"
2026-05-27,18:08,Vijay,+91 8396907844,,Phone Call,Chicken Leg (2 pc),No,1,130,karur_kalam,No,0,130,GPay,5,"Great value for money, fresh and hot"
2026-05-27,17:56,Ayesha,+91 6567418294,,Walk-in,Chicken Leg (2 pc),No,2,260,karur_kalam,No,0,260,Cash,4,
2026-05-27,21:26,Sowmya S,+91 9970415742,54,Walk-in,Chicken Lollipop (4 pc),No,1,130,karur_kalam,No,0,130,Card,5,"Nalla crispy ah irundhuchu, quantity um super"
2026-05-27,22:02,Kumar,+91 8953278774,,Phone Call,Chicken Leg (2 pc),No,1,130,karur_kalam,No,0,130,PhonePe,,"Kalakalappa irundhuchu, next time friends oda varen"
2026-05-27,18:37,Sivakumar,+91 7986800025,45,Phone Call,Chicken Leg (2 pc),No,1,130,karur_kalam,No,0,130,GPay,2,"Konjam over cooked ah irundhuchu, disappointed"
2026-05-27,19:18,John Devi,+91 7229270653,,Walk-in,Chicken Leg (2 pc),No,1,130,karur_kalam,No,0,130,PhonePe,3,
2026-05-27,21:05,Saravanan R,+91 6771623024,47,Walk-in,Chicken Leg (2 pc),No,1,130,karur_kalam,No,0,130,PhonePe,5,"Ultimate taste anna, naa daily varen"
2026-05-27,17:07,Elango Babu,+91 9522625548,,Walk-in,Chicken Lollipop (4 pc),No,1,130,karur_kalam,Yes,13,117,GPay,5,"Nalla crispy ah irundhuchu, quantity um super"
2026-05-27,18:52,Dinesh M,+91 7614293968,36,Walk-in,Chicken Wings (5 pc),No,1,130,karur_kalam,Yes,13,117,,,"Great value for money, fresh and hot"
2026-05-27,19:32,Sowmya Devi,+91 9177115921,23,Phone Call,Chicken Leg (2 pc),No,1,130,karur_kalam,No,0,130,PhonePe,4,
2026-05-27,22:45,Gopal K,+91 6607337543,29,Walk-in,Chicken Lollipop (4 pc),No,1,130,karur_kalam,Yes,13,117,,5,
2026-05-27,21:21,Swathi K,+91 8191088398,24,Walk-in,Chicken Lollipop (4 pc),No,1,130,karur_kalam,No,0,130,Cash,,
2026-05-27,19:48,Naveen Devi,+91 6443699577,43,Phone Call,Chicken Leg (2 pc),No,1,130,karur_kalam,No,0,130,PhonePe,4,"Amazing bbq stall, must try in this area"
2026-05-27,18:58,Vignesh Raj,+91 6244550229,57,Phone Call,Chicken Lollipop (4 pc),No,1,130,karur_kalam,No,0,130,PhonePe,5,
2026-05-27,21:40,Abdul Kareem R,+91 6697507838,,Walk-in,Chicken Wings (5 pc),No,1,130,karur_kalam,No,0,130,GPay,5,"Amazing bbq stall, must try in this area"
2026-05-27,20:10,Bala S,+91 9533968860,19,Walk-in,Chicken Leg (2 pc),No,1,130,karur_kalam,Yes,13,117,GPay,3,"Not bad, but waiting time konjam adhigama irundhuchu"
2026-05-27,18:08,Sowmya Babu,+91 6814124782,42,Phone Call,Chicken Leg (2 pc),No,1,130,karur_kalam,No,0,130,Paytm,4,"Wings semma crispy ah irundhuchu, thanks anna"
2026-05-27,18:46,Abdul Kareem R,+91 7484036289,54,Walk-in,Chicken Wings (5 pc),No,1,130,karur_kalam,No,0,130,GPay,4,"Amazing bbq stall, must try in this area"
2026-05-27,19:34,Saravanan,+91 6185885339,,Walk-in,Chicken Lollipop (4 pc),No,1,130,karur_kalam,No,0,130,GPay,5,Very tasty and quick service too
2026-05-27,17:44,,+91 8024026811,45,Walk-in,Chicken Wings (5 pc),No,1,130,karur_kalam,No,0,130,Paytm,3,"Taste romba pramadham illa, sagalama irundhuchu"
2026-05-27,21:16,Selvam,+91 6031280729,60,Walk-in,Chicken Lollipop (4 pc),No,1,130,karur_kalam,No,0,130,PhonePe,,"Vera level taste, oru sight ah irundhuchu"
2026-05-27,18:21,Manoj Raj,+91 6824008427,21,Walk-in,Chicken Leg (2 pc),No,1,130,karur_kalam,No,0,130,Cash,4,
2026-05-27,20:33,Iniya K,+91 9291486528,20,Phone Call,Chicken Leg (2 pc),No,1,130,karur_kalam,No,0,130,Paytm,4,
2026-05-27,19:02,,+91 7606474687,24,Phone Call,Chicken Wings (5 pc),No,1,130,karur_kalam,No,0,130,Cash,5,"Excellent flavour, family panindhalum enjoy pannanga"
2026-05-27,20:11,Fathima K,+91 8419866524,17,Walk-in,Chicken Lollipop (4 pc),No,1,130,karur_kalam,No,0,130,,3,"Average, expected more spice"
2026-05-27,19:03,Suresh,+91 7389083863,43,Phone Call,Chicken Leg (2 pc),No,1,130,karur_kalam,No,0,130,Cash,5,
2026-05-27,19:48,Prakash Prasad,+91 8687833918,43,Phone Call,Chicken Lollipop (4 pc),No,2,260,karur_kalam,No,0,260,GPay,,"Kalakalappa irundhuchu, next time friends oda varen"
2026-05-27,20:37,Mary Raj,+91 9383473597,44,Walk-in,Chicken Wings (5 pc),No,2,260,karur_kalam,Yes,26,234,GPay,5,"Vera level taste, oru sight ah irundhuchu"
2026-05-27,20:16,Ramesh M,+91 6700159197,43,Walk-in,Chicken Wings (5 pc),No,1,130,karur_kalam,Yes,13,117,Paytm,4,
2026-05-27,21:41,Kalaivani,+91 9535560932,,Walk-in,Chicken Lollipop (4 pc),No,1,130,karur_kalam,No,0,130,Cash,4,"Great value for money, fresh and hot"
2026-05-27,21:10,Priya Kumar,+91 8283644089,26,Phone Call,Chicken Lollipop (4 pc),No,1,130,karur_kalam,No,0,130,GPay,,
2026-05-27,18:17,Karthik Raj,+91 7584329913,45,Walk-in,Chicken Leg (2 pc),No,1,130,karur_kalam,No,0,130,Cash,,"Not fresh today, taste changed"
2026-05-28,22:31,Abdul Kareem,+91 7992299590,16,Phone Call,Chicken Leg (2 pc),No,1,130,karur_kalam,No,0,130,GPay,4,"Great value for money, fresh and hot"
2026-05-28,21:41,Sivakumar,+91 9964690164,32,Walk-in,Chicken Leg (2 pc),No,1,130,karur_kalam,No,0,130,Cash,5,
2026-05-28,17:39,Saravanan Prasad,+91 9578612358,43,Walk-in,Chicken Wings (5 pc),No,1,130,karur_kalam,No,0,130,GPay,3,"Taste romba pramadham illa, sagalama irundhuchu"
2026-05-28,21:56,Naveen K,+91 8991022901,32,Walk-in,Chicken Lollipop (4 pc),No,1,130,karur_kalam,No,0,130,GPay,5,"Semma taste bro, chicken romba soft ah irundhuchu"
2026-05-28,20:16,Revathi Raj,+91 8499045301,44,Walk-in,Chicken Wings (5 pc),No,2,260,karur_kalam,No,0,260,Paytm,4,"Wings semma crispy ah irundhuchu, thanks anna"
2026-05-28,18:39,Dinesh S,+91 7465787133,19,Phone Call,Chicken Lollipop (4 pc),No,1,130,karur_kalam,No,0,130,GPay,3,"Not bad, but waiting time konjam adhigama irundhuchu"
2026-05-28,21:44,Joseph,+91 7973031051,51,Walk-in,Chicken Wings (5 pc),No,1,130,karur_kalam,No,0,130,PhonePe,4,Very tasty and quick service too
2026-05-28,22:15,Elango,+91 9314243822,,Walk-in,Chicken Wings (5 pc),No,1,130,karur_kalam,No,0,130,Cash,5,"Ultimate taste anna, naa daily varen"
2026-05-28,20:47,Abdul Kareem K,+91 7734670656,25,Walk-in,Chicken Wings (5 pc),No,1,130,karur_kalam,No,0,130,Card,4,"Kalakalappa irundhuchu, next time friends oda varen"
2026-05-28,19:11,Revathi Prasad,+91 8019422852,26,Walk-in,Chicken Lollipop (4 pc),No,1,130,karur_kalam,Yes,13,117,GPay,5,"Best chicken lollipop I've had, will come again"
2026-05-28,19:47,Aishwarya Kumar,+91 8573465267,56,Walk-in,Chicken Lollipop (4 pc),No,1,130,karur_kalam,No,0,130,Paytm,4,
2026-05-28,20:18,Meena,+91 7018366752,38,Phone Call,Chicken Lollipop (4 pc),No,2,260,karur_kalam,No,0,260,PhonePe,4,
2026-05-28,20:16,,+91 6783908470,18,Walk-in,Chicken Wings (5 pc),No,1,130,karur_kalam,No,0,130,Cash,4,"Wings semma crispy ah irundhuchu, thanks anna"
2026-05-28,20:20,,+91 6654051531,52,Phone Call,Chicken Wings (5 pc),No,1,130,karur_kalam,No,0,130,PhonePe,5,
2026-05-28,20:30,Pradeep,+91 9755031093,48,Walk-in,Chicken Wings (5 pc),No,1,130,karur_kalam,No,0,130,Cash,,"Ultimate taste anna, naa daily varen"
2026-05-28,18:42,Deepa Babu,+91 8527111161,38,Walk-in,Chicken Leg (2 pc),No,2,260,karur_kalam,No,0,260,Card,3,"Okay okay taste, but konjam salt adhigama irundhuchu"
2026-05-28,17:52,,+91 8953278774,,Walk-in,Chicken Leg (2 pc),No,1,130,karur_kalam,No,0,130,Cash,5,"Amazing bbq stall, must try in this area"
2026-05-28,18:12,Manoj S,+91 6801006231,60,Walk-in,Chicken Lollipop (4 pc),No,2,260,karur_kalam,No,0,260,Cash,4,"Kalakalappa irundhuchu, next time friends oda varen"
2026-05-28,19:59,Dinesh Kumar,+91 8975778977,60,Walk-in,Chicken Leg (2 pc),No,1,130,karur_kalam,No,0,130,PhonePe,3,"Decent taste, price sari than"
2026-05-28,17:05,Nithya M,+91 6041813662,17,Walk-in,Chicken Leg (2 pc),No,1,130,karur_kalam,No,0,130,Cash,,"Super spicy and juicy, best bbq in area"
2026-05-28,17:33,Arun Kumar,+91 7387262473,19,Phone Call,Chicken Wings (5 pc),No,1,130,karur_kalam,Yes,13,117,,,
2026-05-28,22:58,,+91 8902787429,42,Walk-in,Chicken Leg (2 pc),No,1,130,karur_kalam,No,0,130,Cash,4,"Ultimate taste anna, naa daily varen"
2026-05-28,17:40,Ayesha,+91 7680182422,35,Phone Call,Chicken Leg (2 pc),No,2,260,karur_kalam,No,0,260,PhonePe,2,
2026-05-28,17:00,Divya Prasad,+91 6654051531,52,Walk-in,Chicken Wings (5 pc),No,1,130,karur_kalam,No,0,130,Cash,4,"Super spicy and juicy, best bbq in area"
2026-05-28,21:24,Arun,+91 7339845461,,Phone Call,Chicken Wings (5 pc),No,1,130,karur_kalam,No,0,130,PhonePe,4,"Excellent flavour, family panindhalum enjoy pannanga"
2026-05-28,20:21,Pradeep Babu,+91 7462475107,54,Walk-in,Chicken Wings (5 pc),No,1,130,karur_kalam,Yes,13,117,GPay,5,
2026-05-28,18:21,Revathi S,+91 9558867533,,Phone Call,Chicken Lollipop (4 pc),No,1,130,karur_kalam,No,0,130,PhonePe,5,"Wings semma crispy ah irundhuchu, thanks anna"
2026-05-28,19:38,John S,+91 9798079359,45,Phone Call,Chicken Wings (5 pc),No,1,130,karur_kalam,No,0,130,PhonePe,5,
2026-05-28,20:12,Ravi Prasad,+91 9505476744,56,Walk-in,Chicken Leg (2 pc),No,1,130,karur_kalam,No,0,130,Cash,3,Quantity konjam kammiya irundhuchu but taste okay
2026-05-28,17:49,Yazhini Raj,+91 6517175732,24,Walk-in,Chicken Leg (2 pc),No,1,130,karur_kalam,No,0,130,Cash,4,
2026-05-28,18:44,Sathish Devi,+91 7756295224,23,Walk-in,Chicken Lollipop (4 pc),No,1,130,karur_kalam,No,0,130,Cash,,"Decent taste, price sari than"
2026-05-28,21:27,Manoj R,+91 9194311426,60,Phone Call,Chicken Lollipop (4 pc),No,1,130,karur_kalam,No,0,130,GPay,5,"Loved the combo, perfect spice level"
2026-05-28,21:45,Suresh K,+91 6531003309,24,Phone Call,Chicken Lollipop (4 pc),No,1,130,karur_kalam,No,0,130,GPay,4,"Loved the combo, perfect spice level"
2026-05-28,21:13,Abdul Kareem S,+91 9008484086,26,Phone Call,Chicken Leg (2 pc),No,1,130,karur_kalam,No,0,130,PhonePe,4,
2026-05-28,19:52,Vignesh Kumar,+91 8957885685,37,Phone Call,Chicken Lollipop (4 pc),No,1,130,karur_kalam,Yes,13,117,GPay,,"Great value for money, fresh and hot"
2026-05-28,20:58,Fathima Devi,+91 6101632900,18,Walk-in,Chicken Wings (5 pc),No,2,260,karur_kalam,No,0,260,GPay,,
2026-05-28,18:24,Dinesh Devi,+91 9909670546,,Walk-in,Chicken Leg (2 pc),No,1,130,karur_kalam,No,0,130,Cash,5,"Wings semma crispy ah irundhuchu, thanks anna"
2026-05-28,22:40,Abdul Kareem M,+91 7421711522,27,Walk-in,Chicken Lollipop (4 pc),No,1,130,karur_kalam,Yes,13,117,Cash,4,"Chicken leg romba soft ah vekachu irundhuchu, super"
2026-05-28,22:17,Pradeep Devi,+91 7757059640,19,Walk-in,Chicken Leg (2 pc),No,1,130,karur_kalam,No,0,130,Cash,5,"Great value for money, fresh and hot"
2026-05-28,20:29,Selvam R,+91 6217659180,,Phone Call,Chicken Leg (2 pc),No,1,130,karur_kalam,No,0,130,PhonePe,4,"Excellent flavour, family panindhalum enjoy pannanga"
2026-05-28,21:14,Vignesh Raj,+91 6244550229,57,Walk-in,Chicken Leg (2 pc),No,1,130,karur_kalam,Yes,13,117,Card,,"Great value for money, fresh and hot"
2026-05-28,19:56,Sowmya Babu,+91 6814124782,42,Walk-in,Chicken Lollipop (4 pc),No,1,130,karur_kalam,No,0,130,Cash,5,"Wings semma crispy ah irundhuchu, thanks anna"
2026-05-28,20:10,Deepa M,+91 8250556297,,Walk-in,Chicken Leg (2 pc),No,1,130,karur_kalam,No,0,130,Cash,,
2026-05-29,19:13,Priya Kumar,+91 8283644089,26,Phone Call,Chicken Wings (5 pc),No,1,130,karur_kalam,No,0,130,GPay,5,"Great value for money, fresh and hot"
2026-05-29,19:57,,+91 6993308330,21,Phone Call,Chicken Leg (2 pc),No,1,130,karur_kalam,No,0,130,Cash,5,
2026-05-29,19:22,Vidya Prasad,+91 6872840106,44,Walk-in,Chicken Lollipop (4 pc),No,2,260,karur_kalam,No,0,260,Cash,4,
2026-05-29,20:54,John S,+91 6893246095,30,Phone Call,Chicken Lollipop (4 pc),No,1,130,karur_kalam,No,0,130,PhonePe,5,"Great value for money, fresh and hot"
2026-05-29,21:54,Anand Prasad,+91 7799650752,46,Phone Call,Chicken Wings (5 pc),No,1,130,karur_kalam,No,0,130,Cash,4,Very tasty and quick service too
2026-05-29,22:19,Dhanush K,+91 6574733848,,Walk-in,Chicken Lollipop (4 pc),No,1,130,karur_kalam,No,0,130,Paytm,4,
2026-05-29,20:45,Ramesh Prasad,+91 7715518844,25,Phone Call,Chicken Leg (2 pc),No,1,130,karur_kalam,No,0,130,PhonePe,4,"Excellent flavour, family panindhalum enjoy pannanga"
2026-05-29,20:45,Lakshmi,+91 7930103105,19,Phone Call,Chicken Leg (2 pc),No,1,130,karur_kalam,Yes,13,117,PhonePe,3,
2026-05-29,17:39,Gowtham Prasad,+91 8980841241,21,Phone Call,Chicken Wings (5 pc),No,1,130,karur_kalam,No,0,130,,2,"Konjam over cooked ah irundhuchu, disappointed"
2026-05-29,21:00,Kumar R,+91 9471027677,28,Walk-in,Chicken Wings (5 pc),No,1,130,karur_kalam,No,0,130,,3,"Taste romba pramadham illa, sagalama irundhuchu"
2026-05-29,17:38,Anand Raj,+91 7530581355,22,Walk-in,Chicken Wings (5 pc),No,1,130,karur_kalam,No,0,130,Cash,5,"Wings semma crispy ah irundhuchu, thanks anna"
2026-05-29,20:12,Joseph Devi,+91 6666430673,48,Walk-in,Chicken Leg (2 pc),No,1,130,karur_kalam,No,0,130,GPay,2,"Not fresh today, taste changed"
2026-05-29,21:37,,+91 7622444721,25,Walk-in,Chicken Lollipop (4 pc),No,1,130,karur_kalam,No,0,130,GPay,4,
2026-05-29,19:06,Divya Kumar,+91 7752431069,16,Walk-in,Chicken Lollipop (4 pc),No,1,130,karur_kalam,No,0,130,GPay,3,Quantity konjam kammiya irundhuchu but taste okay
2026-05-29,19:35,Prakash R,+91 6234925096,20,Walk-in,Chicken Wings (5 pc),No,1,130,karur_kalam,No,0,130,GPay,4,
2026-05-29,20:26,Kalaivani S,+91 7693132419,21,Walk-in,Chicken Lollipop (4 pc),No,2,260,karur_kalam,Yes,26,234,Cash,2,
2026-05-29,20:07,Arun Kumar,+91 7675869261,46,Phone Call,Chicken Leg (2 pc),No,1,130,karur_kalam,No,0,130,Cash,5,"Ultimate taste anna, naa daily varen"
2026-05-29,18:45,Swathi K,+91 8191088398,24,Phone Call,Chicken Lollipop (4 pc),No,1,130,karur_kalam,Yes,13,117,PhonePe,5,
2026-05-29,19:20,Senthil S,+91 7028439599,58,Walk-in,Chicken Wings (5 pc),No,1,130,karur_kalam,No,0,130,Cash,4,"Freshly grilled and juicy, highly recommend"
2026-05-29,17:19,Dinesh,+91 7419162884,32,Walk-in,Chicken Leg (2 pc),No,1,130,karur_kalam,No,0,130,Cash,4,"Loved the combo, perfect spice level"
2026-05-29,21:58,John R,+91 9480162456,38,Phone Call,Chicken Wings (5 pc),No,1,130,karur_kalam,No,0,130,Cash,3,Quantity konjam kammiya irundhuchu but taste okay
2026-05-29,20:56,Vignesh R,+91 7149190586,57,Phone Call,Chicken Lollipop (4 pc),No,1,130,karur_kalam,No,0,130,Cash,5,"Kalakalappa irundhuchu, next time friends oda varen"
2026-05-29,22:51,Joseph R,+91 9870568566,24,Walk-in,Chicken Wings (5 pc),No,1,130,karur_kalam,No,0,130,Paytm,5,"Amazing bbq stall, must try in this area"
2026-05-29,19:17,Divya K,+91 7185016315,53,Walk-in,Chicken Leg (2 pc),No,1,130,karur_kalam,No,0,130,GPay,4,"Best chicken lollipop I've had, will come again"
2026-05-29,17:33,Nithya Devi,+91 6251778528,55,Phone Call,Chicken Lollipop (4 pc),No,1,130,karur_kalam,Yes,13,117,Cash,3,"Not bad, but waiting time konjam adhigama irundhuchu"
2026-05-29,18:19,Suresh,+91 9873395004,46,Walk-in,Chicken Wings (5 pc),No,1,130,karur_kalam,No,0,130,Cash,4,
2026-05-29,18:18,Sathish Raj,+91 7098050097,47,Phone Call,Chicken Lollipop (4 pc),No,1,130,karur_kalam,Yes,13,117,PhonePe,4,"Vera level taste, oru sight ah irundhuchu"
2026-05-29,22:06,Nithya Babu,+91 9120826773,,Phone Call,Chicken Wings (5 pc),No,1,130,karur_kalam,No,0,130,GPay,3,"Okay okay taste, but konjam salt adhigama irundhuchu"
2026-05-29,20:13,Rajesh Babu,+91 8183842936,28,Walk-in,Chicken Lollipop (4 pc),No,2,260,karur_kalam,No,0,260,Card,4,"Wings semma crispy ah irundhuchu, thanks anna"
2026-05-29,21:17,Dhanush R,+91 6567985864,58,Walk-in,Chicken Wings (5 pc),No,2,260,karur_kalam,No,0,260,Cash,4,
2026-05-29,20:59,Saravanan Devi,+91 9331393373,40,Walk-in,Chicken Lollipop (4 pc),No,1,130,karur_kalam,Yes,13,117,GPay,5,
2026-05-29,21:06,Kumar M,+91 7622444721,25,Phone Call,Chicken Leg (2 pc),No,1,130,karur_kalam,Yes,13,117,GPay,5,"Loved the combo, perfect spice level"
2026-05-29,19:37,Priya Raj,+91 6193802620,40,Walk-in,Chicken Leg (2 pc),No,1,130,karur_kalam,No,0,130,PhonePe,,"Chicken leg romba soft ah vekachu irundhuchu, super"
2026-05-29,18:14,Gowtham Devi,+91 7163157761,37,Walk-in,Chicken Lollipop (4 pc),No,1,130,karur_kalam,No,0,130,,5,Very tasty and quick service too
2026-05-29,20:03,Divya M,+91 8529672434,56,Walk-in,Chicken Leg (2 pc),No,2,260,karur_kalam,No,0,260,Cash,5,"Super spicy and juicy, best bbq in area"
2026-05-29,20:57,Divya Devi,+91 6463643044,,Walk-in,Chicken Lollipop (4 pc),No,1,130,karur_kalam,No,0,130,GPay,5,"Ultimate taste anna, naa daily varen"
2026-05-29,20:01,Ayesha Babu,+91 9947055169,34,Walk-in,Chicken Wings (5 pc),No,1,130,karur_kalam,Yes,13,117,Card,5,"Amazing bbq stall, must try in this area"
2026-05-29,18:14,John Devi,+91 7229270653,43,Phone Call,Chicken Leg (2 pc),No,2,260,karur_kalam,No,0,260,Card,5,
2026-05-29,19:44,Saravanan R,+91 7673657661,35,Phone Call,Chicken Leg (2 pc),No,1,130,karur_kalam,No,0,130,PhonePe,,"Great value for money, fresh and hot"
2026-05-29,18:48,Kumar R,+91 8569092755,43,Phone Call,Chicken Leg (2 pc),No,1,130,karur_kalam,No,0,130,PhonePe,4,
2026-05-29,19:59,,+91 7622444721,25,Phone Call,Chicken Leg (2 pc),No,1,130,karur_kalam,No,0,130,GPay,,
2026-05-29,20:58,Vignesh Prasad,+91 8686398405,35,Walk-in,Chicken Leg (2 pc),No,2,260,karur_kalam,No,0,260,GPay,3,"Not bad, but waiting time konjam adhigama irundhuchu"
2026-05-30,19:17,Ayesha Raj,+91 9474367136,51,Phone Call,Chicken Lollipop (4 pc),No,1,130,karur_kalam,No,0,130,Cash,4,
2026-05-30,20:47,Elango Devi,+91 9837770143,40,Walk-in,Chicken Lollipop (4 pc),No,1,130,karur_kalam,No,0,130,Cash,5,"Semma taste bro, chicken romba soft ah irundhuchu"
2026-05-30,19:28,Suresh K,+91 6531003309,24,Phone Call,Chicken Lollipop (4 pc),No,1,130,karur_kalam,No,0,130,GPay,3,
2026-05-30,19:21,Iniya K,+91 9291486528,20,Phone Call,Chicken Leg (2 pc),No,2,260,karur_kalam,No,0,260,GPay,3,
2026-05-30,18:56,Kavya Kumar,+91 6515220472,60,Phone Call,Chicken Lollipop (4 pc),No,1,130,karur_kalam,No,0,130,Paytm,5,"Best chicken lollipop I've had, will come again"
2026-05-30,21:00,Gopal R,+91 7655110475,32,Phone Call,Chicken Wings (5 pc),No,1,130,karur_kalam,No,0,130,GPay,5,"Super spicy and juicy, best bbq in area"
2026-05-30,18:19,Divya Kumar,+91 9057662702,47,Walk-in,Chicken Wings (5 pc),No,2,260,karur_kalam,No,0,260,GPay,5,"Amazing bbq stall, must try in this area"
2026-05-30,22:09,Prakash R,+91 7691669784,50,Phone Call,Chicken Wings (5 pc),No,1,130,karur_kalam,No,0,130,GPay,4,"Wings semma crispy ah irundhuchu, thanks anna"
2026-05-30,19:55,Karthik S,+91 9131712748,60,Walk-in,Chicken Wings (5 pc),No,1,130,karur_kalam,No,0,130,Cash,3,
2026-05-30,21:22,,+91 7265599933,21,Walk-in,Chicken Leg (2 pc),No,1,130,karur_kalam,No,0,130,Cash,,"Ultimate taste anna, naa daily varen"
2026-05-30,19:21,,+91 7145623285,48,Phone Call,Chicken Lollipop (4 pc),No,1,130,karur_kalam,Yes,13,117,Cash,,
2026-05-30,21:18,Dinesh M,+91 7614293968,36,Phone Call,Chicken Wings (5 pc),No,1,130,karur_kalam,No,0,130,GPay,,"Vera level taste, oru sight ah irundhuchu"
2026-05-30,17:01,Deepa,+91 8954128094,54,Walk-in,Chicken Leg (2 pc),No,1,130,karur_kalam,No,0,130,Cash,4,Very tasty and quick service too
2026-05-30,20:22,Anand Devi,+91 9737826398,23,Walk-in,Chicken Leg (2 pc),No,2,260,karur_kalam,No,0,260,GPay,5,Very tasty and quick service too
2026-05-30,21:22,Senthil,+91 7141888059,23,Walk-in,Chicken Wings (5 pc),No,1,130,karur_kalam,Yes,13,117,GPay,4,"Super spicy and juicy, best bbq in area"
2026-05-30,18:45,Divya Kumar,+91 7752431069,16,Walk-in,Chicken Lollipop (4 pc),No,1,130,karur_kalam,No,0,130,GPay,4,
2026-05-30,21:58,Farhan Devi,+91 8138928887,,Walk-in,Chicken Lollipop (4 pc),No,1,130,karur_kalam,No,0,130,Paytm,4,"Ultimate taste anna, naa daily varen"
2026-05-30,21:24,Ravi Devi,+91 8375564641,45,Walk-in,Chicken Leg (2 pc),No,1,130,karur_kalam,No,0,130,GPay,5,
2026-05-30,20:46,Vijay M,+91 6659401399,16,Phone Call,Chicken Lollipop (4 pc),No,1,130,karur_kalam,No,0,130,GPay,4,
2026-05-30,17:51,Prakash,+91 7508368606,45,Walk-in,Chicken Lollipop (4 pc),No,1,130,karur_kalam,No,0,130,Cash,4,"Vera level taste, oru sight ah irundhuchu"
2026-05-30,18:18,Iniya Babu,+91 6643171390,18,Phone Call,Chicken Leg (2 pc),No,1,130,karur_kalam,No,0,130,PhonePe,5,
2026-05-30,20:21,Kumar R,+91 8569092755,43,Walk-in,Chicken Wings (5 pc),No,1,130,karur_kalam,No,0,130,Cash,4,
2026-05-30,22:33,Abdul Kareem,+91 7992299590,16,Walk-in,Chicken Lollipop (4 pc),No,1,130,karur_kalam,No,0,130,Paytm,,"Average, expected more spice"
2026-05-30,22:16,Kavya,+91 6386741714,34,Walk-in,Chicken Leg (2 pc),No,1,130,karur_kalam,No,0,130,Cash,5,"Semma taste bro, chicken romba soft ah irundhuchu"
2026-05-30,19:33,Gowtham Raj,+91 8388933044,51,Walk-in,Chicken Leg (2 pc),No,1,130,karur_kalam,No,0,130,GPay,3,
2026-05-30,17:36,Gopal Babu,+91 7293183933,36,Walk-in,Chicken Lollipop (4 pc),No,2,260,karur_kalam,Yes,26,234,GPay,4,"Kalakalappa irundhuchu, next time friends oda varen"
2026-05-30,19:38,Prakash Devi,+91 7689702838,35,Phone Call,Chicken Lollipop (4 pc),No,1,130,karur_kalam,No,0,130,PhonePe,5,"Super spicy and juicy, best bbq in area"
2026-05-30,18:17,Joseph M,+91 8931034131,,Phone Call,Chicken Leg (2 pc),No,2,260,karur_kalam,No,0,260,GPay,4,"Chicken leg romba soft ah vekachu irundhuchu, super"
2026-05-30,22:50,Swathi,+91 6812191361,51,Phone Call,Chicken Lollipop (4 pc),No,1,130,karur_kalam,No,0,130,GPay,,"Excellent flavour, family panindhalum enjoy pannanga"
2026-05-30,20:00,Swathi,+91 8818548050,18,Walk-in,Chicken Lollipop (4 pc),No,1,130,karur_kalam,No,0,130,Paytm,4,"Excellent flavour, family panindhalum enjoy pannanga"
2026-05-31,19:59,Kumar S,+91 8467854458,,Walk-in,Chicken Leg (2 pc),No,2,260,karur_kalam,Yes,26,234,Cash,,"Excellent flavour, family panindhalum enjoy pannanga"
2026-05-31,21:27,Ravi Raj,+91 9802340702,41,Phone Call,Chicken Wings (5 pc),No,1,130,karur_kalam,No,0,130,Paytm,5,"Loved the combo, perfect spice level"
2026-05-31,21:44,Ayesha,+91 7680182422,35,Phone Call,Chicken Wings (5 pc),No,1,130,karur_kalam,No,0,130,GPay,2,
2026-05-31,19:34,Iniya S,+91 9287431527,56,Phone Call,Chicken Wings (5 pc),No,1,130,karur_kalam,No,0,130,GPay,,"Vera level taste, oru sight ah irundhuchu"
2026-05-31,21:01,Gopal Raj,+91 8961586578,17,Phone Call,Chicken Wings (5 pc),No,1,130,karur_kalam,No,0,130,PhonePe,4,"Semma taste bro, chicken romba soft ah irundhuchu"
2026-05-31,22:35,Sowmya Prasad,+91 6104328986,22,Phone Call,Chicken Leg (2 pc),No,1,130,karur_kalam,No,0,130,GPay,4,"Freshly grilled and juicy, highly recommend"
2026-05-31,20:52,Rajesh,+91 6818835523,21,Walk-in,Chicken Leg (2 pc),No,1,130,karur_kalam,Yes,13,117,PhonePe,2,
2026-05-31,19:53,Swathi,+91 6812191361,51,Walk-in,Chicken Lollipop (4 pc),No,1,130,karur_kalam,No,0,130,GPay,5,"Chicken leg romba soft ah vekachu irundhuchu, super"
2026-05-31,19:43,John R,+91 8568210690,49,Walk-in,Chicken Leg (2 pc),No,1,130,karur_kalam,No,0,130,GPay,5,"Semma taste bro, chicken romba soft ah irundhuchu"
2026-05-31,19:59,Divya Prasad,+91 8383779295,45,Walk-in,Chicken Wings (5 pc),No,1,130,karur_kalam,No,0,130,Paytm,5,"Loved the combo, perfect spice level"
2026-05-31,19:07,Vidya,+91 6246141225,50,Walk-in,Chicken Lollipop (4 pc),No,1,130,karur_kalam,Yes,13,117,PhonePe,5,"Excellent flavour, family panindhalum enjoy pannanga"
2026-05-31,18:22,Bala K,+91 9841856788,40,Walk-in,Chicken Wings (5 pc),No,1,130,karur_kalam,No,0,130,Cash,3,"Okay okay taste, but konjam salt adhigama irundhuchu"
2026-05-31,21:55,Saravanan Raj,+91 9840369003,34,Walk-in,Chicken Leg (2 pc),No,1,130,karur_kalam,No,0,130,GPay,,
2026-05-31,20:59,Ramesh Raj,+91 9584044997,24,Phone Call,Chicken Wings (5 pc),No,1,130,karur_kalam,No,0,130,GPay,,"Semma taste bro, chicken romba soft ah irundhuchu"
2026-05-31,20:16,Joseph Kumar,+91 8714345581,23,Phone Call,Chicken Leg (2 pc),No,2,260,karur_kalam,No,0,260,GPay,5,"Loved the combo, perfect spice level"
2026-05-31,19:05,Sowmya Babu,+91 6814124782,42,Phone Call,Chicken Leg (2 pc),No,2,260,karur_kalam,No,0,260,GPay,3,
2026-05-31,19:10,Divya Kumar,+91 7752431069,16,Walk-in,Chicken Lollipop (4 pc),No,1,130,karur_kalam,No,0,130,GPay,5,
2026-05-31,19:24,Selvam M,+91 6334123281,25,Walk-in,Chicken Wings (5 pc),No,1,130,karur_kalam,No,0,130,GPay,5,"Super spicy and juicy, best bbq in area"
2026-05-31,18:47,Naveen Devi,+91 7873342708,41,Walk-in,Chicken Lollipop (4 pc),No,2,260,karur_kalam,No,0,260,Cash,,"Ultimate taste anna, naa daily varen"
2026-05-31,20:16,Mary Devi,+91 8053773515,49,Phone Call,Chicken Leg (2 pc),No,2,260,karur_kalam,No,0,260,PhonePe,4,"Loved the combo, perfect spice level"
2026-05-31,19:05,Elango Devi,+91 9837770143,40,Phone Call,Chicken Lollipop (4 pc),No,1,130,karur_kalam,Yes,13,117,GPay,5,
2026-05-31,19:36,Iniya Devi,+91 9747731334,60,Walk-in,Chicken Leg (2 pc),No,1,130,karur_kalam,No,0,130,Cash,,
2026-05-31,20:20,Nithya S,+91 7634351751,49,Phone Call,Chicken Leg (2 pc),No,1,130,karur_kalam,No,0,130,Cash,5,
2026-05-31,20:47,Prakash R,+91 7691669784,50,Walk-in,Chicken Lollipop (4 pc),No,1,130,karur_kalam,No,0,130,Paytm,5,"Freshly grilled and juicy, highly recommend"
2026-05-31,20:32,Elango,+91 7565515192,46,Walk-in,Chicken Leg (2 pc),No,2,260,karur_kalam,No,0,260,Cash,,"Vera level taste, oru sight ah irundhuchu"
2026-05-31,21:32,Rajesh Raj,+91 7410369711,46,Phone Call,Chicken Leg (2 pc),No,1,130,karur_kalam,Yes,13,117,Cash,3,Quantity konjam kammiya irundhuchu but taste okay
2026-05-31,18:17,,+91 9851604817,38,Walk-in,Chicken Lollipop (4 pc),No,1,130,karur_kalam,Yes,13,117,GPay,5,"Vera level taste, oru sight ah irundhuchu"
2026-05-31,19:27,Manoj,+91 9567661825,,Walk-in,Chicken Wings (5 pc),No,1,130,karur_kalam,No,0,130,Cash,4,
2026-05-31,20:12,Farhan,+91 7822050258,18,Walk-in,Chicken Wings (5 pc),No,1,130,karur_kalam,No,0,130,PhonePe,4,
2026-05-31,19:33,Rajesh M,+91 9504773586,42,Phone Call,Chicken Wings (5 pc),No,1,130,karur_kalam,No,0,130,Paytm,4,"Super spicy and juicy, best bbq in area"
2026-05-31,18:09,Vignesh Devi,+91 9632016328,44,Phone Call,Chicken Leg (2 pc),No,1,130,karur_kalam,No,0,130,PhonePe,4,
2026-05-31,18:14,Dinesh Babu,+91 8549480831,30,Phone Call,Chicken Lollipop (4 pc),No,1,130,karur_kalam,No,0,130,PhonePe,4,
2026-05-31,21:15,,+91 9703105371,48,Walk-in,Chicken Leg (2 pc),No,1,130,karur_kalam,Yes,13,117,Cash,,"Nalla crispy ah irundhuchu, quantity um super"
2026-05-31,20:05,Dinesh M,+91 7614293968,36,Walk-in,Chicken Lollipop (4 pc),No,1,130,karur_kalam,No,0,130,Cash,4,"Best chicken lollipop I've had, will come again"
2026-05-31,20:12,Joseph Prasad,+91 8217878300,37,Walk-in,Chicken Leg (2 pc),No,1,130,karur_kalam,No,0,130,Cash,,Very tasty and quick service too
2026-05-31,21:34,Rajesh S,+91 6063007218,25,Walk-in,Chicken Leg (2 pc),No,1,130,karur_kalam,No,0,130,Cash,5,"Best chicken lollipop I've had, will come again"
2026-05-31,19:18,Suresh,+91 8294019655,42,Walk-in,Chicken Lollipop (4 pc),No,1,130,karur_kalam,No,0,130,Cash,4,Very tasty and quick service too
2026-05-31,22:47,Manoj,+91 9567661825,22,Phone Call,Chicken Leg (2 pc),No,1,130,karur_kalam,No,0,130,GPay,5,"Kalakalappa irundhuchu, next time friends oda varen"
2026-05-31,19:27,Lakshmi,+91 7930103105,19,Walk-in,Chicken Leg (2 pc),No,1,130,karur_kalam,No,0,130,PhonePe,,
2026-05-31,21:27,Suresh R,+91 7654145868,36,Phone Call,Chicken Lollipop (4 pc),No,1,130,karur_kalam,No,0,130,PhonePe,4,"Semma taste bro, chicken romba soft ah irundhuchu"
2026-05-31,21:01,Anitha S,+91 6995604661,50,Walk-in,Chicken Wings (5 pc),No,1,130,karur_kalam,No,0,130,Cash,4,
2026-05-31,22:45,Fathima K,+91 8419866524,17,Phone Call,Chicken Wings (5 pc),No,2,260,karur_kalam,Yes,26,234,PhonePe,,
2026-05-31,20:42,,+91 7172788957,,Walk-in,Chicken Wings (5 pc),No,1,130,karur_kalam,No,0,130,Paytm,4,
2026-05-31,21:02,Swathi,+91 9239612422,56,Walk-in,Chicken Lollipop (4 pc),No,1,130,karur_kalam,No,0,130,Cash,,"Wings semma crispy ah irundhuchu, thanks anna"
2026-05-31,19:22,Gopal Raj,+91 8961586578,17,Walk-in,Chicken Lollipop (4 pc),No,1,130,karur_kalam,No,0,130,Cash,5,"Chicken leg romba soft ah vekachu irundhuchu, super"
